regione,provincia,istat,comune,zona_sismica,zona_vento,zona_neve
Abruzzo,Chieti,13069001,Altino,1,3,II
Abruzzo,Chieti,13069002,Archi,2,3,II
Abruzzo,Chieti,13069003,Ari,2,3,II
Abruzzo,Chieti,13069004,Arielli,2,3,II
Abruzzo,Chieti,13069005,Atessa,3,3,II
Abruzzo,Chieti,13069006,Bomba,2,3,II
Abruzzo,Chieti,13069007,Borrello,1,3,II
Abruzzo,Chieti,13069008,Bucchianico,2,3,II
Abruzzo,Chieti,13069010,Canosa Sannita,2,3,II
Abruzzo,Chieti,13069011,Carpineto Sinello,3,3,II
Abruzzo,Chieti,13069012,Carunchio,2,3,II
Abruzzo,Chieti,13069013,Casacanditella,1,3,II
Abruzzo,Chieti,13069014,Casalanguida,3,3,II
Abruzzo,Chieti,13069015,Casalbordino,3,3,II
Abruzzo,Chieti,13069016,Casalincontrada,2,3,II
Abruzzo,Chieti,13069017,Casoli,1,3,II
Abruzzo,Chieti,13069018,Castel Frentano,2,3,II
Abruzzo,Chieti,13069019,Castelguidone,2,3,II
Abruzzo,Chieti,13069020,Castiglione Messer Marino,2,3,II
Abruzzo,Chieti,13069021,Celenza sul Trigno,2,3,II
Abruzzo,Chieti,13069022,Chieti,2,3,II
Abruzzo,Chieti,13069023,Civitaluparella,2,3,II
Abruzzo,Chieti,13069024,Civitella Messer Raimondo,1,3,II
Abruzzo,Chieti,13069025,Colledimacine,2,3,II
Abruzzo,Chieti,13069026,Colledimezzo,2,3,II
Abruzzo,Chieti,13069027,Crecchio,2,3,II
Abruzzo,Chieti,13069028,Cupello,3,3,II
Abruzzo,Chieti,13069029,Dogliola,3,3,II
Abruzzo,Chieti,13069104,Fallo,2,3,II
Abruzzo,Chieti,13069030,Fara Filiorum Petri,2,3,II
Abruzzo,Chieti,13069031,Fara San Martino,1,3,II
Abruzzo,Chieti,13069032,Filetto,2,3,II
Abruzzo,Chieti,13069033,Fossacesia,3,3,II
Abruzzo,Chieti,13069034,Fraine,2,3,II
Abruzzo,Chieti,13069035,Francavilla al Mare,3,3,II
Abruzzo,Chieti,13069036,Fresagrandinaria,3,3,II
Abruzzo,Chieti,13069037,Frisa,3,3,II
Abruzzo,Chieti,13069038,Furci,3,3,II
Abruzzo,Chieti,13069039,Gamberale,1,3,II
Abruzzo,Chieti,13069040,Gessopalena,1,3,II
Abruzzo,Chieti,13069041,Gissi,3,3,II
Abruzzo,Chieti,13069042,Giuliano Teatino,2,3,II
Abruzzo,Chieti,13069043,Guardiagrele,1,3,II
Abruzzo,Chieti,13069044,Guilmi,2,3,II
Abruzzo,Chieti,13069045,Lama dei Peligni,1,3,II
Abruzzo,Chieti,13069046,Lanciano,3,3,II
Abruzzo,Chieti,13069047,Lentella,3,3,II
Abruzzo,Chieti,13069048,Lettopalena,1,3,II
Abruzzo,Chieti,13069049,Liscia,2,3,II
Abruzzo,Chieti,13069050,Miglianico,3,3,II
Abruzzo,Chieti,13069051,Montazzoli,2,3,II
Abruzzo,Chieti,13069009,Montebello sul Sangro,2,3,II
Abruzzo,Chieti,13069052,Monteferrante,2,3,II
Abruzzo,Chieti,13069053,Montelapiano,2,3,II
Abruzzo,Chieti,13069054,Montenerodomo,2,3,II
Abruzzo,Chieti,13069055,Monteodorisio,3,3,II
Abruzzo,Chieti,13069056,Mozzagrogna,3,3,II
Abruzzo,Chieti,13069057,Orsogna,2,3,II
Abruzzo,Chieti,13069058,Ortona,3,3,II
Abruzzo,Chieti,13069059,Paglieta,3,3,II
Abruzzo,Chieti,13069060,Palena,1,3,II
Abruzzo,Chieti,13069061,Palmoli,2,3,II
Abruzzo,Chieti,13069062,Palombaro,1,3,II
Abruzzo,Chieti,13069063,Pennadomo,1,3,II
Abruzzo,Chieti,13069064,Pennapiedimonte,1,3,II
Abruzzo,Chieti,13069065,Perano,2,3,II
Abruzzo,Chieti,13069103,Pietraferrazzana,2,3,II
Abruzzo,Chieti,13069066,Pizzoferrato,1,3,II
Abruzzo,Chieti,13069067,Poggiofiorito,2,3,II
Abruzzo,Chieti,13069068,Pollutri,3,3,II
Abruzzo,Chieti,13069069,Pretoro,2,3,II
Abruzzo,Chieti,13069070,Quadri,2,3,II
Abruzzo,Chieti,13069071,Rapino,1,3,II
Abruzzo,Chieti,13069072,Ripa Teatina,3,3,II
Abruzzo,Chieti,13069074,Rocca San Giovanni,3,3,II
Abruzzo,Chieti,13069073,Roccamontepiano,1,3,II
Abruzzo,Chieti,13069075,Roccascalegna,1,3,II
Abruzzo,Chieti,13069076,Roccaspinalveti,2,3,II
Abruzzo,Chieti,13069077,Roio del Sangro,2,3,II
Abruzzo,Chieti,13069078,Rosello,2,3,II
Abruzzo,Chieti,13069079,San Buono,2,3,II
Abruzzo,Chieti,13069080,San Giovanni Lipioni,2,3,II
Abruzzo,Chieti,13069081,San Giovanni Teatino,3,3,II
Abruzzo,Chieti,13069082,San Martino sulla Marrucina,1,3,II
Abruzzo,Chieti,13069083,San Salvo,3,3,II
Abruzzo,Chieti,13069086,San Vito Chietino,3,3,II
Abruzzo,Chieti,13069084,Santa Maria Imbaro,3,3,II
Abruzzo,Chieti,13069085,Sant'Eusanio del Sangro,2,3,II
Abruzzo,Chieti,13069087,Scerni,3,3,II
Abruzzo,Chieti,13069088,Schiavi di Abruzzo,2,3,II
Abruzzo,Chieti,13069089,Taranta Peligna,1,3,II
Abruzzo,Chieti,13069090,Tollo,3,3,II
Abruzzo,Chieti,13069091,Torino di Sangro,3,3,II
Abruzzo,Chieti,13069092,Tornareccio,2,3,II
Abruzzo,Chieti,13069093,Torrebruna,2,3,II
Abruzzo,Chieti,13069094,Torrevecchia Teatina,3,3,II
Abruzzo,Chieti,13069095,Torricella Peligna,1,3,II
Abruzzo,Chieti,13069096,Treglio,3,3,II
Abruzzo,Chieti,13069097,Tufillo,3,3,II
Abruzzo,Chieti,13069098,Vacri,2,3,II
Abruzzo,Chieti,13069099,Vasto,3,3,II
Abruzzo,Chieti,13069102,Villa Santa Maria,2,3,II
Abruzzo,Chieti,13069100,Villalfonsina,3,3,II
Abruzzo,Chieti,13069101,Villamagna,2,3,II
Abruzzo,L'Aquila,13066001,Acciano,2,3,II
Abruzzo,L'Aquila,13066002,Aielli,1,3,II
Abruzzo,L'Aquila,13066003,Alfedena,2,3,II
Abruzzo,L'Aquila,13066004,Anversa degli Abruzzi,1,3,II
Abruzzo,L'Aquila,13066005,Ateleta,1,3,II
Abruzzo,L'Aquila,13066006,Avezzano,1,3,II
Abruzzo,L'Aquila,13066007,Balsorano,1,3,II
Abruzzo,L'Aquila,13066008,Barete,1,3,II
Abruzzo,L'Aquila,13066009,Barisciano,2,3,II
Abruzzo,L'Aquila,13066010,Barrea,2,3,II
Abruzzo,L'Aquila,13066011,Bisegna,1,3,II
Abruzzo,L'Aquila,13066012,Bugnara,1,3,II
Abruzzo,L'Aquila,13066013,Cagnano Amiterno,1,3,II
Abruzzo,L'Aquila,13066014,Calascio,2,3,II
Abruzzo,L'Aquila,13066015,Campo di Giove,1,3,II
Abruzzo,L'Aquila,13066016,Campotosto,2,3,II
Abruzzo,L'Aquila,13066017,Canistro,1,3,II
Abruzzo,L'Aquila,13066018,Cansano,1,3,II
Abruzzo,L'Aquila,13066019,Capestrano,2,3,II
Abruzzo,L'Aquila,13066020,Capistrello,1,3,II
Abruzzo,L'Aquila,13066021,Capitignano,1,3,II
Abruzzo,L'Aquila,13066022,Caporciano,2,3,II
Abruzzo,L'Aquila,13066023,Cappadocia,2,3,II
Abruzzo,L'Aquila,13066024,Carapelle Calvisio,2,3,II
Abruzzo,L'Aquila,13066025,Carsoli,2,3,II
Abruzzo,L'Aquila,13066026,Castel del Monte,2,3,II
Abruzzo,L'Aquila,13066027,Castel di Ieri,1,3,II
Abruzzo,L'Aquila,13066028,Castel di Sangro,1,3,II
Abruzzo,L'Aquila,13066029,Castellafiume,1,3,II
Abruzzo,L'Aquila,13066030,Castelvecchio Calvisio,2,3,II
Abruzzo,L'Aquila,13066031,Castelvecchio Subequo,1,3,II
Abruzzo,L'Aquila,13066032,Celano,1,3,II
Abruzzo,L'Aquila,13066033,Cerchio,1,3,II
Abruzzo,L'Aquila,13066034,Civita d'Antino,1,3,II
Abruzzo,L'Aquila,13066035,Civitella Alfedena,2,3,II
Abruzzo,L'Aquila,13066036,Civitella Roveto,1,3,II
Abruzzo,L'Aquila,13066037,Cocullo,1,3,II
Abruzzo,L'Aquila,13066038,Collarmele,1,3,II
Abruzzo,L'Aquila,13066039,Collelongo,1,3,II
Abruzzo,L'Aquila,13066040,Collepietro,2,3,II
Abruzzo,L'Aquila,13066041,Corfinio,1,3,II
Abruzzo,L'Aquila,13066042,Fagnano Alto,2,3,II
Abruzzo,L'Aquila,13066043,Fontecchio,2,3,II
Abruzzo,L'Aquila,13066044,Fossa,2,3,II
Abruzzo,L'Aquila,13066045,Gagliano Aterno,2,3,II
Abruzzo,L'Aquila,13066046,Gioia dei Marsi,1,3,II
Abruzzo,L'Aquila,13066047,Goriano Sicoli,1,3,II
Abruzzo,L'Aquila,13066048,Introdacqua,1,3,II
Abruzzo,L'Aquila,13066049,L'Aquila,2,3,II
Abruzzo,L'Aquila,13066050,Lecce nei Marsi,1,3,II
Abruzzo,L'Aquila,13066051,Luco dei Marsi,1,3,II
Abruzzo,L'Aquila,13066052,Lucoli,2,3,II
Abruzzo,L'Aquila,13066053,Magliano de' Marsi,1,3,II
Abruzzo,L'Aquila,13066054,Massa d'Albe,1,3,II
Abruzzo,L'Aquila,13066055,Molina Aterno,2,3,II
Abruzzo,L'Aquila,13066056,Montereale,1,3,II
Abruzzo,L'Aquila,13066057,Morino,1,3,II
Abruzzo,L'Aquila,13066058,Navelli,2,3,II
Abruzzo,L'Aquila,13066059,Ocre,2,3,II
Abruzzo,L'Aquila,13066060,Ofena,2,3,II
Abruzzo,L'Aquila,13066061,Opi,2,3,II
Abruzzo,L'Aquila,13066062,Oricola,2,3,II
Abruzzo,L'Aquila,13066063,Ortona dei Marsi,1,3,II
Abruzzo,L'Aquila,13066064,Ortucchio,1,3,II
Abruzzo,L'Aquila,13066065,Ovindoli,1,3,II
Abruzzo,L'Aquila,13066066,Pacentro,1,3,II
Abruzzo,L'Aquila,13066067,Pereto,2,3,II
Abruzzo,L'Aquila,13066068,Pescasseroli,1,3,II
Abruzzo,L'Aquila,13066069,Pescina,1,3,II
Abruzzo,L'Aquila,13066070,Pescocostanzo,2,3,II
Abruzzo,L'Aquila,13066071,Pettorano sul Gizio,1,3,II
Abruzzo,L'Aquila,13066072,Pizzoli,1,3,II
Abruzzo,L'Aquila,13066073,Poggio Picenze,2,3,II
Abruzzo,L'Aquila,13066074,Prata d'Ansidonia,2,3,II
Abruzzo,L'Aquila,13066075,Pratola Peligna,1,3,II
Abruzzo,L'Aquila,13066076,Prezza,2,3,II
Abruzzo,L'Aquila,13066077,Raiano,1,3,II
Abruzzo,L'Aquila,13066078,Rivisondoli,1,3,II
Abruzzo,L'Aquila,13066080,Rocca di Botte,2,3,II
Abruzzo,L'Aquila,13066081,Rocca di Cambio,2,3,II
Abruzzo,L'Aquila,13066082,Rocca di Mezzo,2,3,II
Abruzzo,L'Aquila,13066083,Rocca Pia,2,3,II
Abruzzo,L'Aquila,13066079,Roccacasale,2,3,II
Abruzzo,L'Aquila,13066084,Roccaraso,2,3,II
Abruzzo,L'Aquila,13066085,San Benedetto dei Marsi,1,3,II
Abruzzo,L'Aquila,13066086,San Benedetto in Perillis,2,3,II
Abruzzo,L'Aquila,13066087,San Demetrio ne' Vestini,2,3,II
Abruzzo,L'Aquila,13066088,San Pio delle Camere,2,3,II
Abruzzo,L'Aquila,13066092,San Vincenzo Valle Roveto,1,3,II
Abruzzo,L'Aquila,13066089,Sante Marie,1,3,II
Abruzzo,L'Aquila,13066090,Sant'Eusanio Forconese,2,3,II
Abruzzo,L'Aquila,13066091,Santo Stefano di Sessanio,2,3,II
Abruzzo,L'Aquila,13066093,Scanno,2,3,II
Abruzzo,L'Aquila,13066094,Scontrone,2,3,II
Abruzzo,L'Aquila,13066095,Scoppito,2,3,II
Abruzzo,L'Aquila,13066096,Scurcola Marsicana,1,3,II
Abruzzo,L'Aquila,13066097,Secinaro,2,3,II
Abruzzo,L'Aquila,13066098,Sulmona,1,3,II
Abruzzo,L'Aquila,13066099,Tagliacozzo,2,3,II
Abruzzo,L'Aquila,13066100,Tione degli Abruzzi,2,3,II
Abruzzo,L'Aquila,13066101,Tornimparte,1,3,II
Abruzzo,L'Aquila,13066102,Trasacco,1,3,II
Abruzzo,L'Aquila,13066104,Villa Santa Lucia degli Abruzzi,2,3,II
Abruzzo,L'Aquila,13066105,Villa Sant'Angelo,2,3,II
Abruzzo,L'Aquila,13066103,Villalago,2,3,II
Abruzzo,L'Aquila,13066106,Villavallelonga,1,3,II
Abruzzo,L'Aquila,13066107,Villetta Barrea,2,3,II
Abruzzo,L'Aquila,13066108,Vittorito,1,3,II
Abruzzo,Pescara,13068001,Abbateggio,1,3,II
Abruzzo,Pescara,13068002,Alanno,2,3,II
Abruzzo,Pescara,13068003,Bolognano,1,3,II
Abruzzo,Pescara,13068004,Brittoli,2,3,II
Abruzzo,Pescara,13068005,Bussi sul Tirino,2,3,II
Abruzzo,Pescara,13068006,Cappelle sul Tavo,3,3,II
Abruzzo,Pescara,13068007,Caramanico Terme,1,3,II
Abruzzo,Pescara,13068008,Carpineto della Nora,2,3,II
Abruzzo,Pescara,13068009,Castiglione a Casauria,1,3,II
Abruzzo,Pescara,13068010,Catignano,2,3,II
Abruzzo,Pescara,13068011,Cepagatti,2,3,II
Abruzzo,Pescara,13068012,Città Sant'Angelo,3,3,II
Abruzzo,Pescara,13068013,Civitaquana,2,3,II
Abruzzo,Pescara,13068014,Civitella Casanova,2,3,II
Abruzzo,Pescara,13068015,Collecorvino,3,3,II
Abruzzo,Pescara,13068016,Corvara,2,3,II
Abruzzo,Pescara,13068017,Cugnoli,2,3,II
Abruzzo,Pescara,13068018,Elice,2,3,II
Abruzzo,Pescara,13068019,Farindola,2,3,II
Abruzzo,Pescara,13068020,Lettomanoppello,1,3,II
Abruzzo,Pescara,13068021,Loreto Aprutino,2,3,II
Abruzzo,Pescara,13068022,Manoppello,1,3,II
Abruzzo,Pescara,13068023,Montebello di Bertona,2,3,II
Abruzzo,Pescara,13068024,Montesilvano,3,3,II
Abruzzo,Pescara,13068025,Moscufo,3,3,II
Abruzzo,Pescara,13068026,Nocciano,2,3,II
Abruzzo,Pescara,13068027,Penne,2,3,II
Abruzzo,Pescara,13068028,Pescara,3,3,II
Abruzzo,Pescara,13068029,Pescosansonesco,1,3,II
Abruzzo,Pescara,13068030,Pianella,2,3,II
Abruzzo,Pescara,13068031,Picciano,2,3,II
Abruzzo,Pescara,13068032,Pietranico,2,3,II
Abruzzo,Pescara,13068033,Popoli,2,3,II
Abruzzo,Pescara,13068034,Roccamorice,1,3,II
Abruzzo,Pescara,13068035,Rosciano,2,3,II
Abruzzo,Pescara,13068036,Salle,1,3,II
Abruzzo,Pescara,13068038,San Valentino in Abruzzo Citeriore,1,3,II
Abruzzo,Pescara,13068037,Sant'Eufemia a Maiella,1,3,II
Abruzzo,Pescara,13068039,Scafa,2,3,II
Abruzzo,Pescara,13068040,Serramonacesca,1,3,II
Abruzzo,Pescara,13068041,Spoltore,3,3,II
Abruzzo,Pescara,13068042,Tocco da Casauria,1,3,II
Abruzzo,Pescara,13068043,Torre de' Passeri,1,3,II
Abruzzo,Pescara,13068044,Turrivalignani,2,3,II
Abruzzo,Pescara,13068045,Vicoli,2,3,II
Abruzzo,Pescara,13068046,Villa Celiera,2,3,II
Abruzzo,Teramo,13067001,Alba Adriatica,3,3,II
Abruzzo,Teramo,13067002,Ancarano,2,3,II
Abruzzo,Teramo,13067003,Arsita,2,3,II
Abruzzo,Teramo,13067004,Atri,3,3,II
Abruzzo,Teramo,13067005,Basciano,2,3,II
Abruzzo,Teramo,13067006,Bellante,3,3,II
Abruzzo,Teramo,13067007,Bisenti,2,3,II
Abruzzo,Teramo,13067008,Campli,2,3,II
Abruzzo,Teramo,13067009,Canzano,2,3,II
Abruzzo,Teramo,13067010,Castel Castagna,2,3,II
Abruzzo,Teramo,13067011,Castellalto,3,3,II
Abruzzo,Teramo,13067012,Castelli,2,3,II
Abruzzo,Teramo,13067013,Castiglione Messer Raimondo,2,3,II
Abruzzo,Teramo,13067014,Castilenti,2,3,II
Abruzzo,Teramo,13067015,Cellino Attanasio,2,3,II
Abruzzo,Teramo,13067016,Cermignano,2,3,II
Abruzzo,Teramo,13067017,Civitella del Tronto,2,3,II
Abruzzo,Teramo,13067018,Colledara,2,3,II
Abruzzo,Teramo,13067019,Colonnella,3,3,II
Abruzzo,Teramo,13067020,Controguerra,2,3,II
Abruzzo,Teramo,13067021,Corropoli,2,3,II
Abruzzo,Teramo,13067022,Cortino,2,3,II
Abruzzo,Teramo,13067023,Crognaleto,2,3,II
Abruzzo,Teramo,13067024,Fano Adriano,2,3,II
Abruzzo,Teramo,13067025,Giulianova,3,3,II
Abruzzo,Teramo,13067026,Isola del Gran Sasso d'Italia,2,3,II
Abruzzo,Teramo,13067047,Martinsicuro,3,3,II
Abruzzo,Teramo,13067027,Montefino,2,3,II
Abruzzo,Teramo,13067028,Montorio al Vomano,2,3,II
Abruzzo,Teramo,13067029,Morro d'Oro,3,3,II
Abruzzo,Teramo,13067030,Mosciano Sant'Angelo,3,3,II
Abruzzo,Teramo,13067031,Nereto,2,3,II
Abruzzo,Teramo,13067032,Notaresco,3,3,II
Abruzzo,Teramo,13067033,Penna Sant'Andrea,2,3,II
Abruzzo,Teramo,13067034,Pietracamela,2,3,II
Abruzzo,Teramo,13067035,Pineto,3,3,II
Abruzzo,Teramo,13067036,Rocca Santa Maria,2,3,II
Abruzzo,Teramo,13067037,Roseto degli Abruzzi,3,3,II
Abruzzo,Teramo,13067038,Sant'Egidio alla Vibrata,2,3,II
Abruzzo,Teramo,13067039,Sant'Omero,3,3,II
Abruzzo,Teramo,13067040,Silvi,3,3,II
Abruzzo,Teramo,13067041,Teramo,2,3,II
Abruzzo,Teramo,13067042,Torano Nuovo,2,3,II
Abruzzo,Teramo,13067043,Torricella Sicura,2,3,II
Abruzzo,Teramo,13067044,Tortoreto,3,3,II
Abruzzo,Teramo,13067045,Tossicia,2,3,II
Abruzzo,Teramo,13067046,Valle Castellana,2,3,II
Basilicata,Matera,17077001,Accettura,2,3,III
Basilicata,Matera,17077002,Aliano,2,3,III
Basilicata,Matera,17077003,Bernalda,2,3,III
Basilicata,Matera,17077004,Calciano,2,3,III
Basilicata,Matera,17077005,Cirigliano,2,3,III
Basilicata,Matera,17077006,Colobraro,2,3,III
Basilicata,Matera,17077007,Craco,2,3,III
Basilicata,Matera,17077008,Ferrandina,2,3,III
Basilicata,Matera,17077009,Garaguso,2,3,III
Basilicata,Matera,17077010,Gorgoglione,2,3,III
Basilicata,Matera,17077011,Grassano,2,3,III
Basilicata,Matera,17077012,Grottole,3,3,III
Basilicata,Matera,17077013,Irsina,2,3,III
Basilicata,Matera,17077014,Matera,3,3,III
Basilicata,Matera,17077015,Miglionico,3,3,III
Basilicata,Matera,17077016,Montalbano Jonico,2,3,III
Basilicata,Matera,17077017,Montescaglioso,3,3,III
Basilicata,Matera,17077018,Nova Siri,2,3,III
Basilicata,Matera,17077019,Oliveto Lucano,2,3,III
Basilicata,Matera,17077020,Pisticci,2,3,III
Basilicata,Matera,17077021,Policoro,2,3,III
Basilicata,Matera,17077022,Pomarico,3,3,III
Basilicata,Matera,17077023,Rotondella,2,3,III
Basilicata,Matera,17077024,Salandra,2,3,III
Basilicata,Matera,17077025,San Giorgio Lucano,2,3,III
Basilicata,Matera,17077026,San Mauro Forte,2,3,III
Basilicata,Matera,17077031,Scanzano Jonico,2,3,III
Basilicata,Matera,17077027,Stigliano,2,3,III
Basilicata,Matera,17077028,Tricarico,2,3,III
Basilicata,Matera,17077029,Tursi,2,3,III
Basilicata,Matera,17077030,Valsinni,2,3,III
Basilicata,Potenza,17076001,Abriola,1,3,III
Basilicata,Potenza,17076002,Acerenza,2,3,III
Basilicata,Potenza,17076003,Albano di Lucania,2,3,III
Basilicata,Potenza,17076004,Anzi,1,3,III
Basilicata,Potenza,17076005,Armento,1,3,III
Basilicata,Potenza,17076006,Atella,1,3,III
Basilicata,Potenza,17076007,Avigliano,1,3,III
Basilicata,Potenza,17076008,Balvano,1,3,III
Basilicata,Potenza,17076009,Banzi,2,3,III
Basilicata,Potenza,17076010,Baragiano,1,3,III
Basilicata,Potenza,17076011,Barile,1,3,III
Basilicata,Potenza,17076012,Bella,1,3,III
Basilicata,Potenza,17076013,Brienza,1,3,III
Basilicata,Potenza,17076014,Brindisi Montagna,2,3,III
Basilicata,Potenza,17076015,Calvello,1,3,III
Basilicata,Potenza,17076016,Calvera,2,3,III
Basilicata,Potenza,17076017,Campomaggiore,2,3,III
Basilicata,Potenza,17076018,Cancellara,2,3,III
Basilicata,Potenza,17076019,Carbone,2,3,III
Basilicata,Potenza,17076021,Castelgrande,1,3,III
Basilicata,Potenza,17076022,Castelluccio Inferiore,2,3,III
Basilicata,Potenza,17076023,Castelluccio Superiore,2,3,III
Basilicata,Potenza,17076024,Castelmezzano,2,3,III
Basilicata,Potenza,17076025,Castelsaraceno,1,3,III
Basilicata,Potenza,17076026,Castronuovo di Sant'Andrea,2,3,III
Basilicata,Potenza,17076027,Cersosimo,2,3,III
Basilicata,Potenza,17076028,Chiaromonte,2,3,III
Basilicata,Potenza,17076029,Corleto Perticara,2,3,III
Basilicata,Potenza,17076030,Episcopia,2,3,III
Basilicata,Potenza,17076031,Fardella,2,3,III
Basilicata,Potenza,17076032,Filiano,2,3,III
Basilicata,Potenza,17076033,Forenza,2,3,III
Basilicata,Potenza,17076034,Francavilla in Sinni,2,3,III
Basilicata,Potenza,17076035,Gallicchio,2,3,III
Basilicata,Potenza,17076036,Genzano di Lucania,2,3,III
Basilicata,Potenza,17076099,Ginestra,1,3,III
Basilicata,Potenza,17076037,Grumento Nova,1,3,III
Basilicata,Potenza,17076038,Guardia Perticara,2,3,III
Basilicata,Potenza,17076039,Lagonegro,2,3,III
Basilicata,Potenza,17076040,Latronico,2,3,III
Basilicata,Potenza,17076041,Laurenzana,1,3,III
Basilicata,Potenza,17076042,Lauria,2,3,III
Basilicata,Potenza,17076043,Lavello,2,3,III
Basilicata,Potenza,17076044,Maratea,2,3,III
Basilicata,Potenza,17076045,Marsico Nuovo,1,3,III
Basilicata,Potenza,17076046,Marsicovetere,1,3,III
Basilicata,Potenza,17076047,Maschito,2,3,III
Basilicata,Potenza,17076048,Melfi,1,3,III
Basilicata,Potenza,17076049,Missanello,2,3,III
Basilicata,Potenza,17076050,Moliterno,1,3,III
Basilicata,Potenza,17076051,Montemilone,2,3,III
Basilicata,Potenza,17076052,Montemurro,1,3,III
Basilicata,Potenza,17076053,Muro Lucano,1,3,III
Basilicata,Potenza,17076054,Nemoli,2,3,III
Basilicata,Potenza,17076055,Noepoli,2,3,III
Basilicata,Potenza,17076056,Oppido Lucano,2,3,III
Basilicata,Potenza,17076057,Palazzo San Gervasio,2,3,III
Basilicata,Potenza,17076100,Paterno,1,3,III
Basilicata,Potenza,17076058,Pescopagano,1,3,III
Basilicata,Potenza,17076059,Picerno,1,3,III
Basilicata,Potenza,17076060,Pietragalla,2,3,III
Basilicata,Potenza,17076061,Pietrapertosa,2,3,III
Basilicata,Potenza,17076062,Pignola,1,3,III
Basilicata,Potenza,17076063,Potenza,1,3,III
Basilicata,Potenza,17076064,Rapolla,1,3,III
Basilicata,Potenza,17076065,Rapone,1,3,III
Basilicata,Potenza,17076066,Rionero in Vulture,1,3,III
Basilicata,Potenza,17076067,Ripacandida,1,3,III
Basilicata,Potenza,17076068,Rivello,2,3,III
Basilicata,Potenza,17076069,Roccanova,2,3,III
Basilicata,Potenza,17076070,Rotonda,2,3,III
Basilicata,Potenza,17076071,Ruoti,1,3,III
Basilicata,Potenza,17076072,Ruvo del Monte,1,3,III
Basilicata,Potenza,17076073,San Chirico Nuovo,2,3,III
Basilicata,Potenza,17076074,San Chirico Raparo,2,3,III
Basilicata,Potenza,17076075,San Costantino Albanese,2,3,III
Basilicata,Potenza,17076076,San Fele,1,3,III
Basilicata,Potenza,17076077,San Martino d'Agri,1,3,III
Basilicata,Potenza,17076020,San Paolo Albanese,2,3,III
Basilicata,Potenza,17076078,San Severino Lucano,2,3,III
Basilicata,Potenza,17076079,Sant'Angelo Le Fratte,1,3,III
Basilicata,Potenza,17076080,Sant'Arcangelo,2,3,III
Basilicata,Potenza,17076081,Sarconi,1,3,III
Basilicata,Potenza,17076082,Sasso di Castalda,1,3,III
Basilicata,Potenza,17076083,Satriano di Lucania,1,3,III
Basilicata,Potenza,17076084,Savoia di Lucania,1,3,III
Basilicata,Potenza,17076085,Senise,2,3,III
Basilicata,Potenza,17076086,Spinoso,1,3,III
Basilicata,Potenza,17076087,Teana,2,3,III
Basilicata,Potenza,17076088,Terranova di Pollino,2,3,III
Basilicata,Potenza,17076089,Tito,1,3,III
Basilicata,Potenza,17076090,Tolve,2,3,III
Basilicata,Potenza,17076091,Tramutola,1,3,III
Basilicata,Potenza,17076092,Trecchina,2,3,III
Basilicata,Potenza,17076093,Trivigno,2,3,III
Basilicata,Potenza,17076094,Vaglio Basilicata,2,3,III
Basilicata,Potenza,17076095,Venosa,2,3,III
Basilicata,Potenza,17076096,Vietri di Potenza,1,3,III
Basilicata,Potenza,17076097,Viggianello,2,3,III
Basilicata,Potenza,17076098,Viggiano,1,3,III
Calabria,Catanzaro,18079002,Albi,2,3,III
Calabria,Catanzaro,18079003,Amaroni,1,3,III
Calabria,Catanzaro,18079004,Amato,1,3,III
Calabria,Catanzaro,18079005,Andali,2,3,III
Calabria,Catanzaro,18079007,Argusto,1,3,III
Calabria,Catanzaro,18079008,Badolato,2,3,III
Calabria,Catanzaro,18079009,Belcastro,2,3,III
Calabria,Catanzaro,18079011,Borgia,1,3,III
Calabria,Catanzaro,18079012,Botricello,2,3,III
Calabria,Catanzaro,18079017,Caraffa di Catanzaro,1,3,III
Calabria,Catanzaro,18079018,Cardinale,1,3,III
Calabria,Catanzaro,18079020,Carlopoli,1,3,III
Calabria,Catanzaro,18079023,Catanzaro,2,3,III
Calabria,Catanzaro,18079024,Cenadi,1,3,III
Calabria,Catanzaro,18079025,Centrache,1,3,III
Calabria,Catanzaro,18079027,Cerva,2,3,III
Calabria,Catanzaro,18079029,Chiaravalle Centrale,1,3,III
Calabria,Catanzaro,18079030,Cicala,2,3,III
Calabria,Catanzaro,18079033,Conflenti,1,3,III
Calabria,Catanzaro,18079034,Cortale,1,3,III
Calabria,Catanzaro,18079036,Cropani,2,3,III
Calabria,Catanzaro,18079039,Curinga,1,3,III
Calabria,Catanzaro,18079042,Davoli,2,3,III
Calabria,Catanzaro,18079043,Decollatura,1,3,III
Calabria,Catanzaro,18079047,Falerna,1,3,III
Calabria,Catanzaro,18079048,Feroleto Antico,1,3,III
Calabria,Catanzaro,18079052,Fossato Serralta,2,3,III
Calabria,Catanzaro,18079055,Gagliato,1,3,III
Calabria,Catanzaro,18079056,Gasperina,2,3,III
Calabria,Catanzaro,18079058,Gimigliano,2,3,III
Calabria,Catanzaro,18079059,Girifalco,1,3,III
Calabria,Catanzaro,18079060,Gizzeria,1,3,III
Calabria,Catanzaro,18079061,Guardavalle,2,3,III
Calabria,Catanzaro,18079063,Isca sullo Ionio,2,3,III
Calabria,Catanzaro,18079065,Jacurso,1,3,III
Calabria,Catanzaro,18079160,Lamezia Terme,1,3,III
Calabria,Catanzaro,18079068,Magisano,2,3,III
Calabria,Catanzaro,18079069,Maida,1,3,III
Calabria,Catanzaro,18079071,Marcedusa,2,3,III
Calabria,Catanzaro,18079072,Marcellinara,1,3,III
Calabria,Catanzaro,18079073,Martirano,1,3,III
Calabria,Catanzaro,18079074,Martirano Lombardo,1,3,III
Calabria,Catanzaro,18079077,Miglierina,1,3,III
Calabria,Catanzaro,18079080,Montauro,2,3,III
Calabria,Catanzaro,18079081,Montepaone,2,3,III
Calabria,Catanzaro,18079083,Motta Santa Lucia,1,3,III
Calabria,Catanzaro,18079087,Nocera Tirinese,1,3,III
Calabria,Catanzaro,18079088,Olivadi,1,3,III
Calabria,Catanzaro,18079089,Palermiti,1,3,III
Calabria,Catanzaro,18079092,Pentone,2,3,III
Calabria,Catanzaro,18079094,Petrizzi,1,3,III
Calabria,Catanzaro,18079095,Petronà,2,3,III
Calabria,Catanzaro,18079096,Pianopoli,1,3,III
Calabria,Catanzaro,18079099,Platania,1,3,III
Calabria,Catanzaro,18079108,San Floro,1,3,III
Calabria,Catanzaro,18079110,San Mango d'Aquino,1,3,III
Calabria,Catanzaro,18079114,San Pietro a Maida,1,3,III
Calabria,Catanzaro,18079115,San Pietro Apostolo,1,3,III
Calabria,Catanzaro,18079116,San Sostene,2,3,III
Calabria,Catanzaro,18079122,San Vito sullo Ionio,1,3,III
Calabria,Catanzaro,18079117,Santa Caterina dello Ionio,2,3,III
Calabria,Catanzaro,18079118,Sant'Andrea Apostolo dello Ionio,2,3,III
Calabria,Catanzaro,18079123,Satriano,2,3,III
Calabria,Catanzaro,18079126,Sellia,2,3,III
Calabria,Catanzaro,18079127,Sellia Marina,2,3,III
Calabria,Catanzaro,18079129,Serrastretta,1,3,III
Calabria,Catanzaro,18079130,Sersale,2,3,III
Calabria,Catanzaro,18079131,Settingiano,1,3,III
Calabria,Catanzaro,18079133,Simeri Crichi,2,3,III
Calabria,Catanzaro,18079134,Sorbo San Basile,2,3,III
Calabria,Catanzaro,18079137,Soverato,1,3,III
Calabria,Catanzaro,18079138,Soveria Mannelli,1,3,III
Calabria,Catanzaro,18079139,Soveria Simeri,2,3,III
Calabria,Catanzaro,18079142,Squillace,1,3,III
Calabria,Catanzaro,18079143,Staletti,2,3,III
Calabria,Catanzaro,18079146,Taverna,2,3,III
Calabria,Catanzaro,18079147,Tiriolo,2,3,III
Calabria,Catanzaro,18079148,Torre di Ruggiero,1,3,III
Calabria,Catanzaro,18079151,Vallefiorita,1,3,III
Calabria,Catanzaro,18079157,Zagarise,2,3,III
Calabria,Cosenza,18078001,Acquaformosa,2,3,III
Calabria,Cosenza,18078002,Acquappesa,2,3,III
Calabria,Cosenza,18078003,Acri,2,3,III
Calabria,Cosenza,18078004,Aiello Calabro,1,3,III
Calabria,Cosenza,18078005,Aieta,2,3,III
Calabria,Cosenza,18078006,Albidona,2,3,III
Calabria,Cosenza,18078007,Alessandria del Carretto,2,3,III
Calabria,Cosenza,18078008,Altilia,1,3,III
Calabria,Cosenza,18078009,Altomonte,2,3,III
Calabria,Cosenza,18078010,Amantea,1,3,III
Calabria,Cosenza,18078011,Amendolara,2,3,III
Calabria,Cosenza,18078012,Aprigliano,1,3,III
Calabria,Cosenza,18078013,Belmonte Calabro,1,3,III
Calabria,Cosenza,18078014,Belsito,1,3,III
Calabria,Cosenza,18078015,Belvedere Marittimo,2,3,III
Calabria,Cosenza,18078016,Bianchi,1,3,III
Calabria,Cosenza,18078017,Bisignano,1,3,III
Calabria,Cosenza,18078018,Bocchigliero,2,3,III
Calabria,Cosenza,18078019,Bonifati,2,3,III
Calabria,Cosenza,18078020,Buonvicino,2,3,III
Calabria,Cosenza,18078021,Calopezzati,2,3,III
Calabria,Cosenza,18078022,Caloveto,2,3,III
Calabria,Cosenza,18078023,Campana,2,3,III
Calabria,Cosenza,18078024,Canna,2,3,III
Calabria,Cosenza,18078025,Cariati,2,3,III
Calabria,Cosenza,18078026,Carolei,1,3,III
Calabria,Cosenza,18078027,Carpanzano,1,3,III
Calabria,Cosenza,18078028,Casole Bruzio,1,3,III
Calabria,Cosenza,18078029,Cassano allo Ionio,2,3,III
Calabria,Cosenza,18078030,Castiglione Cosentino,1,3,III
Calabria,Cosenza,18078031,Castrolibero,1,3,III
Calabria,Cosenza,18078032,Castroregio,2,3,III
Calabria,Cosenza,18078033,Castrovillari,2,3,III
Calabria,Cosenza,18078034,Celico,1,3,III
Calabria,Cosenza,18078035,Cellara,1,3,III
Calabria,Cosenza,18078036,Cerchiara di Calabria,2,3,III
Calabria,Cosenza,18078037,Cerisano,1,3,III
Calabria,Cosenza,18078038,Cervicati,1,3,III
Calabria,Cosenza,18078039,Cerzeto,1,3,III
Calabria,Cosenza,18078040,Cetraro,2,3,III
Calabria,Cosenza,18078041,Civita,2,3,III
Calabria,Cosenza,18078042,Cleto,1,3,III
Calabria,Cosenza,18078043,Colosimi,1,3,III
Calabria,Cosenza,18078044,Corigliano Calabro,2,3,III
Calabria,Cosenza,18078045,Cosenza,1,3,III
Calabria,Cosenza,18078046,Cropalati,2,3,III
Calabria,Cosenza,18078047,Crosia,2,3,III
Calabria,Cosenza,18078048,Diamante,2,3,III
Calabria,Cosenza,18078049,Dipignano,1,3,III
Calabria,Cosenza,18078050,Domanico,1,3,III
Calabria,Cosenza,18078051,Fagnano Castello,2,3,III
Calabria,Cosenza,18078052,Falconara Albanese,1,3,III
Calabria,Cosenza,18078053,Figline Vegliaturo,1,3,III
Calabria,Cosenza,18078054,Firmo,2,3,III
Calabria,Cosenza,18078055,Fiumefreddo Bruzio,1,3,III
Calabria,Cosenza,18078056,Francavilla Marittima,2,3,III
Calabria,Cosenza,18078057,Frascineto,2,3,III
Calabria,Cosenza,18078058,Fuscaldo,2,3,III
Calabria,Cosenza,18078059,Grimaldi,1,3,III
Calabria,Cosenza,18078060,Grisolia,2,3,III
Calabria,Cosenza,18078061,Guardia Piemontese,2,3,III
Calabria,Cosenza,18078062,Lago,1,3,III
Calabria,Cosenza,18078063,Laino Borgo,2,3,III
Calabria,Cosenza,18078064,Laino Castello,2,3,III
Calabria,Cosenza,18078065,Lappano,1,3,III
Calabria,Cosenza,18078066,Lattarico,1,3,III
Calabria,Cosenza,18078067,Longobardi,1,3,III
Calabria,Cosenza,18078068,Longobucco,2,3,III
Calabria,Cosenza,18078069,Lungro,2,3,III
Calabria,Cosenza,18078070,Luzzi,1,3,III
Calabria,Cosenza,18078071,Maierà,2,3,III
Calabria,Cosenza,18078072,Malito,1,3,III
Calabria,Cosenza,18078073,Malvito,2,3,III
Calabria,Cosenza,18078074,Mandatoriccio,2,3,III
Calabria,Cosenza,18078075,Mangone,1,3,III
Calabria,Cosenza,18078076,Marano Marchesato,1,3,III
Calabria,Cosenza,18078077,Marano Principato,1,3,III
Calabria,Cosenza,18078078,Marzi,1,3,III
Calabria,Cosenza,18078079,Mendicino,1,3,III
Calabria,Cosenza,18078080,Mongrassano,1,3,III
Calabria,Cosenza,18078081,Montalto Uffugo,1,3,III
Calabria,Cosenza,18078082,Montegiordano,2,3,III
Calabria,Cosenza,18078083,Morano Calabro,2,3,III
Calabria,Cosenza,18078084,Mormanno,2,3,III
Calabria,Cosenza,18078085,Mottafollone,2,3,III
Calabria,Cosenza,18078086,Nocara,2,3,III
Calabria,Cosenza,18078087,Oriolo,2,3,III
Calabria,Cosenza,18078088,Orsomarso,2,3,III
Calabria,Cosenza,18078089,Paludi,2,3,III
Calabria,Cosenza,18078090,Panettieri,1,3,III
Calabria,Cosenza,18078091,Paola,2,3,III
Calabria,Cosenza,18078092,Papasidero,2,3,III
Calabria,Cosenza,18078093,Parenti,1,3,III
Calabria,Cosenza,18078094,Paterno Calabro,1,3,III
Calabria,Cosenza,18078095,Pedace,1,3,III
Calabria,Cosenza,18078096,Pedivigliano,1,3,III
Calabria,Cosenza,18078097,Piane Crati,1,3,III
Calabria,Cosenza,18078098,Pietrafitta,1,3,III
Calabria,Cosenza,18078099,Pietrapaola,2,3,III
Calabria,Cosenza,18078100,Plataci,2,3,III
Calabria,Cosenza,18078101,Praia a Mare,2,3,III
Calabria,Cosenza,18078102,Rende,1,3,III
Calabria,Cosenza,18078103,Rocca Imperiale,2,3,III
Calabria,Cosenza,18078104,Roggiano Gravina,2,3,III
Calabria,Cosenza,18078105,Rogliano,1,3,III
Calabria,Cosenza,18078106,Rose,1,3,III
Calabria,Cosenza,18078107,Roseto Capo Spulico,2,3,III
Calabria,Cosenza,18078108,Rossano,2,3,III
Calabria,Cosenza,18078109,Rota Greca,1,3,III
Calabria,Cosenza,18078110,Rovito,1,3,III
Calabria,Cosenza,18078111,San Basile,2,3,III
Calabria,Cosenza,18078112,San Benedetto Ullano,1,3,III
Calabria,Cosenza,18078113,San Cosmo Albanese,2,3,III
Calabria,Cosenza,18078114,San Demetrio Corone,2,3,III
Calabria,Cosenza,18078115,San Donato di Ninea,2,3,III
Calabria,Cosenza,18078116,San Fili,1,3,III
Calabria,Cosenza,18078118,San Giorgio Albanese,2,3,III
Calabria,Cosenza,18078119,San Giovanni in Fiore,2,3,III
Calabria,Cosenza,18078120,San Lorenzo Bellizzi,2,3,III
Calabria,Cosenza,18078121,San Lorenzo del Vallo,2,3,III
Calabria,Cosenza,18078122,San Lucido,1,3,III
Calabria,Cosenza,18078123,San Marco Argentano,1,3,III
Calabria,Cosenza,18078124,San Martino di Finita,1,3,III
Calabria,Cosenza,18078125,San Nicola Arcella,2,3,III
Calabria,Cosenza,18078126,San Pietro in Amantea,1,3,III
Calabria,Cosenza,18078127,San Pietro in Guarano,1,3,III
Calabria,Cosenza,18078128,San Sosti,2,3,III
Calabria,Cosenza,18078135,San Vincenzo La Costa,1,3,III
Calabria,Cosenza,18078117,Sangineto,2,3,III
Calabria,Cosenza,18078129,Santa Caterina Albanese,2,3,III
Calabria,Cosenza,18078130,Santa Domenica Talao,2,3,III
Calabria,Cosenza,18078132,Santa Maria del Cedro,2,3,III
Calabria,Cosenza,18078133,Santa Sofia d'Epiro,2,3,III
Calabria,Cosenza,18078131,Sant'Agata di Esaro,2,3,III
Calabria,Cosenza,18078134,Santo Stefano di Rogliano,1,3,III
Calabria,Cosenza,18078136,Saracena,2,3,III
Calabria,Cosenza,18078137,Scala Coeli,2,3,III
Calabria,Cosenza,18078138,Scalea,2,3,III
Calabria,Cosenza,18078139,Scigliano,1,3,III
Calabria,Cosenza,18078140,Serra d'Aiello,1,3,III
Calabria,Cosenza,18078141,Serra Pedace,1,3,III
Calabria,Cosenza,18078142,Spezzano Albanese,2,3,III
Calabria,Cosenza,18078143,Spezzano della Sila,1,3,III
Calabria,Cosenza,18078144,Spezzano Piccolo,1,3,III
Calabria,Cosenza,18078145,Tarsia,2,3,III
Calabria,Cosenza,18078146,Terranova da Sibari,2,3,III
Calabria,Cosenza,18078147,Terravecchia,2,3,III
Calabria,Cosenza,18078148,Torano Castello,1,3,III
Calabria,Cosenza,18078149,Tortora,2,3,III
Calabria,Cosenza,18078150,Trebisacce,2,3,III
Calabria,Cosenza,18078151,Trenta,1,3,III
Calabria,Cosenza,18078152,Vaccarizzo Albanese,2,3,III
Calabria,Cosenza,18078153,Verbicaro,2,3,III
Calabria,Cosenza,18078154,Villapiana,2,3,III
Calabria,Cosenza,18078155,Zumpano,1,3,III
Calabria,Crotone,18101001,Belvedere di Spinello,2,3,III
Calabria,Crotone,18101002,Caccuri,2,3,III
Calabria,Crotone,18101003,Carfizzi,2,3,III
Calabria,Crotone,18101004,Casabona,2,3,III
Calabria,Crotone,18101005,Castelsilano,2,3,III
Calabria,Crotone,18101006,Cerenzia,2,3,III
Calabria,Crotone,18101007,Cirò,2,3,III
Calabria,Crotone,18101008,Cirò Marina,2,3,III
Calabria,Crotone,18101009,Cotronei,2,3,III
Calabria,Crotone,18101010,Crotone,2,3,III
Calabria,Crotone,18101011,Crucoli,2,3,III
Calabria,Crotone,18101012,Cutro,2,3,III
Calabria,Crotone,18101013,Isola di Capo Rizzuto,2,3,III
Calabria,Crotone,18101014,Melissa,2,3,III
Calabria,Crotone,18101015,Mesoraca,2,3,III
Calabria,Crotone,18101016,Pallagorio,2,3,III
Calabria,Crotone,18101017,Petilia Policastro,2,3,III
Calabria,Crotone,18101019,Rocca di Neto,2,3,III
Calabria,Crotone,18101018,Roccabernarda,2,3,III
Calabria,Crotone,18101020,San Mauro Marchesato,2,3,III
Calabria,Crotone,18101021,San Nicola dell'Alto,2,3,III
Calabria,Crotone,18101022,Santa Severina,2,3,III
Calabria,Crotone,18101023,Savelli,2,3,III
Calabria,Crotone,18101024,Scandale,2,3,III
Calabria,Crotone,18101025,Strongoli,2,3,III
Calabria,Crotone,18101026,Umbriatico,2,3,III
Calabria,Crotone,18101027,Verzino,2,3,III
Calabria,Reggio di Calabria,18080001,Africo,1,4,III
Calabria,Reggio di Calabria,18080002,Agnana Calabra,1,4,III
Calabria,Reggio di Calabria,18080003,Anoia,1,4,III
Calabria,Reggio di Calabria,18080004,Antonimina,1,4,III
Calabria,Reggio di Calabria,18080005,Ardore,1,4,III
Calabria,Reggio di Calabria,18080006,Bagaladi,1,4,III
Calabria,Reggio di Calabria,18080007,Bagnara Calabra,1,4,III
Calabria,Reggio di Calabria,18080008,Benestare,1,4,III
Calabria,Reggio di Calabria,18080009,Bianco,1,4,III
Calabria,Reggio di Calabria,18080010,Bivongi,1,4,III
Calabria,Reggio di Calabria,18080011,Bova,1,4,III
Calabria,Reggio di Calabria,18080013,Bova Marina,1,4,III
Calabria,Reggio di Calabria,18080012,Bovalino,1,4,III
Calabria,Reggio di Calabria,18080014,Brancaleone,1,4,III
Calabria,Reggio di Calabria,18080015,Bruzzano Zeffirio,1,4,III
Calabria,Reggio di Calabria,18080016,Calanna,1,4,III
Calabria,Reggio di Calabria,18080017,Camini,1,4,III
Calabria,Reggio di Calabria,18080018,Campo Calabro,1,4,III
Calabria,Reggio di Calabria,18080019,Candidoni,1,4,III
Calabria,Reggio di Calabria,18080020,Canolo,1,4,III
Calabria,Reggio di Calabria,18080021,Caraffa del Bianco,1,4,III
Calabria,Reggio di Calabria,18080022,Cardeto,1,4,III
Calabria,Reggio di Calabria,18080023,Careri,1,4,III
Calabria,Reggio di Calabria,18080024,Casignana,1,4,III
Calabria,Reggio di Calabria,18080025,Caulonia,1,4,III
Calabria,Reggio di Calabria,18080026,Ciminà,1,4,III
Calabria,Reggio di Calabria,18080027,Cinquefrondi,1,4,III
Calabria,Reggio di Calabria,18080028,Cittanova,1,4,III
Calabria,Reggio di Calabria,18080029,Condofuri,1,4,III
Calabria,Reggio di Calabria,18080030,Cosoleto,1,4,III
Calabria,Reggio di Calabria,18080031,Delianuova,1,4,III
Calabria,Reggio di Calabria,18080032,Feroleto della Chiesa,1,4,III
Calabria,Reggio di Calabria,18080033,Ferruzzano,1,4,III
Calabria,Reggio di Calabria,18080034,Fiumara,1,4,III
Calabria,Reggio di Calabria,18080035,Galatro,1,4,III
Calabria,Reggio di Calabria,18080036,Gerace,1,4,III
Calabria,Reggio di Calabria,18080037,Giffone,1,4,III
Calabria,Reggio di Calabria,18080038,Gioia Tauro,1,4,III
Calabria,Reggio di Calabria,18080039,Gioiosa Ionica,1,4,III
Calabria,Reggio di Calabria,18080040,Grotteria,1,4,III
Calabria,Reggio di Calabria,18080041,Laganadi,1,4,III
Calabria,Reggio di Calabria,18080042,Laureana di Borrello,1,4,III
Calabria,Reggio di Calabria,18080043,Locri,1,4,III
Calabria,Reggio di Calabria,18080044,Mammola,1,4,III
Calabria,Reggio di Calabria,18080045,Marina di Gioiosa Ionica,1,4,III
Calabria,Reggio di Calabria,18080046,Maropati,1,4,III
Calabria,Reggio di Calabria,18080047,Martone,1,4,III
Calabria,Reggio di Calabria,18080048,Melicuccà,1,4,III
Calabria,Reggio di Calabria,18080049,Melicucco,1,4,III
Calabria,Reggio di Calabria,18080050,Melito di Porto Salvo,1,4,III
Calabria,Reggio di Calabria,18080051,Molochio,1,4,III
Calabria,Reggio di Calabria,18080052,Monasterace,1,4,III
Calabria,Reggio di Calabria,18080053,Montebello Ionico,1,4,III
Calabria,Reggio di Calabria,18080054,Motta San Giovanni,1,4,III
Calabria,Reggio di Calabria,18080055,Oppido Mamertina,1,4,III
Calabria,Reggio di Calabria,18080056,Palizzi,1,4,III
Calabria,Reggio di Calabria,18080057,Palmi,1,4,III
Calabria,Reggio di Calabria,18080058,Pazzano,1,4,III
Calabria,Reggio di Calabria,18080059,Placanica,1,4,III
Calabria,Reggio di Calabria,18080060,Platì,1,4,III
Calabria,Reggio di Calabria,18080061,Polistena,1,4,III
Calabria,Reggio di Calabria,18080062,Portigliola,1,4,III
Calabria,Reggio di Calabria,18080063,Reggio di Calabria,1,4,III
Calabria,Reggio di Calabria,18080064,Riace,1,4,III
Calabria,Reggio di Calabria,18080065,Rizziconi,1,4,III
Calabria,Reggio di Calabria,18080066,Roccaforte del Greco,1,4,III
Calabria,Reggio di Calabria,18080067,Roccella Ionica,1,4,III
Calabria,Reggio di Calabria,18080068,Roghudi,1,4,III
Calabria,Reggio di Calabria,18080069,Rosarno,1,4,III
Calabria,Reggio di Calabria,18080070,Samo,1,4,III
Calabria,Reggio di Calabria,18080097,San Ferdinando,1,4,III
Calabria,Reggio di Calabria,18080071,San Giorgio Morgeto,1,4,III
Calabria,Reggio di Calabria,18080072,San Giovanni di Gerace,1,4,III
Calabria,Reggio di Calabria,18080073,San Lorenzo,1,4,III
Calabria,Reggio di Calabria,18080074,San Luca,1,4,III
Calabria,Reggio di Calabria,18080075,San Pietro di Caridà,1,4,III
Calabria,Reggio di Calabria,18080076,San Procopio,1,4,III
Calabria,Reggio di Calabria,18080077,San Roberto,1,4,III
Calabria,Reggio di Calabria,18080078,Santa Cristina d'Aspromonte,1,4,III
Calabria,Reggio di Calabria,18080079,Sant'Agata del Bianco,1,4,III
Calabria,Reggio di Calabria,18080080,Sant'Alessio in Aspromonte,1,4,III
Calabria,Reggio di Calabria,18080081,Sant'Eufemia d'Aspromonte,1,4,III
Calabria,Reggio di Calabria,18080082,Sant'Ilario dello Ionio,1,4,III
Calabria,Reggio di Calabria,18080083,Santo Stefano in Aspromonte,1,4,III
Calabria,Reggio di Calabria,18080084,Scido,1,4,III
Calabria,Reggio di Calabria,18080085,Scilla,1,4,III
Calabria,Reggio di Calabria,18080086,Seminara,1,4,III
Calabria,Reggio di Calabria,18080087,Serrata,1,4,III
Calabria,Reggio di Calabria,18080088,Siderno,1,4,III
Calabria,Reggio di Calabria,18080089,Sinopoli,1,4,III
Calabria,Reggio di Calabria,18080090,Staiti,1,4,III
Calabria,Reggio di Calabria,18080091,Stignano,1,4,III
Calabria,Reggio di Calabria,18080092,Stilo,1,4,III
Calabria,Reggio di Calabria,18080093,Taurianova,1,4,III
Calabria,Reggio di Calabria,18080094,Terranova Sappo Minulio,1,4,III
Calabria,Reggio di Calabria,18080095,Varapodio,1,4,III
Calabria,Reggio di Calabria,18080096,Villa San Giovanni,1,4,III
Calabria,Vibo Valentia,18102001,Acquaro,1,3,III
Calabria,Vibo Valentia,18102002,Arena,1,3,III
Calabria,Vibo Valentia,18102003,Briatico,1,3,III
Calabria,Vibo Valentia,18102004,Brognaturo,1,3,III
Calabria,Vibo Valentia,18102005,Capistrano,1,3,III
Calabria,Vibo Valentia,18102006,Cessaniti,1,3,III
Calabria,Vibo Valentia,18102007,Dasà,1,3,III
Calabria,Vibo Valentia,18102008,Dinami,1,3,III
Calabria,Vibo Valentia,18102009,Drapia,1,3,III
Calabria,Vibo Valentia,18102010,Fabrizia,1,3,III
Calabria,Vibo Valentia,18102011,Filadelfia,1,3,III
Calabria,Vibo Valentia,18102012,Filandari,1,3,III
Calabria,Vibo Valentia,18102013,Filogaso,1,3,III
Calabria,Vibo Valentia,18102014,Francavilla Angitola,1,3,III
Calabria,Vibo Valentia,18102015,Francica,1,3,III
Calabria,Vibo Valentia,18102016,Gerocarne,1,3,III
Calabria,Vibo Valentia,18102017,Ionadi,1,3,III
Calabria,Vibo Valentia,18102018,Joppolo,1,3,III
Calabria,Vibo Valentia,18102019,Limbadi,1,3,III
Calabria,Vibo Valentia,18102020,Maierato,1,3,III
Calabria,Vibo Valentia,18102021,Mileto,1,3,III
Calabria,Vibo Valentia,18102022,Mongiana,1,3,III
Calabria,Vibo Valentia,18102023,Monterosso Calabro,1,3,III
Calabria,Vibo Valentia,18102024,Nardodipace,1,3,III
Calabria,Vibo Valentia,18102025,Nicotera,1,3,III
Calabria,Vibo Valentia,18102026,Parghelia,1,3,III
Calabria,Vibo Valentia,18102027,Pizzo,1,3,III
Calabria,Vibo Valentia,18102028,Pizzoni,1,3,III
Calabria,Vibo Valentia,18102029,Polia,1,3,III
Calabria,Vibo Valentia,18102030,Ricadi,1,3,III
Calabria,Vibo Valentia,18102031,Rombiolo,1,3,III
Calabria,Vibo Valentia,18102032,San Calogero,1,3,III
Calabria,Vibo Valentia,18102033,San Costantino Calabro,1,3,III
Calabria,Vibo Valentia,18102034,San Gregorio d'Ippona,1,3,III
Calabria,Vibo Valentia,18102035,San Nicola da Crissa,1,3,III
Calabria,Vibo Valentia,18102036,Sant'Onofrio,1,3,III
Calabria,Vibo Valentia,18102037,Serra San Bruno,1,3,III
Calabria,Vibo Valentia,18102038,Simbario,1,3,III
Calabria,Vibo Valentia,18102039,Sorianello,1,3,III
Calabria,Vibo Valentia,18102040,Soriano Calabro,1,3,III
Calabria,Vibo Valentia,18102041,Spadola,1,3,III
Calabria,Vibo Valentia,18102042,Spilinga,1,3,III
Calabria,Vibo Valentia,18102043,Stefanaconi,1,3,III
Calabria,Vibo Valentia,18102044,Tropea,1,3,III
Calabria,Vibo Valentia,18102045,Vallelonga,1,3,III
Calabria,Vibo Valentia,18102046,Vazzano,1,3,III
Calabria,Vibo Valentia,18102047,Vibo Valentia,1,3,III
Calabria,Vibo Valentia,18102048,Zaccanopoli,1,3,III
Calabria,Vibo Valentia,18102049,Zambrone,1,3,III
Calabria,Vibo Valentia,18102050,Zungri,1,3,III
Campania,Avellino,15064001,Aiello del Sabato,2,3,II
Campania,Avellino,15064002,Altavilla Irpina,2,3,II
Campania,Avellino,15064003,Andretta,1,3,II
Campania,Avellino,15064004,Aquilonia,1,3,II
Campania,Avellino,15064005,Ariano Irpino,1,3,II
Campania,Avellino,15064006,Atripalda,2,3,II
Campania,Avellino,15064007,Avella,2,3,II
Campania,Avellino,15064008,Avellino,2,3,II
Campania,Avellino,15064009,Bagnoli Irpino,2,3,II
Campania,Avellino,15064010,Baiano,2,3,II
Campania,Avellino,15064011,Bisaccia,1,3,II
Campania,Avellino,15064012,Bonito,1,3,II
Campania,Avellino,15064013,Cairano,1,3,II
Campania,Avellino,15064014,Calabritto,1,3,II
Campania,Avellino,15064015,Calitri,1,3,II
Campania,Avellino,15064016,Candida,2,3,II
Campania,Avellino,15064017,Caposele,1,3,II
Campania,Avellino,15064018,Capriglia Irpina,2,3,II
Campania,Avellino,15064019,Carife,1,3,II
Campania,Avellino,15064020,Casalbore,1,3,II
Campania,Avellino,15064021,Cassano Irpino,2,3,II
Campania,Avellino,15064022,Castel Baronia,1,3,II
Campania,Avellino,15064023,Castelfranci,1,3,II
Campania,Avellino,15064024,Castelvetere sul Calore,2,3,II
Campania,Avellino,15064025,Cervinara,2,3,II
Campania,Avellino,15064026,Cesinali,2,3,II
Campania,Avellino,15064027,Chianche,1,3,II
Campania,Avellino,15064028,Chiusano di San Domenico,2,3,II
Campania,Avellino,15064029,Contrada,2,3,II
Campania,Avellino,15064030,Conza della Campania,1,3,II
Campania,Avellino,15064031,Domicella,2,3,II
Campania,Avellino,15064032,Flumeri,1,3,II
Campania,Avellino,15064033,Fontanarosa,1,3,II
Campania,Avellino,15064034,Forino,2,3,II
Campania,Avellino,15064035,Frigento,1,3,II
Campania,Avellino,15064036,Gesualdo,1,3,II
Campania,Avellino,15064037,Greci,2,3,II
Campania,Avellino,15064038,Grottaminarda,1,3,II
Campania,Avellino,15064039,Grottolella,2,3,II
Campania,Avellino,15064040,Guardia Lombardi,1,3,II
Campania,Avellino,15064041,Lacedonia,1,3,II
Campania,Avellino,15064042,Lapio,1,3,II
Campania,Avellino,15064043,Lauro,2,3,II
Campania,Avellino,15064044,Lioni,1,3,II
Campania,Avellino,15064045,Luogosano,1,3,II
Campania,Avellino,15064046,Manocalzati,2,3,II
Campania,Avellino,15064047,Marzano di Nola,2,3,II
Campania,Avellino,15064048,Melito Irpino,1,3,II
Campania,Avellino,15064049,Mercogliano,2,3,II
Campania,Avellino,15064050,Mirabella Eclano,1,3,II
Campania,Avellino,15064051,Montaguto,2,3,II
Campania,Avellino,15064052,Montecalvo Irpino,1,3,II
Campania,Avellino,15064053,Montefalcione,2,3,II
Campania,Avellino,15064054,Monteforte Irpino,2,3,II
Campania,Avellino,15064055,Montefredane,2,3,II
Campania,Avellino,15064056,Montefusco,1,3,II
Campania,Avellino,15064057,Montella,2,3,II
Campania,Avellino,15064058,Montemarano,2,3,II
Campania,Avellino,15064059,Montemiletto,1,3,II
Campania,Avellino,15064060,Monteverde,1,3,II
Campania,Avellino,15064061,Montoro Inferiore,2,3,II
Campania,Avellino,15064062,Montoro Superiore,2,3,II
Campania,Avellino,15064063,Morra De Sanctis,1,3,II
Campania,Avellino,15064064,Moschiano,2,3,II
Campania,Avellino,15064065,Mugnano del Cardinale,2,3,II
Campania,Avellino,15064066,Nusco,2,3,II
Campania,Avellino,15064067,Ospedaletto d'Alpinolo,2,3,II
Campania,Avellino,15064068,Pago del Vallo di Lauro,2,3,II
Campania,Avellino,15064069,Parolise,2,3,II
Campania,Avellino,15064070,Paternopoli,1,3,II
Campania,Avellino,15064071,Petruro Irpino,1,3,II
Campania,Avellino,15064072,Pietradefusi,1,3,II
Campania,Avellino,15064073,Pietrastornina,2,3,II
Campania,Avellino,15064074,Prata di Principato Ultra,2,3,II
Campania,Avellino,15064075,Pratola Serra,2,3,II
Campania,Avellino,15064076,Quadrelle,2,3,II
Campania,Avellino,15064077,Quindici,2,3,II
Campania,Avellino,15064079,Rocca San Felice,1,3,II
Campania,Avellino,15064078,Roccabascerana,2,3,II
Campania,Avellino,15064080,Rotondi,2,3,II
Campania,Avellino,15064081,Salza Irpina,2,3,II
Campania,Avellino,15064082,San Mango sul Calore,1,3,II
Campania,Avellino,15064083,San Martino Valle Caudina,2,3,II
Campania,Avellino,15064084,San Michele di Serino,2,3,II
Campania,Avellino,15064085,San Nicola Baronia,1,3,II
Campania,Avellino,15064086,San Potito Ultra,2,3,II
Campania,Avellino,15064087,San Sossio Baronia,1,3,II
Campania,Avellino,15064088,Santa Lucia di Serino,2,3,II
Campania,Avellino,15064093,Santa Paolina,1,3,II
Campania,Avellino,15064089,Sant'Andrea di Conza,1,3,II
Campania,Avellino,15064091,Sant'Angelo a Scala,2,3,II
Campania,Avellino,15064090,Sant'Angelo all'Esca,1,3,II
Campania,Avellino,15064092,Sant'Angelo dei Lombardi,1,3,II
Campania,Avellino,15064095,Santo Stefano del Sole,2,3,II
Campania,Avellino,15064096,Savignano Irpino,2,3,II
Campania,Avellino,15064097,Scampitella,1,3,II
Campania,Avellino,15064098,Senerchia,2,3,II
Campania,Avellino,15064099,Serino,2,3,II
Campania,Avellino,15064100,Sirignano,2,3,II
Campania,Avellino,15064101,Solofra,2,3,II
Campania,Avellino,15064102,Sorbo Serpico,2,3,II
Campania,Avellino,15064103,Sperone,2,3,II
Campania,Avellino,15064104,Sturno,1,3,II
Campania,Avellino,15064105,Summonte,2,3,II
Campania,Avellino,15064106,Taurano,2,3,II
Campania,Avellino,15064107,Taurasi,1,3,II
Campania,Avellino,15064108,Teora,1,3,II
Campania,Avellino,15064109,Torella dei Lombardi,1,3,II
Campania,Avellino,15064110,Torre Le Nocelle,1,3,II
Campania,Avellino,15064111,Torrioni,1,3,II
Campania,Avellino,15064112,Trevico,1,3,II
Campania,Avellino,15064113,Tufo,1,3,II
Campania,Avellino,15064114,Vallata,1,3,II
Campania,Avellino,15064115,Vallesaccarda,1,3,II
Campania,Avellino,15064116,Venticano,1,3,II
Campania,Avellino,15064117,Villamaina,1,3,II
Campania,Avellino,15064118,Villanova del Battista,1,3,II
Campania,Avellino,15064119,Volturara Irpina,2,3,II
Campania,Avellino,15064120,Zungoli,1,3,II
Campania,Benevento,15062001,Airola,2,3,II
Campania,Benevento,15062002,Amorosi,2,3,II
Campania,Benevento,15062003,Apice,1,3,II
Campania,Benevento,15062004,Apollosa,1,3,II
Campania,Benevento,15062005,Arpaia,2,3,II
Campania,Benevento,15062006,Arpaise,2,3,II
Campania,Benevento,15062007,Baselice,2,3,II
Campania,Benevento,15062008,Benevento,1,3,II
Campania,Benevento,15062009,Bonea,2,3,II
Campania,Benevento,15062010,Bucciano,2,3,II
Campania,Benevento,15062011,Buonalbergo,1,3,II
Campania,Benevento,15062012,Calvi,1,3,II
Campania,Benevento,15062013,Campolattaro,1,3,II
Campania,Benevento,15062014,Campoli del Monte Taburno,1,3,II
Campania,Benevento,15062015,Casalduni,1,3,II
Campania,Benevento,15062016,Castelfranco in Miscano,2,3,II
Campania,Benevento,15062017,Castelpagano,1,3,II
Campania,Benevento,15062018,Castelpoto,1,3,II
Campania,Benevento,15062019,Castelvenere,1,3,II
Campania,Benevento,15062020,Castelvetere in Val Fortore,2,3,II
Campania,Benevento,15062021,Cautano,1,3,II
Campania,Benevento,15062022,Ceppaloni,2,3,II
Campania,Benevento,15062023,Cerreto Sannita,1,3,II
Campania,Benevento,15062024,Circello,1,3,II
Campania,Benevento,15062025,Colle Sannita,1,3,II
Campania,Benevento,15062026,Cusano Mutri,1,3,II
Campania,Benevento,15062027,Dugenta,2,3,II
Campania,Benevento,15062028,Durazzano,2,3,II
Campania,Benevento,15062029,Faicchio,1,3,II
Campania,Benevento,15062030,Foglianise,1,3,II
Campania,Benevento,15062031,Foiano di Val Fortore,2,3,II
Campania,Benevento,15062032,Forchia,2,3,II
Campania,Benevento,15062033,Fragneto l'Abate,1,3,II
Campania,Benevento,15062034,Fragneto Monforte,1,3,II
Campania,Benevento,15062035,Frasso Telesino,2,3,II
Campania,Benevento,15062036,Ginestra degli Schiavoni,2,3,II
Campania,Benevento,15062037,Guardia Sanframondi,1,3,II
Campania,Benevento,15062038,Limatola,2,3,II
Campania,Benevento,15062039,Melizzano,2,3,II
Campania,Benevento,15062040,Moiano,2,3,II
Campania,Benevento,15062041,Molinara,1,3,II
Campania,Benevento,15062042,Montefalcone di Val Fortore,2,3,II
Campania,Benevento,15062043,Montesarchio,2,3,II
Campania,Benevento,15062044,Morcone,1,3,II
Campania,Benevento,15062045,Paduli,1,3,II
Campania,Benevento,15062046,Pago Veiano,1,3,II
Campania,Benevento,15062047,Pannarano,2,3,II
Campania,Benevento,15062048,Paolisi,2,3,II
Campania,Benevento,15062049,Paupisi,1,3,II
Campania,Benevento,15062050,Pesco Sannita,1,3,II
Campania,Benevento,15062051,Pietraroja,1,3,II
Campania,Benevento,15062052,Pietrelcina,1,3,II
Campania,Benevento,15062053,Ponte,1,3,II
Campania,Benevento,15062054,Pontelandolfo,1,3,II
Campania,Benevento,15062055,Puglianello,2,3,II
Campania,Benevento,15062056,Reino,1,3,II
Campania,Benevento,15062057,San Bartolomeo in Galdo,2,3,II
Campania,Benevento,15062058,San Giorgio del Sannio,1,3,II
Campania,Benevento,15062059,San Giorgio La Molara,1,3,II
Campania,Benevento,15062060,San Leucio del Sannio,1,3,II
Campania,Benevento,15062061,San Lorenzello,1,3,II
Campania,Benevento,15062062,San Lorenzo Maggiore,1,3,II
Campania,Benevento,15062063,San Lupo,1,3,II
Campania,Benevento,15062064,San Marco dei Cavoti,1,3,II
Campania,Benevento,15062065,San Martino Sannita,1,3,II
Campania,Benevento,15062066,San Nazzaro,1,3,II
Campania,Benevento,15062067,San Nicola Manfredi,1,3,II
Campania,Benevento,15062068,San Salvatore Telesino,2,3,II
Campania,Benevento,15062069,Santa Croce del Sannio,1,3,II
Campania,Benevento,15062070,Sant'Agata de' Goti,2,3,II
Campania,Benevento,15062071,Sant'Angelo a Cupolo,1,3,II
Campania,Benevento,15062078,Sant'Arcangelo Trimonte,1,3,II
Campania,Benevento,15062072,Sassinoro,1,3,II
Campania,Benevento,15062073,Solopaca,2,3,II
Campania,Benevento,15062074,Telese,2,3,II
Campania,Benevento,15062075,Tocco Caudio,2,3,II
Campania,Benevento,15062076,Torrecuso,1,3,II
Campania,Benevento,15062077,Vitulano,1,3,II
Campania,Caserta,15061001,Ailano,2,3,III
Campania,Caserta,15061002,Alife,2,3,III
Campania,Caserta,15061003,Alvignano,2,3,III
Campania,Caserta,15061004,Arienzo,2,3,III
Campania,Caserta,15061005,Aversa,2,3,III
Campania,Caserta,15061006,Baia e Latina,2,3,III
Campania,Caserta,15061007,Bellona,2,3,III
Campania,Caserta,15061008,Caianello,2,3,III
Campania,Caserta,15061009,Caiazzo,2,3,III
Campania,Caserta,15061010,Calvi Risorta,2,3,III
Campania,Caserta,15061011,Camigliano,2,3,III
Campania,Caserta,15061012,Cancello ed Arnone,3,3,III
Campania,Caserta,15061013,Capodrise,2,3,III
Campania,Caserta,15061014,Capriati a Volturno,2,3,III
Campania,Caserta,15061015,Capua,2,3,III
Campania,Caserta,15061016,Carinaro,2,3,III
Campania,Caserta,15061017,Carinola,2,3,III
Campania,Caserta,15061018,Casagiove,2,3,III
Campania,Caserta,15061019,Casal di Principe,2,3,III
Campania,Caserta,15061020,Casaluce,2,3,III
Campania,Caserta,15061103,Casapesenna,2,3,III
Campania,Caserta,15061021,Casapulla,2,3,III
Campania,Caserta,15061022,Caserta,2,3,III
Campania,Caserta,15061023,Castel Campagnano,2,3,III
Campania,Caserta,15061024,Castel di Sasso,2,3,III
Campania,Caserta,15061026,Castel Morrone,2,3,III
Campania,Caserta,15061027,Castel Volturno,3,3,III
Campania,Caserta,15061025,Castello del Matese,1,3,III
Campania,Caserta,15061102,Cellole,2,3,III
Campania,Caserta,15061028,Cervino,2,3,III
Campania,Caserta,15061029,Cesa,2,3,III
Campania,Caserta,15061030,Ciorlano,2,3,III
Campania,Caserta,15061031,Conca della Campania,2,3,III
Campania,Caserta,15061032,Curti,2,3,III
Campania,Caserta,15061033,Dragoni,2,3,III
Campania,Caserta,15061101,Falciano del Massico,2,3,III
Campania,Caserta,15061034,Fontegreca,2,3,III
Campania,Caserta,15061035,Formicola,2,3,III
Campania,Caserta,15061036,Francolise,2,3,III
Campania,Caserta,15061037,Frignano,2,3,III
Campania,Caserta,15061038,Gallo Matese,2,3,III
Campania,Caserta,15061039,Galluccio,2,3,III
Campania,Caserta,15061040,Giano Vetusto,2,3,III
Campania,Caserta,15061041,Gioia Sannitica,1,3,III
Campania,Caserta,15061042,Grazzanise,2,3,III
Campania,Caserta,15061043,Gricignano di Aversa,2,3,III
Campania,Caserta,15061044,Letino,2,3,III
Campania,Caserta,15061045,Liberi,2,3,III
Campania,Caserta,15061046,Lusciano,2,3,III
Campania,Caserta,15061047,Macerata Campania,2,3,III
Campania,Caserta,15061048,Maddaloni,2,3,III
Campania,Caserta,15061049,Marcianise,2,3,III
Campania,Caserta,15061050,Marzano Appio,2,3,III
Campania,Caserta,15061051,Mignano Monte Lungo,2,3,III
Campania,Caserta,15061052,Mondragone,3,3,III
Campania,Caserta,15061053,Orta di Atella,2,3,III
Campania,Caserta,15061054,Parete,2,3,III
Campania,Caserta,15061055,Pastorano,2,3,III
Campania,Caserta,15061056,Piana di Monte Verna,2,3,III
Campania,Caserta,15061057,Piedimonte Matese,1,3,III
Campania,Caserta,15061058,Pietramelara,2,3,III
Campania,Caserta,15061059,Pietravairano,2,3,III
Campania,Caserta,15061060,Pignataro Maggiore,2,3,III
Campania,Caserta,15061061,Pontelatone,2,3,III
Campania,Caserta,15061062,Portico di Caserta,2,3,III
Campania,Caserta,15061063,Prata Sannita,2,3,III
Campania,Caserta,15061064,Pratella,2,3,III
Campania,Caserta,15061065,Presenzano,2,3,III
Campania,Caserta,15061066,Raviscanina,2,3,III
Campania,Caserta,15061067,Recale,2,3,III
Campania,Caserta,15061068,Riardo,2,3,III
Campania,Caserta,15061069,Rocca d'Evandro,2,3,III
Campania,Caserta,15061070,Roccamonfina,2,3,III
Campania,Caserta,15061071,Roccaromana,2,3,III
Campania,Caserta,15061072,Rocchetta e Croce,2,3,III
Campania,Caserta,15061073,Ruviano,2,3,III
Campania,Caserta,15061074,San Cipriano d'Aversa,2,3,III
Campania,Caserta,15061075,San Felice a Cancello,2,3,III
Campania,Caserta,15061076,San Gregorio Matese,1,3,III
Campania,Caserta,15061077,San Marcellino,2,3,III
Campania,Caserta,15061104,San Marco Evangelista,2,3,III
Campania,Caserta,15061078,San Nicola la Strada,2,3,III
Campania,Caserta,15061079,San Pietro Infine,2,3,III
Campania,Caserta,15061080,San Potito Sannitico,1,3,III
Campania,Caserta,15061081,San Prisco,2,3,III
Campania,Caserta,15061085,San Tammaro,2,3,III
Campania,Caserta,15061082,Santa Maria a Vico,2,3,III
Campania,Caserta,15061083,Santa Maria Capua Vetere,2,3,III
Campania,Caserta,15061084,Santa Maria la Fossa,2,3,III
Campania,Caserta,15061086,Sant'Angelo d'Alife,2,3,III
Campania,Caserta,15061087,Sant'Arpino,2,3,III
Campania,Caserta,15061088,Sessa Aurunca,2,3,III
Campania,Caserta,15061089,Sparanise,2,3,III
Campania,Caserta,15061090,Succivo,2,3,III
Campania,Caserta,15061091,Teano,2,3,III
Campania,Caserta,15061092,Teverola,2,3,III
Campania,Caserta,15061093,Tora e Piccilli,2,3,III
Campania,Caserta,15061094,Trentola-Ducenta,2,3,III
Campania,Caserta,15061095,Vairano Patenora,2,3,III
Campania,Caserta,15061096,Valle Agricola,2,3,III
Campania,Caserta,15061097,Valle di Maddaloni,2,3,III
Campania,Caserta,15061098,Villa di Briano,2,3,III
Campania,Caserta,15061099,Villa Literno,2,3,III
Campania,Caserta,15061100,Vitulazio,2,3,III
Campania,Napoli,15063001,Acerra,2,3,III
Campania,Napoli,15063002,Afragola,2,3,III
Campania,Napoli,15063003,Agerola,3,3,III
Campania,Napoli,15063004,Anacapri,3,3,III
Campania,Napoli,15063005,Arzano,2,3,III
Campania,Napoli,15063006,Bacoli,2,3,III
Campania,Napoli,15063007,Barano d'Ischia,2,3,III
Campania,Napoli,15063008,Boscoreale,2,3,III
Campania,Napoli,15063009,Boscotrecase,2,3,III
Campania,Napoli,15063010,Brusciano,2,3,III
Campania,Napoli,15063011,Caivano,2,3,III
Campania,Napoli,15063012,Calvizzano,2,3,III
Campania,Napoli,15063013,Camposano,2,3,III
Campania,Napoli,15063014,Capri,3,3,III
Campania,Napoli,15063015,Carbonara di Nola,2,3,III
Campania,Napoli,15063016,Cardito,2,3,III
Campania,Napoli,15063017,Casalnuovo di Napoli,2,3,III
Campania,Napoli,15063018,Casamarciano,2,3,III
Campania,Napoli,15063019,Casamicciola Terme,2,3,III
Campania,Napoli,15063020,Casandrino,2,3,III
Campania,Napoli,15063021,Casavatore,2,3,III
Campania,Napoli,15063022,Casola di Napoli,3,3,III
Campania,Napoli,15063023,Casoria,2,3,III
Campania,Napoli,15063024,Castellammare di Stabia,3,3,III
Campania,Napoli,15063025,Castello di Cisterna,2,3,III
Campania,Napoli,15063026,Cercola,2,3,III
Campania,Napoli,15063027,Cicciano,2,3,III
Campania,Napoli,15063028,Cimitile,2,3,III
Campania,Napoli,15063029,Comiziano,2,3,III
Campania,Napoli,15063030,Crispano,2,3,III
Campania,Napoli,15063064,Ercolano,2,3,III
Campania,Napoli,15063031,Forio,2,3,III
Campania,Napoli,15063032,Frattamaggiore,2,3,III
Campania,Napoli,15063033,Frattaminore,2,3,III
Campania,Napoli,15063034,Giugliano in Campania,2,3,III
Campania,Napoli,15063035,Gragnano,3,3,III
Campania,Napoli,15063036,Grumo Nevano,2,3,III
Campania,Napoli,15063037,Ischia,2,3,III
Campania,Napoli,15063038,Lacco Ameno,2,3,III
Campania,Napoli,15063039,Lettere,3,3,III
Campania,Napoli,15063040,Liveri,2,3,III
Campania,Napoli,15063041,Marano di Napoli,2,3,III
Campania,Napoli,15063042,Mariglianella,2,3,III
Campania,Napoli,15063043,Marigliano,2,3,III
Campania,Napoli,15063092,Massa di Somma,2,3,III
Campania,Napoli,15063044,Massa Lubrense,3,3,III
Campania,Napoli,15063045,Melito di Napoli,2,3,III
Campania,Napoli,15063046,Meta,3,3,III
Campania,Napoli,15063047,Monte di Procida,2,3,III
Campania,Napoli,15063048,Mugnano di Napoli,2,3,III
Campania,Napoli,15063049,Napoli,2,3,III
Campania,Napoli,15063050,Nola,2,3,III
Campania,Napoli,15063051,Ottaviano,2,3,III
Campania,Napoli,15063052,Palma Campania,2,3,III
Campania,Napoli,15063053,Piano di Sorrento,3,3,III
Campania,Napoli,15063054,Pimonte,3,3,III
Campania,Napoli,15063055,Poggiomarino,2,3,III
Campania,Napoli,15063056,Pollena Trocchia,2,3,III
Campania,Napoli,15063057,Pomigliano d'Arco,2,3,III
Campania,Napoli,15063058,Pompei,2,3,III
Campania,Napoli,15063059,Portici,2,3,III
Campania,Napoli,15063060,Pozzuoli,2,3,III
Campania,Napoli,15063061,Procida,2,3,III
Campania,Napoli,15063062,Qualiano,2,3,III
Campania,Napoli,15063063,Quarto,2,3,III
Campania,Napoli,15063065,Roccarainola,2,3,III
Campania,Napoli,15063066,San Gennaro Vesuviano,2,3,III
Campania,Napoli,15063067,San Giorgio a Cremano,2,3,III
Campania,Napoli,15063068,San Giuseppe Vesuviano,2,3,III
Campania,Napoli,15063069,San Paolo Bel Sito,2,3,III
Campania,Napoli,15063070,San Sebastiano al Vesuvio,2,3,III
Campania,Napoli,15063075,San Vitaliano,2,3,III
Campania,Napoli,15063090,Santa Maria la Carità,3,3,III
Campania,Napoli,15063071,Sant'Agnello,3,3,III
Campania,Napoli,15063072,Sant'Anastasia,2,3,III
Campania,Napoli,15063073,Sant'Antimo,2,3,III
Campania,Napoli,15063074,Sant'Antonio Abate,3,3,III
Campania,Napoli,15063076,Saviano,2,3,III
Campania,Napoli,15063077,Scisciano,2,3,III
Campania,Napoli,15063078,Serrara Fontana,2,3,III
Campania,Napoli,15063079,Somma Vesuviana,2,3,III
Campania,Napoli,15063080,Sorrento,3,3,III
Campania,Napoli,15063081,Striano,2,3,III
Campania,Napoli,15063082,Terzigno,2,3,III
Campania,Napoli,15063083,Torre Annunziata,2,3,III
Campania,Napoli,15063084,Torre del Greco,2,3,III
Campania,Napoli,15063091,Trecase,2,3,III
Campania,Napoli,15063085,Tufino,2,3,III
Campania,Napoli,15063086,Vico Equense,3,3,III
Campania,Napoli,15063087,Villaricca,2,3,III
Campania,Napoli,15063088,Visciano,2,3,III
Campania,Napoli,15063089,Volla,2,3,III
Campania,Salerno,15065001,Acerno,2,3,III
Campania,Salerno,15065002,Agropoli,3,3,III
Campania,Salerno,15065003,Albanella,2,3,III
Campania,Salerno,15065004,Alfano,2,3,III
Campania,Salerno,15065005,Altavilla Silentina,2,3,III
Campania,Salerno,15065006,Amalfi,3,3,III
Campania,Salerno,15065007,Angri,2,3,III
Campania,Salerno,15065008,Aquara,2,3,III
Campania,Salerno,15065009,Ascea,3,3,III
Campania,Salerno,15065010,Atena Lucana,1,3,III
Campania,Salerno,15065011,Atrani,3,3,III
Campania,Salerno,15065012,Auletta,2,3,III
Campania,Salerno,15065013,Baronissi,2,3,III
Campania,Salerno,15065014,Battipaglia,2,3,III
Campania,Salerno,15065158,Bellizzi,2,3,III
Campania,Salerno,15065015,Bellosguardo,2,3,III
Campania,Salerno,15065016,Bracigliano,2,3,III
Campania,Salerno,15065017,Buccino,1,3,III
Campania,Salerno,15065018,Buonabitacolo,1,3,III
Campania,Salerno,15065019,Caggiano,1,3,III
Campania,Salerno,15065020,Calvanico,2,3,III
Campania,Salerno,15065021,Camerota,3,3,III
Campania,Salerno,15065022,Campagna,2,3,III
Campania,Salerno,15065023,Campora,2,3,III
Campania,Salerno,15065024,Cannalonga,2,3,III
Campania,Salerno,15065025,Capaccio,3,3,III
Campania,Salerno,15065028,Casal Velino,3,3,III
Campania,Salerno,15065026,Casalbuono,2,3,III
Campania,Salerno,15065027,Casaletto Spartano,2,3,III
Campania,Salerno,15065029,Caselle in Pittari,2,3,III
Campania,Salerno,15065034,Castel San Giorgio,2,3,III
Campania,Salerno,15065035,Castel San Lorenzo,2,3,III
Campania,Salerno,15065030,Castelcivita,2,3,III
Campania,Salerno,15065031,Castellabate,3,3,III
Campania,Salerno,15065032,Castelnuovo Cilento,3,3,III
Campania,Salerno,15065033,Castelnuovo di Conza,1,3,III
Campania,Salerno,15065036,Castiglione del Genovesi,2,3,III
Campania,Salerno,15065037,Cava de' Tirreni,3,3,III
Campania,Salerno,15065038,Celle di Bulgheria,2,3,III
Campania,Salerno,15065039,Centola,3,3,III
Campania,Salerno,15065040,Ceraso,3,3,III
Campania,Salerno,15065041,Cetara,3,3,III
Campania,Salerno,15065042,Cicerale,3,3,III
Campania,Salerno,15065043,Colliano,1,3,III
Campania,Salerno,15065044,Conca dei Marini,3,3,III
Campania,Salerno,15065045,Controne,2,3,III
Campania,Salerno,15065046,Contursi Terme,2,3,III
Campania,Salerno,15065047,Corbara,3,3,III
Campania,Salerno,15065048,Corleto Monforte,2,3,III
Campania,Salerno,15065049,Cuccaro Vetere,2,3,III
Campania,Salerno,15065050,Eboli,2,3,III
Campania,Salerno,15065051,Felitto,2,3,III
Campania,Salerno,15065052,Fisciano,2,3,III
Campania,Salerno,15065053,Furore,3,3,III
Campania,Salerno,15065054,Futani,2,3,III
Campania,Salerno,15065055,Giffoni Sei Casali,2,3,III
Campania,Salerno,15065056,Giffoni Valle Piana,2,3,III
Campania,Salerno,15065057,Gioi,2,3,III
Campania,Salerno,15065058,Giungano,2,3,III
Campania,Salerno,15065059,Ispani,2,3,III
Campania,Salerno,15065060,Laureana Cilento,3,3,III
Campania,Salerno,15065061,Laurino,2,3,III
Campania,Salerno,15065062,Laurito,2,3,III
Campania,Salerno,15065063,Laviano,1,3,III
Campania,Salerno,15065064,Lustra,3,3,III
Campania,Salerno,15065065,Magliano Vetere,2,3,III
Campania,Salerno,15065066,Maiori,3,3,III
Campania,Salerno,15065067,Mercato San Severino,2,3,III
Campania,Salerno,15065068,Minori,3,3,III
Campania,Salerno,15065069,Moio della Civitella,2,3,III
Campania,Salerno,15065070,Montano Antilia,2,3,III
Campania,Salerno,15065075,Monte San Giacomo,2,3,III
Campania,Salerno,15065071,Montecorice,3,3,III
Campania,Salerno,15065072,Montecorvino Pugliano,2,3,III
Campania,Salerno,15065073,Montecorvino Rovella,2,3,III
Campania,Salerno,15065074,Monteforte Cilento,2,3,III
Campania,Salerno,15065076,Montesano sulla Marcellana,1,3,III
Campania,Salerno,15065077,Morigerati,2,3,III
Campania,Salerno,15065078,Nocera Inferiore,2,3,III
Campania,Salerno,15065079,Nocera Superiore,2,3,III
Campania,Salerno,15065080,Novi Velia,2,3,III
Campania,Salerno,15065081,Ogliastro Cilento,3,3,III
Campania,Salerno,15065082,Olevano sul Tusciano,2,3,III
Campania,Salerno,15065083,Oliveto Citra,2,3,III
Campania,Salerno,15065084,Omignano,3,3,III
Campania,Salerno,15065085,Orria,2,3,III
Campania,Salerno,15065086,Ottati,2,3,III
Campania,Salerno,15065087,Padula,1,3,III
Campania,Salerno,15065088,Pagani,2,3,III
Campania,Salerno,15065089,Palomonte,2,3,III
Campania,Salerno,15065090,Pellezzano,2,3,III
Campania,Salerno,15065091,Perdifumo,3,3,III
Campania,Salerno,15065092,Perito,3,3,III
Campania,Salerno,15065093,Pertosa,1,3,III
Campania,Salerno,15065094,Petina,2,3,III
Campania,Salerno,15065095,Piaggine,2,3,III
Campania,Salerno,15065096,Pisciotta,3,3,III
Campania,Salerno,15065097,Polla,1,3,III
Campania,Salerno,15065098,Pollica,3,3,III
Campania,Salerno,15065099,Pontecagnano Faiano,2,3,III
Campania,Salerno,15065100,Positano,3,3,III
Campania,Salerno,15065101,Postiglione,2,3,III
Campania,Salerno,15065102,Praiano,3,3,III
Campania,Salerno,15065103,Prignano Cilento,3,3,III
Campania,Salerno,15065104,Ravello,3,3,III
Campania,Salerno,15065105,Ricigliano,1,3,III
Campania,Salerno,15065106,Roccadaspide,2,3,III
Campania,Salerno,15065107,Roccagloriosa,2,3,III
Campania,Salerno,15065108,Roccapiemonte,2,3,III
Campania,Salerno,15065109,Rofrano,2,3,III
Campania,Salerno,15065110,Romagnano al Monte,1,3,III
Campania,Salerno,15065111,Roscigno,2,3,III
Campania,Salerno,15065112,Rutino,3,3,III
Campania,Salerno,15065113,Sacco,2,3,III
Campania,Salerno,15065114,Sala Consilina,1,3,III
Campania,Salerno,15065115,Salento,3,3,III
Campania,Salerno,15065116,Salerno,2,3,III
Campania,Salerno,15065117,Salvitelle,1,3,III
Campania,Salerno,15065118,San Cipriano Picentino,2,3,III
Campania,Salerno,15065119,San Giovanni a Piro,2,3,III
Campania,Salerno,15065120,San Gregorio Magno,1,3,III
Campania,Salerno,15065121,San Mango Piemonte,2,3,III
Campania,Salerno,15065122,San Marzano sul Sarno,2,3,III
Campania,Salerno,15065123,San Mauro Cilento,3,3,III
Campania,Salerno,15065124,San Mauro la Bruca,3,3,III
Campania,Salerno,15065125,San Pietro al Tanagro,2,3,III
Campania,Salerno,15065126,San Rufo,2,3,III
Campania,Salerno,15065132,San Valentino Torio,2,3,III
Campania,Salerno,15065127,Santa Marina,2,3,III
Campania,Salerno,15065128,Sant'Angelo a Fasanella,2,3,III
Campania,Salerno,15065129,Sant'Arsenio,2,3,III
Campania,Salerno,15065130,Sant'Egidio del Monte Albino,2,3,III
Campania,Salerno,15065131,Santomenna,1,3,III
Campania,Salerno,15065133,Sanza,2,3,III
Campania,Salerno,15065134,Sapri,2,3,III
Campania,Salerno,15065135,Sarno,2,3,III
Campania,Salerno,15065136,Sassano,2,3,III
Campania,Salerno,15065137,Scafati,2,3,III
Campania,Salerno,15065138,Scala,3,3,III
Campania,Salerno,15065139,Serramezzana,3,3,III
Campania,Salerno,15065140,Serre,2,3,III
Campania,Salerno,15065141,Sessa Cilento,3,3,III
Campania,Salerno,15065142,Siano,2,3,III
Campania,Salerno,15065143,Sicignano degli Alburni,2,3,III
Campania,Salerno,15065144,Stella Cilento,3,3,III
Campania,Salerno,15065145,Stio,2,3,III
Campania,Salerno,15065146,Teggiano,2,3,III
Campania,Salerno,15065147,Torchiara,3,3,III
Campania,Salerno,15065148,Torraca,2,3,III
Campania,Salerno,15065149,Torre Orsaia,2,3,III
Campania,Salerno,15065150,Tortorella,2,3,III
Campania,Salerno,15065151,Tramonti,3,3,III
Campania,Salerno,15065152,Trentinara,2,3,III
Campania,Salerno,15065153,Valle dell'Angelo,2,3,III
Campania,Salerno,15065154,Vallo della Lucania,2,3,III
Campania,Salerno,15065155,Valva,1,3,III
Campania,Salerno,15065156,Vibonati,2,3,III
Campania,Salerno,15065157,Vietri sul Mare,3,3,III
Emilia-Romagna,Bologna,8037001,Anzola dell'Emilia,3,2,I (mediterranea)
Emilia-Romagna,Bologna,8037002,Argelato,3,2,I (mediterranea)
Emilia-Romagna,Bologna,8037003,Baricella,3,2,I (mediterranea)
Emilia-Romagna,Bologna,8037004,Bazzano,3,2,I (mediterranea)
Emilia-Romagna,Bologna,8037005,Bentivoglio,3,2,I (mediterranea)
Emilia-Romagna,Bologna,8037006,Bologna,3,2,I (mediterranea)
Emilia-Romagna,Bologna,8037007,Borgo Tossignano,2,2,I (mediterranea)
Emilia-Romagna,Bologna,8037008,Budrio,3,2,I (mediterranea)
Emilia-Romagna,Bologna,8037009,Calderara di Reno,3,2,I (mediterranea)
Emilia-Romagna,Bologna,8037010,Camugnano,3,2,I (mediterranea)
Emilia-Romagna,Bologna,8037011,Casalecchio di Reno,3,2,I (mediterranea)
Emilia-Romagna,Bologna,8037012,Casalfiumanese,2,2,I (mediterranea)
Emilia-Romagna,Bologna,8037013,Castel d'Aiano,3,2,I (mediterranea)
Emilia-Romagna,Bologna,8037014,Castel del Rio,2,2,I (mediterranea)
Emilia-Romagna,Bologna,8037015,Castel di Casio,3,2,I (mediterranea)
Emilia-Romagna,Bologna,8037016,Castel Guelfo di Bologna,2,2,I (mediterranea)
Emilia-Romagna,Bologna,8037019,Castel Maggiore,3,2,I (mediterranea)
Emilia-Romagna,Bologna,8037020,Castel San Pietro Terme,2,2,I (mediterranea)
Emilia-Romagna,Bologna,8037017,Castello d'Argile,3,2,I (mediterranea)
Emilia-Romagna,Bologna,8037018,Castello di Serravalle,3,2,I (mediterranea)
Emilia-Romagna,Bologna,8037021,Castenaso,3,2,I (mediterranea)
Emilia-Romagna,Bologna,8037022,Castiglione dei Pepoli,3,2,I (mediterranea)
Emilia-Romagna,Bologna,8037023,Crespellano,3,2,I (mediterranea)
Emilia-Romagna,Bologna,8037024,Crevalcore,3,2,I (mediterranea)
Emilia-Romagna,Bologna,8037025,Dozza,2,2,I (mediterranea)
Emilia-Romagna,Bologna,8037026,Fontanelice,2,2,I (mediterranea)
Emilia-Romagna,Bologna,8037027,Gaggio Montano,3,2,I (mediterranea)
Emilia-Romagna,Bologna,8037028,Galliera,3,2,I (mediterranea)
Emilia-Romagna,Bologna,8037029,Granaglione,3,2,I (mediterranea)
Emilia-Romagna,Bologna,8037030,Granarolo dell'Emilia,3,2,I (mediterranea)
Emilia-Romagna,Bologna,8037031,Grizzana Morandi,3,2,I (mediterranea)
Emilia-Romagna,Bologna,8037032,Imola,2,2,I (mediterranea)
Emilia-Romagna,Bologna,8037033,Lizzano in Belvedere,3,2,I (mediterranea)
Emilia-Romagna,Bologna,8037034,Loiano,3,2,I (mediterranea)
Emilia-Romagna,Bologna,8037035,Malalbergo,3,2,I (mediterranea)
Emilia-Romagna,Bologna,8037036,Marzabotto,3,2,I (mediterranea)
Emilia-Romagna,Bologna,8037037,Medicina,2,2,I (mediterranea)
Emilia-Romagna,Bologna,8037038,Minerbio,3,2,I (mediterranea)
Emilia-Romagna,Bologna,8037039,Molinella,3,2,I (mediterranea)
Emilia-Romagna,Bologna,8037040,Monghidoro,3,2,I (mediterranea)
Emilia-Romagna,Bologna,8037042,Monte San Pietro,3,2,I (mediterranea)
Emilia-Romagna,Bologna,8037041,Monterenzio,2,2,I (mediterranea)
Emilia-Romagna,Bologna,8037043,Monteveglio,3,2,I (mediterranea)
Emilia-Romagna,Bologna,8037044,Monzuno,3,2,I (mediterranea)
Emilia-Romagna,Bologna,8037045,Mordano,2,2,I (mediterranea)
Emilia-Romagna,Bologna,8037046,Ozzano dell'Emilia,2,2,I (mediterranea)
Emilia-Romagna,Bologna,8037047,Pianoro,3,2,I (mediterranea)
Emilia-Romagna,Bologna,8037048,Pieve di Cento,3,2,I (mediterranea)
Emilia-Romagna,Bologna,8037049,Porretta Terme,3,2,I (mediterranea)
Emilia-Romagna,Bologna,8037050,Sala Bolognese,3,2,I (mediterranea)
Emilia-Romagna,Bologna,8037051,San Benedetto Val di Sambro,3,2,I (mediterranea)
Emilia-Romagna,Bologna,8037052,San Giorgio di Piano,3,2,I (mediterranea)
Emilia-Romagna,Bologna,8037053,San Giovanni in Persiceto,3,2,I (mediterranea)
Emilia-Romagna,Bologna,8037054,San Lazzaro di Savena,3,2,I (mediterranea)
Emilia-Romagna,Bologna,8037055,San Pietro in Casale,3,2,I (mediterranea)
Emilia-Romagna,Bologna,8037056,Sant'Agata Bolognese,3,2,I (mediterranea)
Emilia-Romagna,Bologna,8037057,Sasso Marconi,3,2,I (mediterranea)
Emilia-Romagna,Bologna,8037058,Savigno,3,2,I (mediterranea)
Emilia-Romagna,Bologna,8037059,Vergato,3,2,I (mediterranea)
Emilia-Romagna,Bologna,8037060,Zola Predosa,3,2,I (mediterranea)
Emilia-Romagna,Ferrara,8038001,Argenta,2,2,II
Emilia-Romagna,Ferrara,8038002,Berra,4,2,II
Emilia-Romagna,Ferrara,8038003,Bondeno,3,2,II
Emilia-Romagna,Ferrara,8038004,Cento,3,2,II
Emilia-Romagna,Ferrara,8038005,Codigoro,3,2,II
Emilia-Romagna,Ferrara,8038006,Comacchio,3,2,II
Emilia-Romagna,Ferrara,8038007,Copparo,3,2,II
Emilia-Romagna,Ferrara,8038008,Ferrara,3,2,II
Emilia-Romagna,Ferrara,8038009,Formignana,3,2,II
Emilia-Romagna,Ferrara,8038025,Goro,4,2,II
Emilia-Romagna,Ferrara,8038010,Jolanda di Savoia,3,2,II
Emilia-Romagna,Ferrara,8038011,Lagosanto,3,2,II
Emilia-Romagna,Ferrara,8038012,Masi Torello,3,2,II
Emilia-Romagna,Ferrara,8038013,Massa Fiscaglia,3,2,II
Emilia-Romagna,Ferrara,8038014,Mesola,4,2,II
Emilia-Romagna,Ferrara,8038015,Migliarino,3,2,II
Emilia-Romagna,Ferrara,8038026,Migliaro,3,2,II
Emilia-Romagna,Ferrara,8038016,Mirabello,3,2,II
Emilia-Romagna,Ferrara,8038017,Ostellato,3,2,II
Emilia-Romagna,Ferrara,8038018,Poggio Renatico,3,2,II
Emilia-Romagna,Ferrara,8038019,Portomaggiore,3,2,II
Emilia-Romagna,Ferrara,8038020,Ro,3,2,II
Emilia-Romagna,Ferrara,8038021,Sant'Agostino,3,2,II
Emilia-Romagna,Ferrara,8038024,Tresigallo,3,2,II
Emilia-Romagna,Ferrara,8038022,Vigarano Mainarda,3,2,II
Emilia-Romagna,Ferrara,8038023,Voghiera,3,2,II
Emilia-Romagna,Forlì-Cesena,8040001,Bagno di Romagna,2,2,I (mediterranea)
Emilia-Romagna,Forlì-Cesena,8040003,Bertinoro,2,2,I (mediterranea)
Emilia-Romagna,Forlì-Cesena,8040004,Borghi,2,2,I (mediterranea)
Emilia-Romagna,Forlì-Cesena,8040005,Castrocaro Terme e Terra del Sole,2,2,I (mediterranea)
Emilia-Romagna,Forlì-Cesena,8040007,Cesena,2,2,I (mediterranea)
Emilia-Romagna,Forlì-Cesena,8040008,Cesenatico,2,2,I (mediterranea)
Emilia-Romagna,Forlì-Cesena,8040009,Civitella di Romagna,2,2,I (mediterranea)
Emilia-Romagna,Forlì-Cesena,8040011,Dovadola,2,2,I (mediterranea)
Emilia-Romagna,Forlì-Cesena,8040012,Forlì,2,2,I (mediterranea)
Emilia-Romagna,Forlì-Cesena,8040013,Forlimpopoli,2,2,I (mediterranea)
Emilia-Romagna,Forlì-Cesena,8040014,Galeata,2,2,I (mediterranea)
Emilia-Romagna,Forlì-Cesena,8040015,Gambettola,2,2,I (mediterranea)
Emilia-Romagna,Forlì-Cesena,8040016,Gatteo,2,2,I (mediterranea)
Emilia-Romagna,Forlì-Cesena,8040018,Longiano,2,2,I (mediterranea)
Emilia-Romagna,Forlì-Cesena,8040019,Meldola,2,2,I (mediterranea)
Emilia-Romagna,Forlì-Cesena,8040020,Mercato Saraceno,2,2,I (mediterranea)
Emilia-Romagna,Forlì-Cesena,8040022,Modigliana,2,2,I (mediterranea)
Emilia-Romagna,Forlì-Cesena,8040028,Montiano,2,2,I (mediterranea)
Emilia-Romagna,Forlì-Cesena,8040031,Portico e San Benedetto,2,2,I (mediterranea)
Emilia-Romagna,Forlì-Cesena,8040032,Predappio,2,2,I (mediterranea)
Emilia-Romagna,Forlì-Cesena,8040033,Premilcuore,2,2,I (mediterranea)
Emilia-Romagna,Forlì-Cesena,8040036,Rocca San Casciano,2,2,I (mediterranea)
Emilia-Romagna,Forlì-Cesena,8040037,Roncofreddo,2,2,I (mediterranea)
Emilia-Romagna,Forlì-Cesena,8040041,San Mauro Pascoli,2,2,I (mediterranea)
Emilia-Romagna,Forlì-Cesena,8040043,Santa Sofia,2,2,I (mediterranea)
Emilia-Romagna,Forlì-Cesena,8040044,Sarsina,2,2,I (mediterranea)
Emilia-Romagna,Forlì-Cesena,8040045,Savignano sul Rubicone,2,2,I (mediterranea)
Emilia-Romagna,Forlì-Cesena,8040046,Sogliano al Rubicone,2,2,I (mediterranea)
Emilia-Romagna,Forlì-Cesena,8040049,Tredozio,2,2,I (mediterranea)
Emilia-Romagna,Forlì-Cesena,8040050,Verghereto,2,2,I (mediterranea)
Emilia-Romagna,Modena,8036001,Bastiglia,3,2,I (mediterranea)
Emilia-Romagna,Modena,8036002,Bomporto,3,2,I (mediterranea)
Emilia-Romagna,Modena,8036003,Campogalliano,3,2,I (mediterranea)
Emilia-Romagna,Modena,8036004,Camposanto,3,2,I (mediterranea)
Emilia-Romagna,Modena,8036005,Carpi,3,2,I (mediterranea)
Emilia-Romagna,Modena,8036006,Castelfranco Emilia,3,2,I (mediterranea)
Emilia-Romagna,Modena,8036007,Castelnuovo Rangone,3,2,I (mediterranea)
Emilia-Romagna,Modena,8036008,Castelvetro di Modena,2,2,I (mediterranea)
Emilia-Romagna,Modena,8036009,Cavezzo,3,2,I (mediterranea)
Emilia-Romagna,Modena,8036010,Concordia sulla Secchia,3,2,I (mediterranea)
Emilia-Romagna,Modena,8036011,Fanano,3,2,I (mediterranea)
Emilia-Romagna,Modena,8036012,Finale Emilia,3,2,I (mediterranea)
Emilia-Romagna,Modena,8036013,Fiorano Modenese,2,2,I (mediterranea)
Emilia-Romagna,Modena,8036014,Fiumalbo,3,2,I (mediterranea)
Emilia-Romagna,Modena,8036015,Formigine,2,2,I (mediterranea)
Emilia-Romagna,Modena,8036016,Frassinoro,2,2,I (mediterranea)
Emilia-Romagna,Modena,8036017,Guiglia,3,2,I (mediterranea)
Emilia-Romagna,Modena,8036018,Lama Mocogno,3,2,I (mediterranea)
Emilia-Romagna,Modena,8036019,Maranello,2,2,I (mediterranea)
Emilia-Romagna,Modena,8036020,Marano sul Panaro,3,2,I (mediterranea)
Emilia-Romagna,Modena,8036021,Medolla,3,2,I (mediterranea)
Emilia-Romagna,Modena,8036022,Mirandola,3,2,I (mediterranea)
Emilia-Romagna,Modena,8036023,Modena,3,2,I (mediterranea)
Emilia-Romagna,Modena,8036024,Montecreto,3,2,I (mediterranea)
Emilia-Romagna,Modena,8036025,Montefiorino,3,2,I (mediterranea)
Emilia-Romagna,Modena,8036026,Montese,3,2,I (mediterranea)
Emilia-Romagna,Modena,8036027,Nonantola,3,2,I (mediterranea)
Emilia-Romagna,Modena,8036028,Novi di Modena,3,2,I (mediterranea)
Emilia-Romagna,Modena,8036029,Palagano,3,2,I (mediterranea)
Emilia-Romagna,Modena,8036030,Pavullo nel Frignano,3,2,I (mediterranea)
Emilia-Romagna,Modena,8036031,Pievepelago,2,2,I (mediterranea)
Emilia-Romagna,Modena,8036032,Polinago,3,2,I (mediterranea)
Emilia-Romagna,Modena,8036033,Prignano sulla Secchia,3,2,I (mediterranea)
Emilia-Romagna,Modena,8036034,Ravarino,3,2,I (mediterranea)
Emilia-Romagna,Modena,8036035,Riolunato,3,2,I (mediterranea)
Emilia-Romagna,Modena,8036036,San Cesario sul Panaro,3,2,I (mediterranea)
Emilia-Romagna,Modena,8036037,San Felice sul Panaro,3,2,I (mediterranea)
Emilia-Romagna,Modena,8036038,San Possidonio,3,2,I (mediterranea)
Emilia-Romagna,Modena,8036039,San Prospero,3,2,I (mediterranea)
Emilia-Romagna,Modena,8036040,Sassuolo,2,2,I (mediterranea)
Emilia-Romagna,Modena,8036041,Savignano sul Panaro,3,2,I (mediterranea)
Emilia-Romagna,Modena,8036042,Serramazzoni,3,2,I (mediterranea)
Emilia-Romagna,Modena,8036043,Sestola,3,2,I (mediterranea)
Emilia-Romagna,Modena,8036044,Soliera,3,2,I (mediterranea)
Emilia-Romagna,Modena,8036045,Spilamberto,3,2,I (mediterranea)
Emilia-Romagna,Modena,8036046,Vignola,3,2,I (mediterranea)
Emilia-Romagna,Modena,8036047,Zocca,3,2,I (mediterranea)
Emilia-Romagna,Parma,8034001,Albareto,2,2,I (mediterranea)
Emilia-Romagna,Parma,8034002,Bardi,3,2,I (mediterranea)
Emilia-Romagna,Parma,8034003,Bedonia,2,2,I (mediterranea)
Emilia-Romagna,Parma,8034004,Berceto,3,2,I (mediterranea)
Emilia-Romagna,Parma,8034005,Bore,3,2,I (mediterranea)
Emilia-Romagna,Parma,8034006,Borgo Val di Taro,2,2,I (mediterranea)
Emilia-Romagna,Parma,8034007,Busseto,3,2,I (mediterranea)
Emilia-Romagna,Parma,8034008,Calestano,3,2,I (mediterranea)
Emilia-Romagna,Parma,8034009,Collecchio,3,2,I (mediterranea)
Emilia-Romagna,Parma,8034010,Colorno,3,2,I (mediterranea)
Emilia-Romagna,Parma,8034011,Compiano,2,2,I (mediterranea)
Emilia-Romagna,Parma,8034012,Corniglio,3,2,I (mediterranea)
Emilia-Romagna,Parma,8034013,Felino,3,2,I (mediterranea)
Emilia-Romagna,Parma,8034014,Fidenza,3,2,I (mediterranea)
Emilia-Romagna,Parma,8034015,Fontanellato,3,2,I (mediterranea)
Emilia-Romagna,Parma,8034016,Fontevivo,3,2,I (mediterranea)
Emilia-Romagna,Parma,8034017,Fornovo di Taro,3,2,I (mediterranea)
Emilia-Romagna,Parma,8034018,Langhirano,3,2,I (mediterranea)
Emilia-Romagna,Parma,8034019,Lesignano de' Bagni,3,2,I (mediterranea)
Emilia-Romagna,Parma,8034020,Medesano,3,2,I (mediterranea)
Emilia-Romagna,Parma,8034021,Mezzani,3,2,I (mediterranea)
Emilia-Romagna,Parma,8034022,Monchio delle Corti,2,2,I (mediterranea)
Emilia-Romagna,Parma,8034023,Montechiarugolo,3,2,I (mediterranea)
Emilia-Romagna,Parma,8034024,Neviano degli Arduini,3,2,I (mediterranea)
Emilia-Romagna,Parma,8034025,Noceto,3,2,I (mediterranea)
Emilia-Romagna,Parma,8034026,Palanzano,2,2,I (mediterranea)
Emilia-Romagna,Parma,8034027,Parma,3,2,I (mediterranea)
Emilia-Romagna,Parma,8034028,Pellegrino Parmense,3,2,I (mediterranea)
Emilia-Romagna,Parma,8034029,Polesine Parmense,3,2,I (mediterranea)
Emilia-Romagna,Parma,8034030,Roccabianca,3,2,I (mediterranea)
Emilia-Romagna,Parma,8034031,Sala Baganza,3,2,I (mediterranea)
Emilia-Romagna,Parma,8034032,Salsomaggiore Terme,3,2,I (mediterranea)
Emilia-Romagna,Parma,8034033,San Secondo Parmense,3,2,I (mediterranea)
Emilia-Romagna,Parma,8034034,Sissa,3,2,I (mediterranea)
Emilia-Romagna,Parma,8034035,Solignano,3,2,I (mediterranea)
Emilia-Romagna,Parma,8034036,Soragna,3,2,I (mediterranea)
Emilia-Romagna,Parma,8034037,Sorbolo,3,2,I (mediterranea)
Emilia-Romagna,Parma,8034038,Terenzo,3,2,I (mediterranea)
Emilia-Romagna,Parma,8034039,Tizzano Val Parma,3,2,I (mediterranea)
Emilia-Romagna,Parma,8034040,Tornolo,2,2,I (mediterranea)
Emilia-Romagna,Parma,8034041,Torrile,3,2,I (mediterranea)
Emilia-Romagna,Parma,8034042,Traversetolo,3,2,I (mediterranea)
Emilia-Romagna,Parma,8034043,Trecasali,3,2,I (mediterranea)
Emilia-Romagna,Parma,8034044,Valmozzola,3,2,I (mediterranea)
Emilia-Romagna,Parma,8034045,Varano de' Melegari,3,2,I (mediterranea)
Emilia-Romagna,Parma,8034046,Varsi,3,2,I (mediterranea)
Emilia-Romagna,Parma,8034048,Zibello,3,2,I (mediterranea)
Emilia-Romagna,Piacenza,8033001,Agazzano,4,2,I (mediterranea)
Emilia-Romagna,Piacenza,8033002,Alseno,3,2,I (mediterranea)
Emilia-Romagna,Piacenza,8033003,Besenzone,3,2,I (mediterranea)
Emilia-Romagna,Piacenza,8033004,Bettola,3,2,I (mediterranea)
Emilia-Romagna,Piacenza,8033005,Bobbio,3,2,I (mediterranea)
Emilia-Romagna,Piacenza,8033006,Borgonovo Val Tidone,4,2,I (mediterranea)
Emilia-Romagna,Piacenza,8033007,Cadeo,3,2,I (mediterranea)
Emilia-Romagna,Piacenza,8033008,Calendasco,4,2,I (mediterranea)
Emilia-Romagna,Piacenza,8033009,Caminata,4,2,I (mediterranea)
Emilia-Romagna,Piacenza,8033010,Caorso,4,2,I (mediterranea)
Emilia-Romagna,Piacenza,8033011,Carpaneto Piacentino,3,2,I (mediterranea)
Emilia-Romagna,Piacenza,8033013,Castel San Giovanni,4,2,I (mediterranea)
Emilia-Romagna,Piacenza,8033012,Castell'Arquato,3,2,I (mediterranea)
Emilia-Romagna,Piacenza,8033014,Castelvetro Piacentino,4,2,I (mediterranea)
Emilia-Romagna,Piacenza,8033015,Cerignale,3,2,I (mediterranea)
Emilia-Romagna,Piacenza,8033016,Coli,3,2,I (mediterranea)
Emilia-Romagna,Piacenza,8033017,Corte Brugnatella,3,2,I (mediterranea)
Emilia-Romagna,Piacenza,8033018,Cortemaggiore,3,2,I (mediterranea)
Emilia-Romagna,Piacenza,8033019,Farini,3,2,I (mediterranea)
Emilia-Romagna,Piacenza,8033020,Ferriere,3,2,I (mediterranea)
Emilia-Romagna,Piacenza,8033021,Fiorenzuola d'Arda,3,2,I (mediterranea)
Emilia-Romagna,Piacenza,8033022,Gazzola,4,2,I (mediterranea)
Emilia-Romagna,Piacenza,8033023,Gossolengo,4,2,I (mediterranea)
Emilia-Romagna,Piacenza,8033024,Gragnano Trebbiense,4,2,I (mediterranea)
Emilia-Romagna,Piacenza,8033025,Gropparello,3,2,I (mediterranea)
Emilia-Romagna,Piacenza,8033026,Lugagnano Val d'Arda,3,2,I (mediterranea)
Emilia-Romagna,Piacenza,8033027,Monticelli d'Ongina,4,2,I (mediterranea)
Emilia-Romagna,Piacenza,8033028,Morfasso,3,2,I (mediterranea)
Emilia-Romagna,Piacenza,8033029,Nibbiano,4,2,I (mediterranea)
Emilia-Romagna,Piacenza,8033030,Ottone,3,2,I (mediterranea)
Emilia-Romagna,Piacenza,8033031,Pecorara,3,2,I (mediterranea)
Emilia-Romagna,Piacenza,8033032,Piacenza,4,2,I (mediterranea)
Emilia-Romagna,Piacenza,8033033,Pianello Val Tidone,4,2,I (mediterranea)
Emilia-Romagna,Piacenza,8033034,Piozzano,4,2,I (mediterranea)
Emilia-Romagna,Piacenza,8033035,Podenzano,3,2,I (mediterranea)
Emilia-Romagna,Piacenza,8033036,Ponte dell'Olio,3,2,I (mediterranea)
Emilia-Romagna,Piacenza,8033037,Pontenure,3,2,I (mediterranea)
Emilia-Romagna,Piacenza,8033038,Rivergaro,3,2,I (mediterranea)
Emilia-Romagna,Piacenza,8033039,Rottofreno,4,2,I (mediterranea)
Emilia-Romagna,Piacenza,8033040,San Giorgio Piacentino,3,2,I (mediterranea)
Emilia-Romagna,Piacenza,8033041,San Pietro in Cerro,3,2,I (mediterranea)
Emilia-Romagna,Piacenza,8033042,Sarmato,4,2,I (mediterranea)
Emilia-Romagna,Piacenza,8033043,Travo,3,2,I (mediterranea)
Emilia-Romagna,Piacenza,8033044,Vernasca,3,2,I (mediterranea)
Emilia-Romagna,Piacenza,8033045,Vigolzone,3,2,I (mediterranea)
Emilia-Romagna,Piacenza,8033046,Villanova sull'Arda,3,2,I (mediterranea)
Emilia-Romagna,Piacenza,8033047,Zerba,3,2,I (mediterranea)
Emilia-Romagna,Piacenza,8033048,Ziano Piacentino,4,2,I (mediterranea)
Emilia-Romagna,Ravenna,8039001,Alfonsine,2,2,I (mediterranea)
Emilia-Romagna,Ravenna,8039002,Bagnacavallo,2,2,I (mediterranea)
Emilia-Romagna,Ravenna,8039003,Bagnara di Romagna,2,2,I (mediterranea)
Emilia-Romagna,Ravenna,8039004,Brisighella,2,2,I (mediterranea)
Emilia-Romagna,Ravenna,8039005,Casola Valsenio,2,2,I (mediterranea)
Emilia-Romagna,Ravenna,8039006,Castel Bolognese,2,2,I (mediterranea)
Emilia-Romagna,Ravenna,8039007,Cervia,2,2,I (mediterranea)
Emilia-Romagna,Ravenna,8039008,Conselice,2,2,I (mediterranea)
Emilia-Romagna,Ravenna,8039009,Cotignola,2,2,I (mediterranea)
Emilia-Romagna,Ravenna,8039010,Faenza,2,2,I (mediterranea)
Emilia-Romagna,Ravenna,8039011,Fusignano,2,2,I (mediterranea)
Emilia-Romagna,Ravenna,8039012,Lugo,2,2,I (mediterranea)
Emilia-Romagna,Ravenna,8039013,Massa Lombarda,2,2,I (mediterranea)
Emilia-Romagna,Ravenna,8039014,Ravenna,3,2,I (mediterranea)
Emilia-Romagna,Ravenna,8039015,Riolo Terme,2,2,I (mediterranea)
Emilia-Romagna,Ravenna,8039016,Russi,2,2,I (mediterranea)
Emilia-Romagna,Ravenna,8039017,Sant'Agata sul Santerno,2,2,I (mediterranea)
Emilia-Romagna,Ravenna,8039018,Solarolo,2,2,I (mediterranea)
Emilia-Romagna,Reggio nell'Emilia,8035001,Albinea,3,2,I (mediterranea)
Emilia-Romagna,Reggio nell'Emilia,8035002,Bagnolo in Piano,3,2,I (mediterranea)
Emilia-Romagna,Reggio nell'Emilia,8035003,Baiso,3,2,I (mediterranea)
Emilia-Romagna,Reggio nell'Emilia,8035004,Bibbiano,3,2,I (mediterranea)
Emilia-Romagna,Reggio nell'Emilia,8035005,Boretto,3,2,I (mediterranea)
Emilia-Romagna,Reggio nell'Emilia,8035006,Brescello,3,2,I (mediterranea)
Emilia-Romagna,Reggio nell'Emilia,8035007,Busana,2,2,I (mediterranea)
Emilia-Romagna,Reggio nell'Emilia,8035008,Cadelbosco di Sopra,3,2,I (mediterranea)
Emilia-Romagna,Reggio nell'Emilia,8035009,Campagnola Emilia,3,2,I (mediterranea)
Emilia-Romagna,Reggio nell'Emilia,8035010,Campegine,3,2,I (mediterranea)
Emilia-Romagna,Reggio nell'Emilia,8035011,Carpineti,3,2,I (mediterranea)
Emilia-Romagna,Reggio nell'Emilia,8035012,Casalgrande,2,2,I (mediterranea)
Emilia-Romagna,Reggio nell'Emilia,8035013,Casina,3,2,I (mediterranea)
Emilia-Romagna,Reggio nell'Emilia,8035014,Castellarano,2,2,I (mediterranea)
Emilia-Romagna,Reggio nell'Emilia,8035015,Castelnovo di Sotto,3,2,I (mediterranea)
Emilia-Romagna,Reggio nell'Emilia,8035016,Castelnovo ne' Monti,2,2,I (mediterranea)
Emilia-Romagna,Reggio nell'Emilia,8035017,Cavriago,3,2,I (mediterranea)
Emilia-Romagna,Reggio nell'Emilia,8035018,Ciano d'Enza,3,2,I (mediterranea)
Emilia-Romagna,Reggio nell'Emilia,8035019,Collagna,2,2,I (mediterranea)
Emilia-Romagna,Reggio nell'Emilia,8035020,Correggio,3,2,I (mediterranea)
Emilia-Romagna,Reggio nell'Emilia,8035021,Fabbrico,3,2,I (mediterranea)
Emilia-Romagna,Reggio nell'Emilia,8035022,Gattatico,3,2,I (mediterranea)
Emilia-Romagna,Reggio nell'Emilia,8035023,Gualtieri,3,2,I (mediterranea)
Emilia-Romagna,Reggio nell'Emilia,8035024,Guastalla,3,2,I (mediterranea)
Emilia-Romagna,Reggio nell'Emilia,8035025,Ligonchio,2,2,I (mediterranea)
Emilia-Romagna,Reggio nell'Emilia,8035026,Luzzara,4,2,I (mediterranea)
Emilia-Romagna,Reggio nell'Emilia,8035027,Montecchio Emilia,3,2,I (mediterranea)
Emilia-Romagna,Reggio nell'Emilia,8035028,Novellara,3,2,I (mediterranea)
Emilia-Romagna,Reggio nell'Emilia,8035029,Poviglio,3,2,I (mediterranea)
Emilia-Romagna,Reggio nell'Emilia,8035030,Quattro Castella,3,2,I (mediterranea)
Emilia-Romagna,Reggio nell'Emilia,8035031,Ramiseto,2,2,I (mediterranea)
Emilia-Romagna,Reggio nell'Emilia,8035033,Reggio nell'Emilia,3,2,I (mediterranea)
Emilia-Romagna,Reggio nell'Emilia,8035032,Reggiolo,3,2,I (mediterranea)
Emilia-Romagna,Reggio nell'Emilia,8035034,Rio Saliceto,3,2,I (mediterranea)
Emilia-Romagna,Reggio nell'Emilia,8035035,Rolo,3,2,I (mediterranea)
Emilia-Romagna,Reggio nell'Emilia,8035036,Rubiera,3,2,I (mediterranea)
Emilia-Romagna,Reggio nell'Emilia,8035037,San Martino in Rio,3,2,I (mediterranea)
Emilia-Romagna,Reggio nell'Emilia,8035038,San Polo d'Enza,3,2,I (mediterranea)
Emilia-Romagna,Reggio nell'Emilia,8035039,Sant'Ilario d'Enza,3,2,I (mediterranea)
Emilia-Romagna,Reggio nell'Emilia,8035040,Scandiano,3,2,I (mediterranea)
Emilia-Romagna,Reggio nell'Emilia,8035041,Toano,2,2,I (mediterranea)
Emilia-Romagna,Reggio nell'Emilia,8035042,Vetto,2,2,I (mediterranea)
Emilia-Romagna,Reggio nell'Emilia,8035043,Vezzano sul Crostolo,3,2,I (mediterranea)
Emilia-Romagna,Reggio nell'Emilia,8035044,Viano,2,2,I (mediterranea)
Emilia-Romagna,Reggio nell'Emilia,8035045,Villa Minozzo,2,2,I (mediterranea)
Emilia-Romagna,Rimini,8099001,Bellaria-Igea Marina,2,2,I (mediterranea)
Emilia-Romagna,Rimini,8099002,Cattolica,2,2,I (mediterranea)
Emilia-Romagna,Rimini,8099003,Coriano,2,2,I (mediterranea)
Emilia-Romagna,Rimini,8099004,Gemmano,2,2,I (mediterranea)
Emilia-Romagna,Rimini,8099005,Misano Adriatico,2,2,I (mediterranea)
Emilia-Romagna,Rimini,8099006,Mondaino,2,2,I (mediterranea)
Emilia-Romagna,Rimini,8099007,Monte Colombo,2,2,I (mediterranea)
Emilia-Romagna,Rimini,8099008,Montefiore Conca,2,2,I (mediterranea)
Emilia-Romagna,Rimini,8099009,Montegridolfo,2,2,I (mediterranea)
Emilia-Romagna,Rimini,8099010,Montescudo,2,2,I (mediterranea)
Emilia-Romagna,Rimini,8099011,Morciano di Romagna,2,2,I (mediterranea)
Emilia-Romagna,Rimini,8099012,Poggio Berni,2,2,I (mediterranea)
Emilia-Romagna,Rimini,8099013,Riccione,2,2,I (mediterranea)
Emilia-Romagna,Rimini,8099014,Rimini,2,2,I (mediterranea)
Emilia-Romagna,Rimini,8099015,Saludecio,2,2,I (mediterranea)
Emilia-Romagna,Rimini,8099016,San Clemente,2,2,I (mediterranea)
Emilia-Romagna,Rimini,8099017,San Giovanni in Marignano,2,2,I (mediterranea)
Emilia-Romagna,Rimini,8099018,Santarcangelo di Romagna,2,2,I (mediterranea)
Emilia-Romagna,Rimini,8099019,Torriana,2,2,I (mediterranea)
Emilia-Romagna,Rimini,8099020,Verucchio,2,2,I (mediterranea)
Friuli- Venezia Giulia,Gorizia,6031001,Capriva del Friuli,3,1,II
Friuli- Venezia Giulia,Gorizia,6031002,Cormons,3,1,II
Friuli- Venezia Giulia,Gorizia,6031003,Doberdò del Lago,3,1,II
Friuli- Venezia Giulia,Gorizia,6031004,Dolegna del Collio,2,1,II
Friuli- Venezia Giulia,Gorizia,6031005,Farra d'Isonzo,3,1,II
Friuli- Venezia Giulia,Gorizia,6031006,Fogliano Redipuglia,3,1,II
Friuli- Venezia Giulia,Gorizia,6031007,Gorizia,3,1,II
Friuli- Venezia Giulia,Gorizia,6031008,Gradisca d'Isonzo,3,1,II
Friuli- Venezia Giulia,Gorizia,6031009,Grado,4,1,II
Friuli- Venezia Giulia,Gorizia,6031010,Mariano del Friuli,3,1,II
Friuli- Venezia Giulia,Gorizia,6031011,Medea,3,1,II
Friuli- Venezia Giulia,Gorizia,6031012,Monfalcone,4,1,II
Friuli- Venezia Giulia,Gorizia,6031013,Moraro,3,1,II
Friuli- Venezia Giulia,Gorizia,6031014,Mossa,3,1,II
Friuli- Venezia Giulia,Gorizia,6031015,Romans d'Isonzo,3,1,II
Friuli- Venezia Giulia,Gorizia,6031016,Ronchi dei Legionari,4,1,II
Friuli- Venezia Giulia,Gorizia,6031017,Sagrado,3,1,II
Friuli- Venezia Giulia,Gorizia,6031018,San Canzian d'Isonzo,4,1,II
Friuli- Venezia Giulia,Gorizia,6031019,San Floriano del Collio,3,1,II
Friuli- Venezia Giulia,Gorizia,6031020,San Lorenzo Isontino,3,1,II
Friuli- Venezia Giulia,Gorizia,6031021,San Pier d'Isonzo,4,1,II
Friuli- Venezia Giulia,Gorizia,6031022,Savogna d'Isonzo,3,1,II
Friuli- Venezia Giulia,Gorizia,6031023,Staranzano,4,1,II
Friuli- Venezia Giulia,Gorizia,6031024,Turriaco,4,1,II
Friuli- Venezia Giulia,Gorizia,6031025,Villesse,3,1,II
Friuli- Venezia Giulia,Pordenone,6093001,Andreis,2,1,I (alpina)
Friuli- Venezia Giulia,Pordenone,6093002,Arba,1,1,I (alpina)
Friuli- Venezia Giulia,Pordenone,6093003,Arzene,2,1,I (alpina)
Friuli- Venezia Giulia,Pordenone,6093004,Aviano,2,1,I (alpina)
Friuli- Venezia Giulia,Pordenone,6093005,Azzano Decimo,3,1,I (alpina)
Friuli- Venezia Giulia,Pordenone,6093006,Barcis,2,1,I (alpina)
Friuli- Venezia Giulia,Pordenone,6093007,Brugnera,2,1,I (alpina)
Friuli- Venezia Giulia,Pordenone,6093008,Budoia,2,1,I (alpina)
Friuli- Venezia Giulia,Pordenone,6093009,Caneva,2,1,I (alpina)
Friuli- Venezia Giulia,Pordenone,6093010,Casarsa della Delizia,2,1,I (alpina)
Friuli- Venezia Giulia,Pordenone,6093011,Castelnovo del Friuli,1,1,I (alpina)
Friuli- Venezia Giulia,Pordenone,6093012,Cavasso Nuovo,1,1,I (alpina)
Friuli- Venezia Giulia,Pordenone,6093013,Chions,3,1,I (alpina)
Friuli- Venezia Giulia,Pordenone,6093014,Cimolais,2,1,I (alpina)
Friuli- Venezia Giulia,Pordenone,6093015,Claut,2,1,I (alpina)
Friuli- Venezia Giulia,Pordenone,6093016,Clauzetto,1,1,I (alpina)
Friuli- Venezia Giulia,Pordenone,6093017,Cordenons,2,1,I (alpina)
Friuli- Venezia Giulia,Pordenone,6093018,Cordovado,3,1,I (alpina)
Friuli- Venezia Giulia,Pordenone,6093019,Erto e Casso,2,1,I (alpina)
Friuli- Venezia Giulia,Pordenone,6093020,Fanna,1,1,I (alpina)
Friuli- Venezia Giulia,Pordenone,6093021,Fiume Veneto,3,1,I (alpina)
Friuli- Venezia Giulia,Pordenone,6093022,Fontanafredda,2,1,I (alpina)
Friuli- Venezia Giulia,Pordenone,6093024,Frisanco,1,1,I (alpina)
Friuli- Venezia Giulia,Pordenone,6093025,Maniago,1,1,I (alpina)
Friuli- Venezia Giulia,Pordenone,6093026,Meduno,1,1,I (alpina)
Friuli- Venezia Giulia,Pordenone,6093027,Montereale Valcellina,2,1,I (alpina)
Friuli- Venezia Giulia,Pordenone,6093028,Morsano al Tagliamento,3,1,I (alpina)
Friuli- Venezia Giulia,Pordenone,6093029,Pasiano di Pordenone,3,1,I (alpina)
Friuli- Venezia Giulia,Pordenone,6093030,Pinzano al Tagliamento,1,1,I (alpina)
Friuli- Venezia Giulia,Pordenone,6093031,Polcenigo,2,1,I (alpina)
Friuli- Venezia Giulia,Pordenone,6093032,Porcia,2,1,I (alpina)
Friuli- Venezia Giulia,Pordenone,6093033,Pordenone,2,1,I (alpina)
Friuli- Venezia Giulia,Pordenone,6093034,Prata di Pordenone,2,1,I (alpina)
Friuli- Venezia Giulia,Pordenone,6093035,Pravisdomini,3,1,I (alpina)
Friuli- Venezia Giulia,Pordenone,6093036,Roveredo in Piano,2,1,I (alpina)
Friuli- Venezia Giulia,Pordenone,6093037,Sacile,2,1,I (alpina)
Friuli- Venezia Giulia,Pordenone,6093038,San Giorgio della Richinvelda,2,1,I (alpina)
Friuli- Venezia Giulia,Pordenone,6093039,San Martino al Tagliamento,2,1,I (alpina)
Friuli- Venezia Giulia,Pordenone,6093040,San Quirino,2,1,I (alpina)
Friuli- Venezia Giulia,Pordenone,6093041,San Vito al Tagliamento,2,1,I (alpina)
Friuli- Venezia Giulia,Pordenone,6093042,Sequals,1,1,I (alpina)
Friuli- Venezia Giulia,Pordenone,6093043,Sesto al Reghena,3,1,I (alpina)
Friuli- Venezia Giulia,Pordenone,6093044,Spilimbergo,2,1,I (alpina)
Friuli- Venezia Giulia,Pordenone,6093045,Tramonti di Sopra,1,1,I (alpina)
Friuli- Venezia Giulia,Pordenone,6093046,Tramonti di Sotto,1,1,I (alpina)
Friuli- Venezia Giulia,Pordenone,6093047,Travesio,1,1,I (alpina)
Friuli- Venezia Giulia,Pordenone,6093052,Vajont,1,1,I (alpina)
Friuli- Venezia Giulia,Pordenone,6093048,Valvasone,2,1,I (alpina)
Friuli- Venezia Giulia,Pordenone,6093049,Vito d'Asio,1,1,I (alpina)
Friuli- Venezia Giulia,Pordenone,6093050,Vivaro,2,1,I (alpina)
Friuli- Venezia Giulia,Pordenone,6093051,Zoppola,2,1,I (alpina)
Friuli- Venezia Giulia,Trieste,6032001,Duino-Aurisina,4,8,II
Friuli- Venezia Giulia,Trieste,6032002,Monrupino,4,8,II
Friuli- Venezia Giulia,Trieste,6032003,Muggia,4,8,II
Friuli- Venezia Giulia,Trieste,6032004,San Dorligo della Valle,4,8,II
Friuli- Venezia Giulia,Trieste,6032005,Sgonico,4,8,II
Friuli- Venezia Giulia,Trieste,6032006,Trieste,4,8,II
Friuli- Venezia Giulia,Udine,6030001,Aiello del Friuli,3,1,I (alpina)
Friuli- Venezia Giulia,Udine,6030002,Amaro,1,1,I (alpina)
Friuli- Venezia Giulia,Udine,6030003,Ampezzo,1,1,I (alpina)
Friuli- Venezia Giulia,Udine,6030004,Aquileia,4,1,I (alpina)
Friuli- Venezia Giulia,Udine,6030005,Arta Terme,1,1,I (alpina)
Friuli- Venezia Giulia,Udine,6030006,Artegna,1,1,I (alpina)
Friuli- Venezia Giulia,Udine,6030007,Attimis,2,1,I (alpina)
Friuli- Venezia Giulia,Udine,6030008,Bagnaria Arsa,3,1,I (alpina)
Friuli- Venezia Giulia,Udine,6030009,Basiliano,2,1,I (alpina)
Friuli- Venezia Giulia,Udine,6030010,Bertiolo,2,1,I (alpina)
Friuli- Venezia Giulia,Udine,6030011,Bicinicco,3,1,I (alpina)
Friuli- Venezia Giulia,Udine,6030012,Bordano,1,1,I (alpina)
Friuli- Venezia Giulia,Udine,6030013,Buia,1,1,I (alpina)
Friuli- Venezia Giulia,Udine,6030014,Buttrio,2,1,I (alpina)
Friuli- Venezia Giulia,Udine,6030015,Camino al Tagliamento,2,1,I (alpina)
Friuli- Venezia Giulia,Udine,6030016,Campoformido,2,1,I (alpina)
Friuli- Venezia Giulia,Udine,6030017,Campolongo al Torre,3,1,I (alpina)
Friuli- Venezia Giulia,Udine,6030018,Carlino,3,1,I (alpina)
Friuli- Venezia Giulia,Udine,6030019,Cassacco,2,1,I (alpina)
Friuli- Venezia Giulia,Udine,6030020,Castions di Strada,3,1,I (alpina)
Friuli- Venezia Giulia,Udine,6030021,Cavazzo Carnico,1,1,I (alpina)
Friuli- Venezia Giulia,Udine,6030022,Cercivento,1,1,I (alpina)
Friuli- Venezia Giulia,Udine,6030023,Cervignano del Friuli,4,1,I (alpina)
Friuli- Venezia Giulia,Udine,6030024,Chiopris-Viscone,3,1,I (alpina)
Friuli- Venezia Giulia,Udine,6030025,Chiusaforte,1,1,I (alpina)
Friuli- Venezia Giulia,Udine,6030026,Cividale del Friuli,2,1,I (alpina)
Friuli- Venezia Giulia,Udine,6030027,Codroipo,2,1,I (alpina)
Friuli- Venezia Giulia,Udine,6030028,Colloredo di Monte Albano,2,1,I (alpina)
Friuli- Venezia Giulia,Udine,6030029,Comeglians,2,1,I (alpina)
Friuli- Venezia Giulia,Udine,6030030,Corno di Rosazzo,2,1,I (alpina)
Friuli- Venezia Giulia,Udine,6030031,Coseano,2,1,I (alpina)
Friuli- Venezia Giulia,Udine,6030032,Dignano,2,1,I (alpina)
Friuli- Venezia Giulia,Udine,6030033,Dogna,1,1,I (alpina)
Friuli- Venezia Giulia,Udine,6030034,Drenchia,2,1,I (alpina)
Friuli- Venezia Giulia,Udine,6030035,Enemonzo,1,1,I (alpina)
Friuli- Venezia Giulia,Udine,6030036,Faedis,2,1,I (alpina)
Friuli- Venezia Giulia,Udine,6030037,Fagagna,2,1,I (alpina)
Friuli- Venezia Giulia,Udine,6030038,Fiumicello,4,1,I (alpina)
Friuli- Venezia Giulia,Udine,6030039,Flaibano,2,1,I (alpina)
Friuli- Venezia Giulia,Udine,6030137,Forgaria nel Friuli,1,1,I (alpina)
Friuli- Venezia Giulia,Udine,6030040,Forni Avoltri,2,1,I (alpina)
Friuli- Venezia Giulia,Udine,6030041,Forni di Sopra,2,1,I (alpina)
Friuli- Venezia Giulia,Udine,6030042,Forni di Sotto,1,1,I (alpina)
Friuli- Venezia Giulia,Udine,6030043,Gemona del Friuli,1,1,I (alpina)
Friuli- Venezia Giulia,Udine,6030044,Gonars,3,1,I (alpina)
Friuli- Venezia Giulia,Udine,6030045,Grimacco,2,1,I (alpina)
Friuli- Venezia Giulia,Udine,6030046,Latisana,3,1,I (alpina)
Friuli- Venezia Giulia,Udine,6030047,Lauco,1,1,I (alpina)
Friuli- Venezia Giulia,Udine,6030048,Lestizza,2,1,I (alpina)
Friuli- Venezia Giulia,Udine,6030049,Lignano Sabbiadoro,4,1,I (alpina)
Friuli- Venezia Giulia,Udine,6030050,Ligosullo,1,1,I (alpina)
Friuli- Venezia Giulia,Udine,6030051,Lusevera,1,1,I (alpina)
Friuli- Venezia Giulia,Udine,6030052,Magnano in Riviera,1,1,I (alpina)
Friuli- Venezia Giulia,Udine,6030053,Majano,1,1,I (alpina)
Friuli- Venezia Giulia,Udine,6030054,Malborghetto Valbruna,2,1,I (alpina)
Friuli- Venezia Giulia,Udine,6030055,Manzano,2,1,I (alpina)
Friuli- Venezia Giulia,Udine,6030056,Marano Lagunare,4,1,I (alpina)
Friuli- Venezia Giulia,Udine,6030057,Martignacco,2,1,I (alpina)
Friuli- Venezia Giulia,Udine,6030058,Mereto di Tomba,2,1,I (alpina)
Friuli- Venezia Giulia,Udine,6030059,Moggio Udinese,1,1,I (alpina)
Friuli- Venezia Giulia,Udine,6030060,Moimacco,2,1,I (alpina)
Friuli- Venezia Giulia,Udine,6030061,Montenars,1,1,I (alpina)
Friuli- Venezia Giulia,Udine,6030062,Mortegliano,2,1,I (alpina)
Friuli- Venezia Giulia,Udine,6030063,Moruzzo,2,1,I (alpina)
Friuli- Venezia Giulia,Udine,6030064,Muzzana del Turgnano,3,1,I (alpina)
Friuli- Venezia Giulia,Udine,6030065,Nimis,1,1,I (alpina)
Friuli- Venezia Giulia,Udine,6030066,Osoppo,1,1,I (alpina)
Friuli- Venezia Giulia,Udine,6030067,Ovaro,1,1,I (alpina)
Friuli- Venezia Giulia,Udine,6030068,Pagnacco,2,1,I (alpina)
Friuli- Venezia Giulia,Udine,6030069,Palazzolo dello Stella,3,1,I (alpina)
Friuli- Venezia Giulia,Udine,6030070,Palmanova,3,1,I (alpina)
Friuli- Venezia Giulia,Udine,6030071,Paluzza,1,1,I (alpina)
Friuli- Venezia Giulia,Udine,6030072,Pasian di Prato,2,1,I (alpina)
Friuli- Venezia Giulia,Udine,6030073,Paularo,1,1,I (alpina)
Friuli- Venezia Giulia,Udine,6030074,Pavia di Udine,3,1,I (alpina)
Friuli- Venezia Giulia,Udine,6030075,Pocenia,3,1,I (alpina)
Friuli- Venezia Giulia,Udine,6030076,Pontebba,1,1,I (alpina)
Friuli- Venezia Giulia,Udine,6030077,Porpetto,3,1,I (alpina)
Friuli- Venezia Giulia,Udine,6030078,Povoletto,2,1,I (alpina)
Friuli- Venezia Giulia,Udine,6030079,Pozzuolo del Friuli,2,1,I (alpina)
Friuli- Venezia Giulia,Udine,6030080,Pradamano,2,1,I (alpina)
Friuli- Venezia Giulia,Udine,6030081,Prato Carnico,2,1,I (alpina)
Friuli- Venezia Giulia,Udine,6030082,Precenicco,3,1,I (alpina)
Friuli- Venezia Giulia,Udine,6030083,Premariacco,2,1,I (alpina)
Friuli- Venezia Giulia,Udine,6030084,Preone,1,1,I (alpina)
Friuli- Venezia Giulia,Udine,6030085,Prepotto,2,1,I (alpina)
Friuli- Venezia Giulia,Udine,6030086,Pulfero,2,1,I (alpina)
Friuli- Venezia Giulia,Udine,6030087,Ragogna,1,1,I (alpina)
Friuli- Venezia Giulia,Udine,6030088,Ravascletto,2,1,I (alpina)
Friuli- Venezia Giulia,Udine,6030089,Raveo,1,1,I (alpina)
Friuli- Venezia Giulia,Udine,6030090,Reana del Roiale,2,1,I (alpina)
Friuli- Venezia Giulia,Udine,6030091,Remanzacco,2,1,I (alpina)
Friuli- Venezia Giulia,Udine,6030092,Resia,1,1,I (alpina)
Friuli- Venezia Giulia,Udine,6030093,Resiutta,1,1,I (alpina)
Friuli- Venezia Giulia,Udine,6030094,Rigolato,2,1,I (alpina)
Friuli- Venezia Giulia,Udine,6030095,Rive d'Arcano,2,1,I (alpina)
Friuli- Venezia Giulia,Udine,6030096,Rivignano,3,1,I (alpina)
Friuli- Venezia Giulia,Udine,6030097,Ronchis,3,1,I (alpina)
Friuli- Venezia Giulia,Udine,6030098,Ruda,4,1,I (alpina)
Friuli- Venezia Giulia,Udine,6030099,San Daniele del Friuli,2,1,I (alpina)
Friuli- Venezia Giulia,Udine,6030100,San Giorgio di Nogaro,3,1,I (alpina)
Friuli- Venezia Giulia,Udine,6030101,San Giovanni al Natisone,2,1,I (alpina)
Friuli- Venezia Giulia,Udine,6030102,San Leonardo,2,1,I (alpina)
Friuli- Venezia Giulia,Udine,6030103,San Pietro al Natisone,2,1,I (alpina)
Friuli- Venezia Giulia,Udine,6030105,San Vito al Torre,3,1,I (alpina)
Friuli- Venezia Giulia,Udine,6030106,San Vito di Fagagna,2,1,I (alpina)
Friuli- Venezia Giulia,Udine,6030104,Santa Maria la Longa,3,1,I (alpina)
Friuli- Venezia Giulia,Udine,6030107,Sauris,2,1,I (alpina)
Friuli- Venezia Giulia,Udine,6030108,Savogna,2,1,I (alpina)
Friuli- Venezia Giulia,Udine,6030109,Sedegliano,2,1,I (alpina)
Friuli- Venezia Giulia,Udine,6030110,Socchieve,1,1,I (alpina)
Friuli- Venezia Giulia,Udine,6030111,Stregna,2,1,I (alpina)
Friuli- Venezia Giulia,Udine,6030112,Sutrio,1,1,I (alpina)
Friuli- Venezia Giulia,Udine,6030113,Taipana,1,1,I (alpina)
Friuli- Venezia Giulia,Udine,6030114,Talmassons,2,1,I (alpina)
Friuli- Venezia Giulia,Udine,6030115,Tapogliano,3,1,I (alpina)
Friuli- Venezia Giulia,Udine,6030116,Tarcento,1,1,I (alpina)
Friuli- Venezia Giulia,Udine,6030117,Tarvisio,2,1,I (alpina)
Friuli- Venezia Giulia,Udine,6030118,Tavagnacco,2,1,I (alpina)
Friuli- Venezia Giulia,Udine,6030119,Teor,3,1,I (alpina)
Friuli- Venezia Giulia,Udine,6030120,Terzo d'Aquileia,4,1,I (alpina)
Friuli- Venezia Giulia,Udine,6030121,Tolmezzo,1,1,I (alpina)
Friuli- Venezia Giulia,Udine,6030122,Torreano,2,1,I (alpina)
Friuli- Venezia Giulia,Udine,6030123,Torviscosa,4,1,I (alpina)
Friuli- Venezia Giulia,Udine,6030124,Trasaghis,1,1,I (alpina)
Friuli- Venezia Giulia,Udine,6030125,Treppo Carnico,1,1,I (alpina)
Friuli- Venezia Giulia,Udine,6030126,Treppo Grande,1,1,I (alpina)
Friuli- Venezia Giulia,Udine,6030127,Tricesimo,2,1,I (alpina)
Friuli- Venezia Giulia,Udine,6030128,Trivignano Udinese,3,1,I (alpina)
Friuli- Venezia Giulia,Udine,6030129,Udine,2,1,I (alpina)
Friuli- Venezia Giulia,Udine,6030130,Varmo,3,1,I (alpina)
Friuli- Venezia Giulia,Udine,6030131,Venzone,1,1,I (alpina)
Friuli- Venezia Giulia,Udine,6030132,Verzegnis,1,1,I (alpina)
Friuli- Venezia Giulia,Udine,6030133,Villa Santina,1,1,I (alpina)
Friuli- Venezia Giulia,Udine,6030134,Villa Vicentina,4,1,I (alpina)
Friuli- Venezia Giulia,Udine,6030135,Visco,3,1,I (alpina)
Friuli- Venezia Giulia,Udine,6030136,Zuglio,1,1,I (alpina)
Lazio,Frosinone,12060001,Acquafondata,2,3,II
Lazio,Frosinone,12060002,Acuto,2,3,II
Lazio,Frosinone,12060003,Alatri,2,3,II
Lazio,Frosinone,12060004,Alvito,1,3,II
Lazio,Frosinone,12060005,Amaseno,2,3,II
Lazio,Frosinone,12060006,Anagni,2,3,II
Lazio,Frosinone,12060007,Aquino,2,3,II
Lazio,Frosinone,12060008,Arce,2,3,II
Lazio,Frosinone,12060009,Arnara,2,3,II
Lazio,Frosinone,12060010,Arpino,1,3,II
Lazio,Frosinone,12060011,Atina,1,3,II
Lazio,Frosinone,12060012,Ausonia,2,3,II
Lazio,Frosinone,12060013,Belmonte Castello,1,3,II
Lazio,Frosinone,12060014,Boville Ernica,2,3,II
Lazio,Frosinone,12060015,Broccostella,1,3,II
Lazio,Frosinone,12060016,Campoli Appennino,1,3,II
Lazio,Frosinone,12060017,Casalattico,1,3,II
Lazio,Frosinone,12060018,Casalvieri,1,3,II
Lazio,Frosinone,12060019,Cassino,2,3,II
Lazio,Frosinone,12060020,Castelliri,1,3,II
Lazio,Frosinone,12060021,Castelnuovo Parano,2,3,II
Lazio,Frosinone,12060023,Castro dei Volsci,2,3,II
Lazio,Frosinone,12060022,Castrocielo,2,3,II
Lazio,Frosinone,12060024,Ceccano,2,3,II
Lazio,Frosinone,12060025,Ceprano,2,3,II
Lazio,Frosinone,12060026,Cervaro,2,3,II
Lazio,Frosinone,12060027,Colfelice,2,3,II
Lazio,Frosinone,12060029,Colle San Magno,2,3,II
Lazio,Frosinone,12060028,Collepardo,2,3,II
Lazio,Frosinone,12060030,Coreno Ausonio,2,3,II
Lazio,Frosinone,12060031,Esperia,2,3,II
Lazio,Frosinone,12060032,Falvaterra,2,3,II
Lazio,Frosinone,12060033,Ferentino,2,3,II
Lazio,Frosinone,12060034,Filettino,2,3,II
Lazio,Frosinone,12060035,Fiuggi,2,3,II
Lazio,Frosinone,12060036,Fontana Liri,1,3,II
Lazio,Frosinone,12060037,Fontechiari,1,3,II
Lazio,Frosinone,12060038,Frosinone,2,3,II
Lazio,Frosinone,12060039,Fumone,2,3,II
Lazio,Frosinone,12060040,Gallinaro,1,3,II
Lazio,Frosinone,12060041,Giuliano di Roma,2,3,II
Lazio,Frosinone,12060042,Guarcino,2,3,II
Lazio,Frosinone,12060043,Isola del Liri,1,3,II
Lazio,Frosinone,12060044,Monte San Giovanni Campano,2,3,II
Lazio,Frosinone,12060045,Morolo,2,3,II
Lazio,Frosinone,12060046,Paliano,2,3,II
Lazio,Frosinone,12060047,Pastena,2,3,II
Lazio,Frosinone,12060048,Patrica,2,3,II
Lazio,Frosinone,12060049,Pescosolido,1,3,II
Lazio,Frosinone,12060050,Picinisco,1,3,II
Lazio,Frosinone,12060051,Pico,2,3,II
Lazio,Frosinone,12060052,Piedimonte San Germano,2,3,II
Lazio,Frosinone,12060053,Piglio,2,3,II
Lazio,Frosinone,12060054,Pignataro Interamna,2,3,II
Lazio,Frosinone,12060055,Pofi,2,3,II
Lazio,Frosinone,12060056,Pontecorvo,2,3,II
Lazio,Frosinone,12060057,Posta Fibreno,1,3,II
Lazio,Frosinone,12060058,Ripi,2,3,II
Lazio,Frosinone,12060059,Rocca d'Arce,2,3,II
Lazio,Frosinone,12060060,Roccasecca,2,3,II
Lazio,Frosinone,12060061,San Biagio Saracinisco,2,3,II
Lazio,Frosinone,12060062,San Donato Val di Comino,1,3,II
Lazio,Frosinone,12060063,San Giorgio a Liri,2,3,II
Lazio,Frosinone,12060064,San Giovanni Incarico,2,3,II
Lazio,Frosinone,12060070,San Vittore del Lazio,2,3,II
Lazio,Frosinone,12060065,Sant'Ambrogio sul Garigliano,2,3,II
Lazio,Frosinone,12060066,Sant'Andrea del Garigliano,2,3,II
Lazio,Frosinone,12060067,Sant'Apollinare,2,3,II
Lazio,Frosinone,12060068,Sant'Elia Fiumerapido,1,3,II
Lazio,Frosinone,12060069,Santopadre,2,3,II
Lazio,Frosinone,12060071,Serrone,2,3,II
Lazio,Frosinone,12060072,Settefrati,1,3,II
Lazio,Frosinone,12060073,Sgurgola,2,3,II
Lazio,Frosinone,12060074,Sora,1,3,II
Lazio,Frosinone,12060075,Strangolagalli,2,3,II
Lazio,Frosinone,12060076,Supino,2,3,II
Lazio,Frosinone,12060077,Terelle,1,3,II
Lazio,Frosinone,12060078,Torre Cajetani,2,3,II
Lazio,Frosinone,12060079,Torrice,2,3,II
Lazio,Frosinone,12060080,Trevi nel Lazio,2,3,II
Lazio,Frosinone,12060081,Trivigliano,2,3,II
Lazio,Frosinone,12060082,Vallecorsa,2,3,II
Lazio,Frosinone,12060083,Vallemaio,2,3,II
Lazio,Frosinone,12060084,Vallerotonda,2,3,II
Lazio,Frosinone,12060085,Veroli,2,3,II
Lazio,Frosinone,12060086,Vicalvi,1,3,II
Lazio,Frosinone,12060087,Vico nel Lazio,2,3,II
Lazio,Frosinone,12060088,Villa Latina,1,3,II
Lazio,Frosinone,12060089,Villa Santa Lucia,2,3,II
Lazio,Frosinone,12060090,Villa Santo Stefano,2,3,II
Lazio,Frosinone,12060091,Viticuso,2,3,II
Lazio,Latina,12059001,Aprilia,3,3,III
Lazio,Latina,12059002,Bassiano,2,3,III
Lazio,Latina,12059003,Campodimele,2,3,III
Lazio,Latina,12059004,Castelforte,2,3,III
Lazio,Latina,12059005,Cisterna di Latina,2,3,III
Lazio,Latina,12059006,Cori,2,3,III
Lazio,Latina,12059007,Fondi,2,3,III
Lazio,Latina,12059008,Formia,2,3,III
Lazio,Latina,12059009,Gaeta,2,3,III
Lazio,Latina,12059010,Itri,2,3,III
Lazio,Latina,12059011,Latina,3,3,III
Lazio,Latina,12059012,Lenola,2,3,III
Lazio,Latina,12059013,Maenza,2,3,III
Lazio,Latina,12059014,Minturno,2,3,III
Lazio,Latina,12059015,Monte San Biagio,2,3,III
Lazio,Latina,12059016,Norma,2,3,III
Lazio,Latina,12059017,Pontinia,2,3,III
Lazio,Latina,12059018,Ponza,4,3,III
Lazio,Latina,12059019,Priverno,2,3,III
Lazio,Latina,12059020,Prossedi,2,3,III
Lazio,Latina,12059022,Rocca Massima,2,3,III
Lazio,Latina,12059021,Roccagorga,2,3,III
Lazio,Latina,12059023,Roccasecca dei Volsci,2,3,III
Lazio,Latina,12059024,Sabaudia,3,3,III
Lazio,Latina,12059025,San Felice Circeo,3,3,III
Lazio,Latina,12059026,Santi Cosma e Damiano,2,3,III
Lazio,Latina,12059027,Sermoneta,2,3,III
Lazio,Latina,12059028,Sezze,2,3,III
Lazio,Latina,12059029,Sonnino,2,3,III
Lazio,Latina,12059030,Sperlonga,2,3,III
Lazio,Latina,12059031,Spigno Saturnia,2,3,III
Lazio,Latina,12059032,Terracina,3,3,III
Lazio,Latina,12059033,Ventotene,3,3,III
Lazio,Rieti,12057001,Accumoli,1,3,II
Lazio,Rieti,12057002,Amatrice,1,3,II
Lazio,Rieti,12057003,Antrodoco,1,3,II
Lazio,Rieti,12057004,Ascrea,2,3,II
Lazio,Rieti,12057005,Belmonte in Sabina,2,3,II
Lazio,Rieti,12057006,Borbona,1,3,II
Lazio,Rieti,12057008,Borgo Velino,2,3,II
Lazio,Rieti,12057007,Borgorose,1,3,II
Lazio,Rieti,12057009,Cantalice,2,3,II
Lazio,Rieti,12057010,Cantalupo in Sabina,2,3,II
Lazio,Rieti,12057011,Casaprota,2,3,II
Lazio,Rieti,12057012,Casperia,2,3,II
Lazio,Rieti,12057013,Castel di Tora,2,3,II
Lazio,Rieti,12057015,Castel Sant'Angelo,2,3,II
Lazio,Rieti,12057014,Castelnuovo di Farfa,2,3,II
Lazio,Rieti,12057016,Cittaducale,2,3,II
Lazio,Rieti,12057017,Cittareale,1,3,II
Lazio,Rieti,12057018,Collalto Sabino,2,3,II
Lazio,Rieti,12057019,Colle di Tora,2,3,II
Lazio,Rieti,12057020,Collegiove,2,3,II
Lazio,Rieti,12057021,Collevecchio,2,3,II
Lazio,Rieti,12057022,Colli sul Velino,2,3,II
Lazio,Rieti,12057023,Concerviano,2,3,II
Lazio,Rieti,12057024,Configni,2,3,II
Lazio,Rieti,12057025,Contigliano,2,3,II
Lazio,Rieti,12057026,Cottanello,2,3,II
Lazio,Rieti,12057027,Fara in Sabina,2,3,II
Lazio,Rieti,12057028,Fiamignano,1,3,II
Lazio,Rieti,12057029,Forano,2,3,II
Lazio,Rieti,12057030,Frasso Sabino,2,3,II
Lazio,Rieti,12057031,Greccio,2,3,II
Lazio,Rieti,12057032,Labro,2,3,II
Lazio,Rieti,12057033,Leonessa,1,3,II
Lazio,Rieti,12057034,Longone Sabino,2,3,II
Lazio,Rieti,12057035,Magliano Sabina,2,3,II
Lazio,Rieti,12057036,Marcetelli,2,3,II
Lazio,Rieti,12057037,Micigliano,1,3,II
Lazio,Rieti,12057038,Mompeo,2,3,II
Lazio,Rieti,12057039,Montasola,2,3,II
Lazio,Rieti,12057043,Monte San Giovanni in Sabina,2,3,II
Lazio,Rieti,12057040,Montebuono,3,3,II
Lazio,Rieti,12057041,Monteleone Sabino,2,3,II
Lazio,Rieti,12057042,Montenero Sabino,2,3,II
Lazio,Rieti,12057044,Montopoli di Sabina,2,3,II
Lazio,Rieti,12057045,Morro Reatino,2,3,II
Lazio,Rieti,12057046,Nespolo,2,3,II
Lazio,Rieti,12057047,Orvinio,2,3,II
Lazio,Rieti,12057048,Paganico,2,3,II
Lazio,Rieti,12057049,Pescorocchiano,1,3,II
Lazio,Rieti,12057050,Petrella Salto,1,3,II
Lazio,Rieti,12057051,Poggio Bustone,1,3,II
Lazio,Rieti,12057052,Poggio Catino,2,3,II
Lazio,Rieti,12057053,Poggio Mirteto,2,3,II
Lazio,Rieti,12057054,Poggio Moiano,2,3,II
Lazio,Rieti,12057055,Poggio Nativo,2,3,II
Lazio,Rieti,12057056,Poggio San Lorenzo,2,3,II
Lazio,Rieti,12057057,Posta,1,3,II
Lazio,Rieti,12057058,Pozzaglia Sabina,2,3,II
Lazio,Rieti,12057059,Rieti,2,3,II
Lazio,Rieti,12057060,Rivodutri,2,3,II
Lazio,Rieti,12057062,Rocca Sinibalda,2,3,II
Lazio,Rieti,12057061,Roccantica,2,3,II
Lazio,Rieti,12057063,Salisano,2,3,II
Lazio,Rieti,12057064,Scandriglia,2,3,II
Lazio,Rieti,12057065,Selci,2,3,II
Lazio,Rieti,12057066,Stimigliano,2,3,II
Lazio,Rieti,12057067,Tarano,2,3,II
Lazio,Rieti,12057068,Toffia,2,3,II
Lazio,Rieti,12057070,Torri in Sabina,2,3,II
Lazio,Rieti,12057069,Torricella in Sabina,2,3,II
Lazio,Rieti,12057071,Turania,2,3,II
Lazio,Rieti,12057072,Vacone,2,3,II
Lazio,Rieti,12057073,Varco Sabino,2,3,II
Lazio,Roma,12058001,Affile,2,3,III
Lazio,Roma,12058002,Agosta,2,3,III
Lazio,Roma,12058003,Albano Laziale,2,3,III
Lazio,Roma,12058004,Allumiere,4,3,III
Lazio,Roma,12058005,Anguillara Sabazia,3,3,III
Lazio,Roma,12058006,Anticoli Corrado,2,3,III
Lazio,Roma,12058007,Anzio,3,3,III
Lazio,Roma,12058008,Arcinazzo Romano,2,3,III
Lazio,Roma,12058117,Ardea,3,3,III
Lazio,Roma,12058009,Ariccia,2,3,III
Lazio,Roma,12058010,Arsoli,2,3,III
Lazio,Roma,12058011,Artena,2,3,III
Lazio,Roma,12058012,Bellegra,2,3,III
Lazio,Roma,12058013,Bracciano,3,3,III
Lazio,Roma,12058014,Camerata Nuova,2,3,III
Lazio,Roma,12058015,Campagnano di Roma,3,3,III
Lazio,Roma,12058016,Canale Monterano,3,3,III
Lazio,Roma,12058017,Canterano,2,3,III
Lazio,Roma,12058018,Capena,3,3,III
Lazio,Roma,12058019,Capranica Prenestina,2,3,III
Lazio,Roma,12058020,Carpineto Romano,2,3,III
Lazio,Roma,12058021,Casape,2,3,III
Lazio,Roma,12058022,Castel Gandolfo,2,3,III
Lazio,Roma,12058023,Castel Madama,2,3,III
Lazio,Roma,12058025,Castel San Pietro Romano,2,3,III
Lazio,Roma,12058024,Castelnuovo di Porto,3,3,III
Lazio,Roma,12058026,Cave,2,3,III
Lazio,Roma,12058027,Cerreto Laziale,2,3,III
Lazio,Roma,12058028,Cervara di Roma,2,3,III
Lazio,Roma,12058029,Cerveteri,3,3,III
Lazio,Roma,12058118,Ciampino,3,3,III
Lazio,Roma,12058030,Ciciliano,2,3,III
Lazio,Roma,12058031,Cineto Romano,2,3,III
Lazio,Roma,12058032,Civitavecchia,4,3,III
Lazio,Roma,12058033,Civitella San Paolo,2,3,III
Lazio,Roma,12058034,Colleferro,2,3,III
Lazio,Roma,12058035,Colonna,2,3,III
Lazio,Roma,12058036,Fiano Romano,3,3,III
Lazio,Roma,12058037,Filacciano,2,3,III
Lazio,Roma,12058120,Fiumicino (1),3,3,III
Lazio,Roma,12058122,Fonte Nuova (1),2,3,III
Lazio,Roma,12058038,Formello,3,3,III
Lazio,Roma,12058039,Frascati,2,3,III
Lazio,Roma,12058040,Gallicano nel Lazio,2,3,III
Lazio,Roma,12058041,Gavignano,2,3,III
Lazio,Roma,12058042,Genazzano,2,3,III
Lazio,Roma,12058043,Genzano di Roma,2,3,III
Lazio,Roma,12058044,Gerano,2,3,III
Lazio,Roma,12058045,Gorga,2,3,III
Lazio,Roma,12058046,Grottaferrata,2,3,III
Lazio,Roma,12058047,Guidonia Montecelio,2,3,III
Lazio,Roma,12058048,Jenne,2,3,III
Lazio,Roma,12058049,Labico,2,3,III
Lazio,Roma,12058116,Ladispoli,4,3,III
Lazio,Roma,12058050,Lanuvio,2,3,III
Lazio,Roma,12058115,Lariano,2,3,III
Lazio,Roma,12058051,Licenza,2,3,III
Lazio,Roma,12058052,Magliano Romano,3,3,III
Lazio,Roma,12058053,Mandela,2,3,III
Lazio,Roma,12058054,Manziana,3,3,III
Lazio,Roma,12058055,Marano Equo,2,3,III
Lazio,Roma,12058056,Marcellina,2,3,III
Lazio,Roma,12058057,Marino,2,3,III
Lazio,Roma,12058058,Mazzano Romano,3,3,III
Lazio,Roma,12058059,Mentana,2,3,III
Lazio,Roma,12058064,Monte Porzio Catone,2,3,III
Lazio,Roma,12058060,Montecompatri,2,3,III
Lazio,Roma,12058061,Monteflavio,2,3,III
Lazio,Roma,12058062,Montelanico,2,3,III
Lazio,Roma,12058063,Montelibretti,2,3,III
Lazio,Roma,12058065,Monterotondo,2,3,III
Lazio,Roma,12058066,Montorio Romano,2,3,III
Lazio,Roma,12058067,Moricone,2,3,III
Lazio,Roma,12058068,Morlupo,3,3,III
Lazio,Roma,12058069,Nazzano,2,3,III
Lazio,Roma,12058070,Nemi,2,3,III
Lazio,Roma,12058071,Nerola,2,3,III
Lazio,Roma,12058072,Nettuno,3,3,III
Lazio,Roma,12058073,Olevano Romano,2,3,III
Lazio,Roma,12058074,Palestrina,2,3,III
Lazio,Roma,12058075,Palombara Sabina,2,3,III
Lazio,Roma,12058076,Percile,2,3,III
Lazio,Roma,12058077,Pisoniano,2,3,III
Lazio,Roma,12058078,Poli,2,3,III
Lazio,Roma,12058079,Pomezia,3,3,III
Lazio,Roma,12058080,Ponzano Romano,2,3,III
Lazio,Roma,12058081,Riano,3,3,III
Lazio,Roma,12058082,Rignano Flaminio,3,3,III
Lazio,Roma,12058083,Riofreddo,2,3,III
Lazio,Roma,12058084,Rocca Canterano,2,3,III
Lazio,Roma,12058085,Rocca di Cave,2,3,III
Lazio,Roma,12058086,Rocca di Papa,2,3,III
Lazio,Roma,12058088,Rocca Priora,2,3,III
Lazio,Roma,12058089,Rocca Santo Stefano,2,3,III
Lazio,Roma,12058087,Roccagiovine,2,3,III
Lazio,Roma,12058090,Roiate,2,3,III
Lazio,Roma,12058091,Roma,3,3,III
Lazio,Roma,12058092,Roviano,2,3,III
Lazio,Roma,12058093,Sacrofano,3,3,III
Lazio,Roma,12058094,Sambuci,2,3,III
Lazio,Roma,12058119,San Cesareo,2,3,III
Lazio,Roma,12058095,San Gregorio da Sassola,2,3,III
Lazio,Roma,12058096,San Polo dei Cavalieri,2,3,III
Lazio,Roma,12058100,San Vito Romano,2,3,III
Lazio,Roma,12058097,Santa Marinella,4,3,III
Lazio,Roma,12058098,Sant'Angelo Romano,2,3,III
Lazio,Roma,12058099,Sant'Oreste,2,3,III
Lazio,Roma,12058101,Saracinesco,2,3,III
Lazio,Roma,12058102,Segni,2,3,III
Lazio,Roma,12058103,Subiaco,2,3,III
Lazio,Roma,12058104,Tivoli,2,3,III
Lazio,Roma,12058105,Tolfa,3,3,III
Lazio,Roma,12058106,Torrita Tiberina,2,3,III
Lazio,Roma,12058107,Trevignano Romano,3,3,III
Lazio,Roma,12058108,Vallepietra,2,3,III
Lazio,Roma,12058109,Vallinfreda,2,3,III
Lazio,Roma,12058110,Valmontone,2,3,III
Lazio,Roma,12058111,Velletri,2,3,III
Lazio,Roma,12058112,Vicovaro,2,3,III
Lazio,Roma,12058113,Vivaro Romano,2,3,III
Lazio,Roma,12058114,Zagarolo,2,3,III
Lazio,Viterbo,12056001,Acquapendente,2,3,III
Lazio,Viterbo,12056002,Arlena di Castro,3,3,III
Lazio,Viterbo,12056003,Bagnoregio,2,3,III
Lazio,Viterbo,12056004,Barbarano Romano,3,3,III
Lazio,Viterbo,12056006,Bassano in Teverina,3,3,III
Lazio,Viterbo,12056005,Bassano Romano,3,3,III
Lazio,Viterbo,12056007,Blera,3,3,III
Lazio,Viterbo,12056008,Bolsena,3,3,III
Lazio,Viterbo,12056009,Bomarzo,3,3,III
Lazio,Viterbo,12056010,Calcata,3,3,III
Lazio,Viterbo,12056011,Canepina,3,3,III
Lazio,Viterbo,12056012,Canino,3,3,III
Lazio,Viterbo,12056013,Capodimonte,2,3,III
Lazio,Viterbo,12056014,Capranica,3,3,III
Lazio,Viterbo,12056015,Caprarola,3,3,III
Lazio,Viterbo,12056016,Carbognano,3,3,III
Lazio,Viterbo,12056017,Castel Sant'Elia,3,3,III
Lazio,Viterbo,12056018,Castiglione in Teverina,3,3,III
Lazio,Viterbo,12056019,Celleno,2,3,III
Lazio,Viterbo,12056020,Cellere,2,3,III
Lazio,Viterbo,12056021,Civita Castellana,3,3,III
Lazio,Viterbo,12056022,Civitella d'Agliano,3,3,III
Lazio,Viterbo,12056023,Corchiano,3,3,III
Lazio,Viterbo,12056024,Fabrica di Roma,3,3,III
Lazio,Viterbo,12056025,Faleria,3,3,III
Lazio,Viterbo,12056026,Farnese,3,3,III
Lazio,Viterbo,12056027,Gallese,3,3,III
Lazio,Viterbo,12056028,Gradoli,2,3,III
Lazio,Viterbo,12056029,Graffignano,3,3,III
Lazio,Viterbo,12056030,Grotte di Castro,2,3,III
Lazio,Viterbo,12056031,Ischia di Castro,3,3,III
Lazio,Viterbo,12056032,Latera,2,3,III
Lazio,Viterbo,12056033,Lubriano,3,3,III
Lazio,Viterbo,12056034,Marta,3,3,III
Lazio,Viterbo,12056035,Montalto di Castro,4,3,III
Lazio,Viterbo,12056037,Monte Romano,3,3,III
Lazio,Viterbo,12056036,Montefiascone,3,3,III
Lazio,Viterbo,12056038,Monterosi,3,3,III
Lazio,Viterbo,12056039,Nepi,3,3,III
Lazio,Viterbo,12056040,Onano,2,3,III
Lazio,Viterbo,12056041,Oriolo Romano,3,3,III
Lazio,Viterbo,12056042,Orte,3,3,III
Lazio,Viterbo,12056043,Piansano,3,3,III
Lazio,Viterbo,12056044,Proceno,2,3,III
Lazio,Viterbo,12056045,Ronciglione,3,3,III
Lazio,Viterbo,12056047,San Lorenzo Nuovo,2,3,III
Lazio,Viterbo,12056048,Soriano nel Cimino,3,3,III
Lazio,Viterbo,12056049,Sutri,3,3,III
Lazio,Viterbo,12056050,Tarquinia,3,3,III
Lazio,Viterbo,12056051,Tessennano,3,3,III
Lazio,Viterbo,12056052,Tuscania,3,3,III
Lazio,Viterbo,12056053,Valentano,3,3,III
Lazio,Viterbo,12056054,Vallerano,3,3,III
Lazio,Viterbo,12056055,Vasanello,3,3,III
Lazio,Viterbo,12056056,Vejano,3,3,III
Lazio,Viterbo,12056057,Vetralla,3,3,III
Lazio,Viterbo,12056058,Vignanello,3,3,III
Lazio,Viterbo,12056046,Villa San Giovanni in Tuscia,3,3,III
Lazio,Viterbo,12056059,Viterbo,3,3,III
Lazio,Viterbo,12056060,Vitorchiano,3,3,III
Liguria,Genova,7010001,Arenzano,4,7,II
Liguria,Genova,7010002,Avegno,4,7,II
Liguria,Genova,7010003,Bargagli,4,7,II
Liguria,Genova,7010004,Bogliasco,4,7,II
Liguria,Genova,7010005,Borzonasca,3,7,II
Liguria,Genova,7010006,Busalla,4,7,II
Liguria,Genova,7010007,Camogli,4,7,II
Liguria,Genova,7010008,Campo Ligure,4,7,II
Liguria,Genova,7010009,Campomorone,4,7,II
Liguria,Genova,7010010,Carasco,3,7,II
Liguria,Genova,7010011,Casarza Ligure,3,7,II
Liguria,Genova,7010012,Casella,4,7,II
Liguria,Genova,7010013,Castiglione Chiavarese,3,7,II
Liguria,Genova,7010014,Ceranesi,4,7,II
Liguria,Genova,7010015,Chiavari,4,7,II
Liguria,Genova,7010016,Cicagna,4,7,II
Liguria,Genova,7010017,Cogoleto,4,7,II
Liguria,Genova,7010018,Cogorno,3,7,II
Liguria,Genova,7010019,Coreglia Ligure,4,7,II
Liguria,Genova,7010020,Crocefieschi,3,7,II
Liguria,Genova,7010021,Davagna,4,7,II
Liguria,Genova,7010022,Fascia,4,7,II
Liguria,Genova,7010023,Favale di Malvaro,3,7,II
Liguria,Genova,7010024,Fontanigorda,3,7,II
Liguria,Genova,7010025,Genova,4,7,II
Liguria,Genova,7010026,Gorreto,3,7,II
Liguria,Genova,7010027,Isola del Cantone,3,7,II
Liguria,Genova,7010028,Lavagna,3,7,II
Liguria,Genova,7010029,Leivi,4,7,II
Liguria,Genova,7010030,Lorsica,4,7,II
Liguria,Genova,7010031,Lumarzo,4,7,II
Liguria,Genova,7010032,Masone,4,7,II
Liguria,Genova,7010033,Mele,4,7,II
Liguria,Genova,7010034,Mezzanego,3,7,II
Liguria,Genova,7010035,Mignanego,4,7,II
Liguria,Genova,7010036,Moconesi,4,7,II
Liguria,Genova,7010037,Moneglia,3,7,II
Liguria,Genova,7010038,Montebruno,4,7,II
Liguria,Genova,7010039,Montoggio,4,7,II
Liguria,Genova,7010040,Ne,3,7,II
Liguria,Genova,7010041,Neirone,4,7,II
Liguria,Genova,7010042,Orero,4,7,II
Liguria,Genova,7010043,Pieve Ligure,4,7,II
Liguria,Genova,7010044,Portofino,4,7,II
Liguria,Genova,7010045,Propata,4,7,II
Liguria,Genova,7010046,Rapallo,4,7,II
Liguria,Genova,7010047,Recco,4,7,II
Liguria,Genova,7010048,Rezzoaglio,3,7,II
Liguria,Genova,7010049,Ronco Scrivia,3,7,II
Liguria,Genova,7010050,Rondanina,4,7,II
Liguria,Genova,7010051,Rossiglione,4,7,II
Liguria,Genova,7010052,Rovegno,3,7,II
Liguria,Genova,7010053,San Colombano Certenoli,4,7,II
Liguria,Genova,7010054,Santa Margherita Ligure,4,7,II
Liguria,Genova,7010056,Santo Stefano d'Aveto,3,7,II
Liguria,Genova,7010055,Sant'Olcese,4,7,II
Liguria,Genova,7010057,Savignone,4,7,II
Liguria,Genova,7010058,Serra Riccò,4,7,II
Liguria,Genova,7010059,Sestri Levante,3,7,II
Liguria,Genova,7010060,Sori,4,7,II
Liguria,Genova,7010061,Tiglieto,4,7,II
Liguria,Genova,7010062,Torriglia,4,7,II
Liguria,Genova,7010063,Tribogna,4,7,II
Liguria,Genova,7010064,Uscio,4,7,II
Liguria,Genova,7010065,Valbrevenna,4,7,II
Liguria,Genova,7010066,Vobbia,3,7,II
Liguria,Genova,7010067,Zoagli,4,7,II
Liguria,Imperia,7008001,Airole,3,7,II
Liguria,Imperia,7008002,Apricale,3,7,II
Liguria,Imperia,7008003,Aquila di Arroscia,3,7,II
Liguria,Imperia,7008004,Armo,3,7,II
Liguria,Imperia,7008005,Aurigo,3,7,II
Liguria,Imperia,7008006,Badalucco,2,7,II
Liguria,Imperia,7008007,Baiardo,3,7,II
Liguria,Imperia,7008008,Bordighera,3,7,II
Liguria,Imperia,7008009,Borghetto d'Arroscia,3,7,II
Liguria,Imperia,7008010,Borgomaro,3,7,II
Liguria,Imperia,7008011,Camporosso,3,7,II
Liguria,Imperia,7008012,Caravonica,3,7,II
Liguria,Imperia,7008013,Carpasio,2,7,II
Liguria,Imperia,7008015,Castel Vittorio,3,7,II
Liguria,Imperia,7008014,Castellaro,2,7,II
Liguria,Imperia,7008016,Ceriana,2,7,II
Liguria,Imperia,7008017,Cervo,3,7,II
Liguria,Imperia,7008018,Cesio,3,7,II
Liguria,Imperia,7008019,Chiusanico,3,7,II
Liguria,Imperia,7008020,Chiusavecchia,3,7,II
Liguria,Imperia,7008021,Cipressa,2,7,II
Liguria,Imperia,7008022,Civezza,2,7,II
Liguria,Imperia,7008023,Cosio di Arroscia,3,7,II
Liguria,Imperia,7008024,Costarainera,2,7,II
Liguria,Imperia,7008025,Diano Arentino,3,7,II
Liguria,Imperia,7008026,Diano Castello,3,7,II
Liguria,Imperia,7008027,Diano Marina,3,7,II
Liguria,Imperia,7008028,Diano San Pietro,3,7,II
Liguria,Imperia,7008029,Dolceacqua,3,7,II
Liguria,Imperia,7008030,Dolcedo,2,7,II
Liguria,Imperia,7008031,Imperia,2,7,II
Liguria,Imperia,7008032,Isolabona,3,7,II
Liguria,Imperia,7008033,Lucinasco,3,7,II
Liguria,Imperia,7008034,Mendatica,3,7,II
Liguria,Imperia,7008035,Molini di Triora,3,7,II
Liguria,Imperia,7008036,Montalto Ligure,2,7,II
Liguria,Imperia,7008037,Montegrosso Pian Latte,3,7,II
Liguria,Imperia,7008038,Olivetta San Michele,3,7,II
Liguria,Imperia,7008039,Ospedaletti,2,7,II
Liguria,Imperia,7008040,Perinaldo,3,7,II
Liguria,Imperia,7008041,Pietrabruna,2,7,II
Liguria,Imperia,7008042,Pieve di Teco,3,7,II
Liguria,Imperia,7008043,Pigna,3,7,II
Liguria,Imperia,7008044,Pompeiana,2,7,II
Liguria,Imperia,7008045,Pontedassio,3,7,II
Liguria,Imperia,7008046,Pornassio,3,7,II
Liguria,Imperia,7008047,Prelà,2,7,II
Liguria,Imperia,7008048,Ranzo,3,7,II
Liguria,Imperia,7008049,Rezzo,3,7,II
Liguria,Imperia,7008050,Riva Ligure,2,7,II
Liguria,Imperia,7008051,Rocchetta Nervina,3,7,II
Liguria,Imperia,7008052,San Bartolomeo al Mare,3,7,II
Liguria,Imperia,7008053,San Biagio della Cima,3,7,II
Liguria,Imperia,7008054,San Lorenzo al Mare,2,7,II
Liguria,Imperia,7008055,San Remo,2,7,II
Liguria,Imperia,7008056,Santo Stefano al Mare,2,7,II
Liguria,Imperia,7008057,Seborga,3,7,II
Liguria,Imperia,7008058,Soldano,3,7,II
Liguria,Imperia,7008059,Taggia,2,7,II
Liguria,Imperia,7008060,Terzorio,2,7,II
Liguria,Imperia,7008061,Triora,3,7,II
Liguria,Imperia,7008062,Vallebona,3,7,II
Liguria,Imperia,7008063,Vallecrosia,3,7,II
Liguria,Imperia,7008064,Vasia,2,7,II
Liguria,Imperia,7008065,Ventimiglia,3,7,II
Liguria,Imperia,7008066,Vessalico,3,7,II
Liguria,Imperia,7008067,Villa Faraldi,3,7,II
Liguria,La Spezia,7011001,Ameglia,3,7,II
Liguria,La Spezia,7011002,Arcola,2,7,II
Liguria,La Spezia,7011003,Beverino,3,7,II
Liguria,La Spezia,7011004,Bolano,2,7,II
Liguria,La Spezia,7011005,Bonassola,3,7,II
Liguria,La Spezia,7011006,Borghetto di Vara,3,7,II
Liguria,La Spezia,7011007,Brugnato,2,7,II
Liguria,La Spezia,7011008,Calice al Cornoviglio,2,7,II
Liguria,La Spezia,7011009,Carro,3,7,II
Liguria,La Spezia,7011010,Carrodano,3,7,II
Liguria,La Spezia,7011011,Castelnuovo Magra,2,7,II
Liguria,La Spezia,7011012,Deiva Marina,3,7,II
Liguria,La Spezia,7011013,Follo,3,7,II
Liguria,La Spezia,7011014,Framura,3,7,II
Liguria,La Spezia,7011015,La Spezia,3,7,II
Liguria,La Spezia,7011016,Lerici,3,7,II
Liguria,La Spezia,7011017,Levanto,3,7,II
Liguria,La Spezia,7011018,Maissana,3,7,II
Liguria,La Spezia,7011019,Monterosso al Mare,3,7,II
Liguria,La Spezia,7011020,Ortonovo,2,7,II
Liguria,La Spezia,7011021,Pignone,3,7,II
Liguria,La Spezia,7011022,Portovenere,3,7,II
Liguria,La Spezia,7011023,Riccò del Golfo di Spezia,3,7,II
Liguria,La Spezia,7011024,Riomaggiore,3,7,II
Liguria,La Spezia,7011025,Rocchetta di Vara,2,7,II
Liguria,La Spezia,7011026,Santo Stefano di Magra,2,7,II
Liguria,La Spezia,7011027,Sarzana,2,7,II
Liguria,La Spezia,7011028,Sesta Godano,3,7,II
Liguria,La Spezia,7011029,Varese Ligure,3,7,II
Liguria,La Spezia,7011030,Vernazza,3,7,II
Liguria,La Spezia,7011031,Vezzano Ligure,2,7,II
Liguria,La Spezia,7011032,Zignago,2,7,II
Liguria,Savona,7009001,Alassio,3,7,II
Liguria,Savona,7009002,Albenga,3,7,II
Liguria,Savona,7009003,Albisola Marina,4,7,II
Liguria,Savona,7009004,Albisola Superiore,4,7,II
Liguria,Savona,7009005,Altare,4,7,II
Liguria,Savona,7009006,Andora,3,7,II
Liguria,Savona,7009007,Arnasco,3,7,II
Liguria,Savona,7009008,Balestrino,3,7,II
Liguria,Savona,7009009,Bardineto,4,7,II
Liguria,Savona,7009010,Bergeggi,4,7,II
Liguria,Savona,7009011,Boissano,3,7,II
Liguria,Savona,7009012,Borghetto Santo Spirito,3,7,II
Liguria,Savona,7009013,Borgio Verezzi,3,7,II
Liguria,Savona,7009014,Bormida,4,7,II
Liguria,Savona,7009015,Cairo Montenotte,4,7,II
Liguria,Savona,7009016,Calice Ligure,4,7,II
Liguria,Savona,7009017,Calizzano,4,7,II
Liguria,Savona,7009018,Carcare,4,7,II
Liguria,Savona,7009019,Casanova Lerrone,3,7,II
Liguria,Savona,7009020,Castelbianco,3,7,II
Liguria,Savona,7009021,Castelvecchio di Rocca Barbena,3,7,II
Liguria,Savona,7009022,Celle Ligure,4,7,II
Liguria,Savona,7009023,Cengio,4,7,II
Liguria,Savona,7009024,Ceriale,3,7,II
Liguria,Savona,7009025,Cisano sul Neva,3,7,II
Liguria,Savona,7009026,Cosseria,4,7,II
Liguria,Savona,7009027,Dego,4,7,II
Liguria,Savona,7009028,Erli,3,7,II
Liguria,Savona,7009029,Finale Ligure,4,7,II
Liguria,Savona,7009030,Garlenda,3,7,II
Liguria,Savona,7009031,Giustenice,4,7,II
Liguria,Savona,7009032,Giusvalla,4,7,II
Liguria,Savona,7009033,Laigueglia,3,7,II
Liguria,Savona,7009034,Loano,3,7,II
Liguria,Savona,7009035,Magliolo,4,7,II
Liguria,Savona,7009036,Mallare,4,7,II
Liguria,Savona,7009037,Massimino,4,7,II
Liguria,Savona,7009038,Millesimo,4,7,II
Liguria,Savona,7009039,Mioglia,4,7,II
Liguria,Savona,7009040,Murialdo,4,7,II
Liguria,Savona,7009041,Nasino,3,7,II
Liguria,Savona,7009042,Noli,4,7,II
Liguria,Savona,7009043,Onzo,3,7,II
Liguria,Savona,7009044,Orco Feglino,4,7,II
Liguria,Savona,7009045,Ortovero,3,7,II
Liguria,Savona,7009046,Osiglia,4,7,II
Liguria,Savona,7009047,Pallare,4,7,II
Liguria,Savona,7009048,Piana Crixia,4,7,II
Liguria,Savona,7009049,Pietra Ligure,3,7,II
Liguria,Savona,7009050,Plodio,4,7,II
Liguria,Savona,7009051,Pontinvrea,4,7,II
Liguria,Savona,7009052,Quiliano,4,7,II
Liguria,Savona,7009053,Rialto,4,7,II
Liguria,Savona,7009054,Roccavignale,4,7,II
Liguria,Savona,7009055,Sassello,4,7,II
Liguria,Savona,7009056,Savona,4,7,II
Liguria,Savona,7009057,Spotorno,4,7,II
Liguria,Savona,7009058,Stella,4,7,II
Liguria,Savona,7009059,Stellanello,3,7,II
Liguria,Savona,7009060,Testico,3,7,II
Liguria,Savona,7009061,Toirano,3,7,II
Liguria,Savona,7009062,Tovo San Giacomo,4,7,II
Liguria,Savona,7009063,Urbe,4,7,II
Liguria,Savona,7009064,Vado Ligure,4,7,II
Liguria,Savona,7009065,Varazze,4,7,II
Liguria,Savona,7009066,Vendone,3,7,II
Liguria,Savona,7009067,Vezzi Portio,4,7,II
Liguria,Savona,7009068,Villanova d'Albenga,3,7,II
Liguria,Savona,7009069,Zuccarello,3,7,II
Lombardia,Bergamo,3016001,Adrara San Martino,3,1,I (alpina)
Lombardia,Bergamo,3016002,Adrara San Rocco,3,1,I (alpina)
Lombardia,Bergamo,3016003,Albano Sant'Alessandro,3,1,I (alpina)
Lombardia,Bergamo,3016004,Albino,3,1,I (alpina)
Lombardia,Bergamo,3016248,Algua,4,1,I (alpina)
Lombardia,Bergamo,3016005,Almè,4,1,I (alpina)
Lombardia,Bergamo,3016006,Almenno San Bartolomeo,4,1,I (alpina)
Lombardia,Bergamo,3016007,Almenno San Salvatore,4,1,I (alpina)
Lombardia,Bergamo,3016008,Alzano Lombardo,3,1,I (alpina)
Lombardia,Bergamo,3016009,Ambivere,4,1,I (alpina)
Lombardia,Bergamo,3016010,Antegnate,4,1,I (alpina)
Lombardia,Bergamo,3016011,Arcene,4,1,I (alpina)
Lombardia,Bergamo,3016012,Ardesio,4,1,I (alpina)
Lombardia,Bergamo,3016013,Arzago d'Adda,4,1,I (alpina)
Lombardia,Bergamo,3016014,Averara,4,1,I (alpina)
Lombardia,Bergamo,3016015,Aviatico,3,1,I (alpina)
Lombardia,Bergamo,3016016,Azzano San Paolo,3,1,I (alpina)
Lombardia,Bergamo,3016017,Azzone,4,1,I (alpina)
Lombardia,Bergamo,3016018,Bagnatica,3,1,I (alpina)
Lombardia,Bergamo,3016019,Barbata,4,1,I (alpina)
Lombardia,Bergamo,3016020,Bariano,4,1,I (alpina)
Lombardia,Bergamo,3016021,Barzana,4,1,I (alpina)
Lombardia,Bergamo,3016022,Bedulita,4,1,I (alpina)
Lombardia,Bergamo,3016023,Berbenno,4,1,I (alpina)
Lombardia,Bergamo,3016024,Bergamo,3,1,I (alpina)
Lombardia,Bergamo,3016025,Berzo San Fermo,3,1,I (alpina)
Lombardia,Bergamo,3016026,Bianzano,3,1,I (alpina)
Lombardia,Bergamo,3016027,Blello,4,1,I (alpina)
Lombardia,Bergamo,3016028,Bolgare,3,1,I (alpina)
Lombardia,Bergamo,3016029,Boltiere,4,1,I (alpina)
Lombardia,Bergamo,3016030,Bonate Sopra,4,1,I (alpina)
Lombardia,Bergamo,3016031,Bonate Sotto,4,1,I (alpina)
Lombardia,Bergamo,3016032,Borgo di Terzo,3,1,I (alpina)
Lombardia,Bergamo,3016033,Bossico,4,1,I (alpina)
Lombardia,Bergamo,3016034,Bottanuco,4,1,I (alpina)
Lombardia,Bergamo,3016035,Bracca,4,1,I (alpina)
Lombardia,Bergamo,3016036,Branzi,4,1,I (alpina)
Lombardia,Bergamo,3016037,Brembate,4,1,I (alpina)
Lombardia,Bergamo,3016038,Brembate di Sopra,4,1,I (alpina)
Lombardia,Bergamo,3016039,Brembilla,4,1,I (alpina)
Lombardia,Bergamo,3016040,Brignano Gera d'Adda,4,1,I (alpina)
Lombardia,Bergamo,3016041,Brumano,4,1,I (alpina)
Lombardia,Bergamo,3016042,Brusaporto,3,1,I (alpina)
Lombardia,Bergamo,3016043,Calcinate,3,1,I (alpina)
Lombardia,Bergamo,3016044,Calcio,2,1,I (alpina)
Lombardia,Bergamo,3016046,Calusco d'Adda,4,1,I (alpina)
Lombardia,Bergamo,3016047,Calvenzano,4,1,I (alpina)
Lombardia,Bergamo,3016048,Camerata Cornello,4,1,I (alpina)
Lombardia,Bergamo,3016049,Canonica d'Adda,4,1,I (alpina)
Lombardia,Bergamo,3016050,Capizzone,4,1,I (alpina)
Lombardia,Bergamo,3016051,Capriate San Gervasio,4,1,I (alpina)
Lombardia,Bergamo,3016052,Caprino Bergamasco,4,1,I (alpina)
Lombardia,Bergamo,3016053,Caravaggio,4,1,I (alpina)
Lombardia,Bergamo,3016055,Carobbio degli Angeli,3,1,I (alpina)
Lombardia,Bergamo,3016056,Carona,4,1,I (alpina)
Lombardia,Bergamo,3016057,Carvico,4,1,I (alpina)
Lombardia,Bergamo,3016058,Casazza,3,1,I (alpina)
Lombardia,Bergamo,3016059,Casirate d'Adda,4,1,I (alpina)
Lombardia,Bergamo,3016060,Casnigo,4,1,I (alpina)
Lombardia,Bergamo,3016061,Cassiglio,4,1,I (alpina)
Lombardia,Bergamo,3016063,Castel Rozzone,4,1,I (alpina)
Lombardia,Bergamo,3016062,Castelli Calepio,3,1,I (alpina)
Lombardia,Bergamo,3016064,Castione della Presolana,4,1,I (alpina)
Lombardia,Bergamo,3016065,Castro,3,1,I (alpina)
Lombardia,Bergamo,3016066,Cavernago,3,1,I (alpina)
Lombardia,Bergamo,3016067,Cazzano Sant'Andrea,4,1,I (alpina)
Lombardia,Bergamo,3016068,Cenate Sopra,3,1,I (alpina)
Lombardia,Bergamo,3016069,Cenate Sotto,3,1,I (alpina)
Lombardia,Bergamo,3016070,Cene,3,1,I (alpina)
Lombardia,Bergamo,3016071,Cerete,4,1,I (alpina)
Lombardia,Bergamo,3016072,Chignolo d'Isola,4,1,I (alpina)
Lombardia,Bergamo,3016073,Chiuduno,3,1,I (alpina)
Lombardia,Bergamo,3016074,Cisano Bergamasco,4,1,I (alpina)
Lombardia,Bergamo,3016075,Ciserano,4,1,I (alpina)
Lombardia,Bergamo,3016076,Cividate al Piano,3,1,I (alpina)
Lombardia,Bergamo,3016077,Clusone,4,1,I (alpina)
Lombardia,Bergamo,3016078,Colere,4,1,I (alpina)
Lombardia,Bergamo,3016079,Cologno al Serio,3,1,I (alpina)
Lombardia,Bergamo,3016080,Colzate,4,1,I (alpina)
Lombardia,Bergamo,3016081,Comun Nuovo,4,1,I (alpina)
Lombardia,Bergamo,3016082,Corna Imagna,4,1,I (alpina)
Lombardia,Bergamo,3016249,Cornalba,4,1,I (alpina)
Lombardia,Bergamo,3016083,Cortenova,3,1,I (alpina)
Lombardia,Bergamo,3016084,Costa di Mezzate,3,1,I (alpina)
Lombardia,Bergamo,3016247,Costa di Serina,4,1,I (alpina)
Lombardia,Bergamo,3016085,Costa Valle Imagna,4,1,I (alpina)
Lombardia,Bergamo,3016086,Costa Volpino,3,1,I (alpina)
Lombardia,Bergamo,3016087,Covo,4,1,I (alpina)
Lombardia,Bergamo,3016088,Credaro,3,1,I (alpina)
Lombardia,Bergamo,3016089,Curno,4,1,I (alpina)
Lombardia,Bergamo,3016090,Cusio,4,1,I (alpina)
Lombardia,Bergamo,3016091,Dalmine,4,1,I (alpina)
Lombardia,Bergamo,3016092,Dossena,4,1,I (alpina)
Lombardia,Bergamo,3016093,Endine Gaiano,3,1,I (alpina)
Lombardia,Bergamo,3016094,Entratico,3,1,I (alpina)
Lombardia,Bergamo,3016096,Fara Gera d'Adda,4,1,I (alpina)
Lombardia,Bergamo,3016097,Fara Olivana con Sola,4,1,I (alpina)
Lombardia,Bergamo,3016098,Filago,4,1,I (alpina)
Lombardia,Bergamo,3016099,Fino del Monte,4,1,I (alpina)
Lombardia,Bergamo,3016100,Fiorano al Serio,3,1,I (alpina)
Lombardia,Bergamo,3016101,Fontanella,2,1,I (alpina)
Lombardia,Bergamo,3016102,Fonteno,3,1,I (alpina)
Lombardia,Bergamo,3016103,Foppolo,4,1,I (alpina)
Lombardia,Bergamo,3016104,Foresto Sparso,3,1,I (alpina)
Lombardia,Bergamo,3016105,Fornovo San Giovanni,4,1,I (alpina)
Lombardia,Bergamo,3016106,Fuipiano Valle Imagna,4,1,I (alpina)
Lombardia,Bergamo,3016107,Gandellino,4,1,I (alpina)
Lombardia,Bergamo,3016108,Gandino,4,1,I (alpina)
Lombardia,Bergamo,3016109,Gandosso,3,1,I (alpina)
Lombardia,Bergamo,3016110,Gaverina Terme,3,1,I (alpina)
Lombardia,Bergamo,3016111,Gazzaniga,3,1,I (alpina)
Lombardia,Bergamo,3016112,Gerosa,4,1,I (alpina)
Lombardia,Bergamo,3016113,Ghisalba,3,1,I (alpina)
Lombardia,Bergamo,3016114,Gorlago,3,1,I (alpina)
Lombardia,Bergamo,3016115,Gorle,3,1,I (alpina)
Lombardia,Bergamo,3016116,Gorno,4,1,I (alpina)
Lombardia,Bergamo,3016117,Grassobbio,3,1,I (alpina)
Lombardia,Bergamo,3016118,Gromo,4,1,I (alpina)
Lombardia,Bergamo,3016119,Grone,3,1,I (alpina)
Lombardia,Bergamo,3016120,Grumello del Monte,3,1,I (alpina)
Lombardia,Bergamo,3016121,Isola di Fondra,4,1,I (alpina)
Lombardia,Bergamo,3016122,Isso,4,1,I (alpina)
Lombardia,Bergamo,3016123,Lallio,4,1,I (alpina)
Lombardia,Bergamo,3016124,Leffe,3,1,I (alpina)
Lombardia,Bergamo,3016125,Lenna,4,1,I (alpina)
Lombardia,Bergamo,3016126,Levate,4,1,I (alpina)
Lombardia,Bergamo,3016127,Locatello,4,1,I (alpina)
Lombardia,Bergamo,3016128,Lovere,3,1,I (alpina)
Lombardia,Bergamo,3016129,Lurano,4,1,I (alpina)
Lombardia,Bergamo,3016130,Luzzana,3,1,I (alpina)
Lombardia,Bergamo,3016131,Madone,4,1,I (alpina)
Lombardia,Bergamo,3016132,Mapello,4,1,I (alpina)
Lombardia,Bergamo,3016133,Martinengo,3,1,I (alpina)
Lombardia,Bergamo,3016250,Medolago,4,1,I (alpina)
Lombardia,Bergamo,3016134,Mezzoldo,4,1,I (alpina)
Lombardia,Bergamo,3016135,Misano di Gera d'Adda,4,1,I (alpina)
Lombardia,Bergamo,3016136,Moio de' Calvi,4,1,I (alpina)
Lombardia,Bergamo,3016137,Monasterolo del Castello,3,1,I (alpina)
Lombardia,Bergamo,3016139,Montello,3,1,I (alpina)
Lombardia,Bergamo,3016140,Morengo,4,1,I (alpina)
Lombardia,Bergamo,3016141,Mornico al Serio,3,1,I (alpina)
Lombardia,Bergamo,3016142,Mozzanica,4,1,I (alpina)
Lombardia,Bergamo,3016143,Mozzo,4,1,I (alpina)
Lombardia,Bergamo,3016144,Nembro,3,1,I (alpina)
Lombardia,Bergamo,3016145,Olmo al Brembo,4,1,I (alpina)
Lombardia,Bergamo,3016146,Oltre Il Colle,4,1,I (alpina)
Lombardia,Bergamo,3016147,Oltressenda Alta,4,1,I (alpina)
Lombardia,Bergamo,3016148,Oneta,4,1,I (alpina)
Lombardia,Bergamo,3016149,Onore,4,1,I (alpina)
Lombardia,Bergamo,3016150,Orio al Serio,3,1,I (alpina)
Lombardia,Bergamo,3016151,Ornica,4,1,I (alpina)
Lombardia,Bergamo,3016152,Osio Sopra,4,1,I (alpina)
Lombardia,Bergamo,3016153,Osio Sotto,4,1,I (alpina)
Lombardia,Bergamo,3016154,Pagazzano,4,1,I (alpina)
Lombardia,Bergamo,3016155,Paladina,4,1,I (alpina)
Lombardia,Bergamo,3016156,Palazzago,4,1,I (alpina)
Lombardia,Bergamo,3016157,Palosco,3,1,I (alpina)
Lombardia,Bergamo,3016158,Parre,4,1,I (alpina)
Lombardia,Bergamo,3016159,Parzanica,3,1,I (alpina)
Lombardia,Bergamo,3016160,Pedrengo,3,1,I (alpina)
Lombardia,Bergamo,3016161,Peia,3,1,I (alpina)
Lombardia,Bergamo,3016162,Pianico,3,1,I (alpina)
Lombardia,Bergamo,3016163,Piario,4,1,I (alpina)
Lombardia,Bergamo,3016164,Piazza Brembana,4,1,I (alpina)
Lombardia,Bergamo,3016165,Piazzatorre,4,1,I (alpina)
Lombardia,Bergamo,3016166,Piazzolo,4,1,I (alpina)
Lombardia,Bergamo,3016167,Pognano,4,1,I (alpina)
Lombardia,Bergamo,3016168,Ponte Nossa,4,1,I (alpina)
Lombardia,Bergamo,3016170,Ponte San Pietro,4,1,I (alpina)
Lombardia,Bergamo,3016169,Ponteranica,3,1,I (alpina)
Lombardia,Bergamo,3016171,Pontida,4,1,I (alpina)
Lombardia,Bergamo,3016172,Pontirolo Nuovo,4,1,I (alpina)
Lombardia,Bergamo,3016173,Pradalunga,3,1,I (alpina)
Lombardia,Bergamo,3016174,Predore,3,1,I (alpina)
Lombardia,Bergamo,3016175,Premolo,4,1,I (alpina)
Lombardia,Bergamo,3016176,Presezzo,4,1,I (alpina)
Lombardia,Bergamo,3016177,Pumenengo,2,1,I (alpina)
Lombardia,Bergamo,3016178,Ranica,3,1,I (alpina)
Lombardia,Bergamo,3016179,Ranzanico,3,1,I (alpina)
Lombardia,Bergamo,3016180,Riva di Solto,3,1,I (alpina)
Lombardia,Bergamo,3016182,Rogno,4,1,I (alpina)
Lombardia,Bergamo,3016183,Romano di Lombardia,4,1,I (alpina)
Lombardia,Bergamo,3016184,Roncobello,4,1,I (alpina)
Lombardia,Bergamo,3016185,Roncola,4,1,I (alpina)
Lombardia,Bergamo,3016186,Rota d'Imagna,4,1,I (alpina)
Lombardia,Bergamo,3016187,Rovetta,4,1,I (alpina)
Lombardia,Bergamo,3016188,San Giovanni Bianco,4,1,I (alpina)
Lombardia,Bergamo,3016189,San Paolo d'Argon,3,1,I (alpina)
Lombardia,Bergamo,3016190,San Pellegrino Terme,4,1,I (alpina)
Lombardia,Bergamo,3016191,Santa Brigida,4,1,I (alpina)
Lombardia,Bergamo,3016192,Sant'Omobono Imagna,4,1,I (alpina)
Lombardia,Bergamo,3016193,Sarnico,3,1,I (alpina)
Lombardia,Bergamo,3016194,Scanzorosciate,3,1,I (alpina)
Lombardia,Bergamo,3016195,Schilpario,4,1,I (alpina)
Lombardia,Bergamo,3016196,Sedrina,4,1,I (alpina)
Lombardia,Bergamo,3016197,Selvino,3,1,I (alpina)
Lombardia,Bergamo,3016198,Seriate,3,1,I (alpina)
Lombardia,Bergamo,3016199,Serina,4,1,I (alpina)
Lombardia,Bergamo,3016200,Solto Collina,3,1,I (alpina)
Lombardia,Bergamo,3016251,Solza,4,1,I (alpina)
Lombardia,Bergamo,3016201,Songavazzo,4,1,I (alpina)
Lombardia,Bergamo,3016202,Sorisole,3,1,I (alpina)
Lombardia,Bergamo,3016203,Sotto il Monte Giovanni XXIII,4,1,I (alpina)
Lombardia,Bergamo,3016204,Sovere,4,1,I (alpina)
Lombardia,Bergamo,3016205,Spinone al Lago,3,1,I (alpina)
Lombardia,Bergamo,3016206,Spirano,4,1,I (alpina)
Lombardia,Bergamo,3016207,Stezzano,4,1,I (alpina)
Lombardia,Bergamo,3016208,Strozza,4,1,I (alpina)
Lombardia,Bergamo,3016209,Suisio,4,1,I (alpina)
Lombardia,Bergamo,3016210,Taleggio,4,1,I (alpina)
Lombardia,Bergamo,3016211,Tavernola Bergamasca,3,1,I (alpina)
Lombardia,Bergamo,3016212,Telgate,3,1,I (alpina)
Lombardia,Bergamo,3016213,Terno d'Isola,4,1,I (alpina)
Lombardia,Bergamo,3016214,Torre Boldone,3,1,I (alpina)
Lombardia,Bergamo,3016216,Torre de' Roveri,3,1,I (alpina)
Lombardia,Bergamo,3016217,Torre Pallavicina,2,1,I (alpina)
Lombardia,Bergamo,3016218,Trescore Balneario,3,1,I (alpina)
Lombardia,Bergamo,3016219,Treviglio,4,1,I (alpina)
Lombardia,Bergamo,3016220,Treviolo,4,1,I (alpina)
Lombardia,Bergamo,3016221,Ubiale Clanezzo,4,1,I (alpina)
Lombardia,Bergamo,3016222,Urgnano,3,1,I (alpina)
Lombardia,Bergamo,3016223,Valbondione,4,1,I (alpina)
Lombardia,Bergamo,3016224,Valbrembo,4,1,I (alpina)
Lombardia,Bergamo,3016225,Valgoglio,4,1,I (alpina)
Lombardia,Bergamo,3016226,Valleve,4,1,I (alpina)
Lombardia,Bergamo,3016227,Valnegra,4,1,I (alpina)
Lombardia,Bergamo,3016228,Valsecca,4,1,I (alpina)
Lombardia,Bergamo,3016229,Valtorta,4,1,I (alpina)
Lombardia,Bergamo,3016230,Vedeseta,4,1,I (alpina)
Lombardia,Bergamo,3016232,Verdellino,4,1,I (alpina)
Lombardia,Bergamo,3016233,Verdello,4,1,I (alpina)
Lombardia,Bergamo,3016234,Vertova,4,1,I (alpina)
Lombardia,Bergamo,3016235,Viadanica,3,1,I (alpina)
Lombardia,Bergamo,3016236,Vigano San Martino,3,1,I (alpina)
Lombardia,Bergamo,3016237,Vigolo,3,1,I (alpina)
Lombardia,Bergamo,3016238,Villa d'Adda,4,1,I (alpina)
Lombardia,Bergamo,3016239,Villa d'Almè,4,1,I (alpina)
Lombardia,Bergamo,3016240,Villa di Serio,3,1,I (alpina)
Lombardia,Bergamo,3016241,Villa d'Ogna,4,1,I (alpina)
Lombardia,Bergamo,3016242,Villongo,3,1,I (alpina)
Lombardia,Bergamo,3016243,Vilminore di Scalve,4,1,I (alpina)
Lombardia,Bergamo,3016244,Zandobbio,3,1,I (alpina)
Lombardia,Bergamo,3016245,Zanica,3,1,I (alpina)
Lombardia,Bergamo,3016246,Zogno,4,1,I (alpina)
Lombardia,Brescia,3017001,Acquafredda,3,1,I (alpina)
Lombardia,Brescia,3017002,Adro,3,1,I (alpina)
Lombardia,Brescia,3017003,Agnosine,2,1,I (alpina)
Lombardia,Brescia,3017004,Alfianello,4,1,I (alpina)
Lombardia,Brescia,3017005,Anfo,3,1,I (alpina)
Lombardia,Brescia,3017006,Angolo Terme,4,1,I (alpina)
Lombardia,Brescia,3017007,Artogne,3,1,I (alpina)
Lombardia,Brescia,3017008,Azzano Mella,3,1,I (alpina)
Lombardia,Brescia,3017009,Bagnolo Mella,3,1,I (alpina)
Lombardia,Brescia,3017010,Bagolino,3,1,I (alpina)
Lombardia,Brescia,3017011,Barbariga,3,1,I (alpina)
Lombardia,Brescia,3017012,Barghe,2,1,I (alpina)
Lombardia,Brescia,3017013,Bassano Bresciano,4,1,I (alpina)
Lombardia,Brescia,3017014,Bedizzole,3,1,I (alpina)
Lombardia,Brescia,3017015,Berlingo,3,1,I (alpina)
Lombardia,Brescia,3017016,Berzo Demo,4,1,I (alpina)
Lombardia,Brescia,3017017,Berzo Inferiore,4,1,I (alpina)
Lombardia,Brescia,3017018,Bienno,4,1,I (alpina)
Lombardia,Brescia,3017019,Bione,3,1,I (alpina)
Lombardia,Brescia,3017020,Borgo San Giacomo,4,1,I (alpina)
Lombardia,Brescia,3017021,Borgosatollo,3,1,I (alpina)
Lombardia,Brescia,3017022,Borno,4,1,I (alpina)
Lombardia,Brescia,3017023,Botticino,3,1,I (alpina)
Lombardia,Brescia,3017024,Bovegno,3,1,I (alpina)
Lombardia,Brescia,3017025,Bovezzo,3,1,I (alpina)
Lombardia,Brescia,3017026,Brandico,3,1,I (alpina)
Lombardia,Brescia,3017027,Braone,4,1,I (alpina)
Lombardia,Brescia,3017028,Breno,4,1,I (alpina)
Lombardia,Brescia,3017029,Brescia,3,1,I (alpina)
Lombardia,Brescia,3017030,Brione,3,1,I (alpina)
Lombardia,Brescia,3017031,Caino,2,1,I (alpina)
Lombardia,Brescia,3017032,Calcinato,3,1,I (alpina)
Lombardia,Brescia,3017033,Calvagese della Riviera,3,1,I (alpina)
Lombardia,Brescia,3017034,Calvisano,3,1,I (alpina)
Lombardia,Brescia,3017035,Capo di Ponte,4,1,I (alpina)
Lombardia,Brescia,3017036,Capovalle,3,1,I (alpina)
Lombardia,Brescia,3017037,Capriano del Colle,3,1,I (alpina)
Lombardia,Brescia,3017038,Capriolo,3,1,I (alpina)
Lombardia,Brescia,3017039,Carpenedolo,3,1,I (alpina)
Lombardia,Brescia,3017040,Castegnato,3,1,I (alpina)
Lombardia,Brescia,3017042,Castel Mella,3,1,I (alpina)
Lombardia,Brescia,3017041,Castelcovati,2,1,I (alpina)
Lombardia,Brescia,3017043,Castenedolo,3,1,I (alpina)
Lombardia,Brescia,3017044,Casto,3,1,I (alpina)
Lombardia,Brescia,3017045,Castrezzato,2,1,I (alpina)
Lombardia,Brescia,3017046,Cazzago San Martino,3,1,I (alpina)
Lombardia,Brescia,3017047,Cedegolo,4,1,I (alpina)
Lombardia,Brescia,3017048,Cellatica,3,1,I (alpina)
Lombardia,Brescia,3017049,Cerveno,4,1,I (alpina)
Lombardia,Brescia,3017050,Ceto,4,1,I (alpina)
Lombardia,Brescia,3017051,Cevo,4,1,I (alpina)
Lombardia,Brescia,3017052,Chiari,3,1,I (alpina)
Lombardia,Brescia,3017053,Cigole,4,1,I (alpina)
Lombardia,Brescia,3017054,Cimbergo,4,1,I (alpina)
Lombardia,Brescia,3017055,Cividate Camuno,4,1,I (alpina)
Lombardia,Brescia,3017056,Coccaglio,3,1,I (alpina)
Lombardia,Brescia,3017057,Collebeato,3,1,I (alpina)
Lombardia,Brescia,3017058,Collio,3,1,I (alpina)
Lombardia,Brescia,3017059,Cologne,3,1,I (alpina)
Lombardia,Brescia,3017060,Comezzano-Cizzago,2,1,I (alpina)
Lombardia,Brescia,3017061,Concesio,3,1,I (alpina)
Lombardia,Brescia,3017062,Corte Franca,3,1,I (alpina)
Lombardia,Brescia,3017063,Corteno Golgi,4,1,I (alpina)
Lombardia,Brescia,3017064,Corzano,3,1,I (alpina)
Lombardia,Brescia,3017065,Darfo Boario Terme,4,1,I (alpina)
Lombardia,Brescia,3017066,Dello,3,1,I (alpina)
Lombardia,Brescia,3017067,Desenzano del Garda,3,1,I (alpina)
Lombardia,Brescia,3017068,Edolo,4,1,I (alpina)
Lombardia,Brescia,3017069,Erbusco,3,1,I (alpina)
Lombardia,Brescia,3017070,Esine,4,1,I (alpina)
Lombardia,Brescia,3017071,Fiesse,4,1,I (alpina)
Lombardia,Brescia,3017072,Flero,3,1,I (alpina)
Lombardia,Brescia,3017073,Gambara,4,1,I (alpina)
Lombardia,Brescia,3017074,Gardone Riviera,2,1,I (alpina)
Lombardia,Brescia,3017075,Gardone Val Trompia,3,1,I (alpina)
Lombardia,Brescia,3017076,Gargnano,2,1,I (alpina)
Lombardia,Brescia,3017077,Gavardo,2,1,I (alpina)
Lombardia,Brescia,3017078,Ghedi,3,1,I (alpina)
Lombardia,Brescia,3017079,Gianico,4,1,I (alpina)
Lombardia,Brescia,3017080,Gottolengo,4,1,I (alpina)
Lombardia,Brescia,3017081,Gussago,3,1,I (alpina)
Lombardia,Brescia,3017082,Idro,3,1,I (alpina)
Lombardia,Brescia,3017083,Incudine,4,1,I (alpina)
Lombardia,Brescia,3017084,Irma,3,1,I (alpina)
Lombardia,Brescia,3017085,Iseo,3,1,I (alpina)
Lombardia,Brescia,3017086,Isorella,3,1,I (alpina)
Lombardia,Brescia,3017087,Lavenone,3,1,I (alpina)
Lombardia,Brescia,3017088,Leno,3,1,I (alpina)
Lombardia,Brescia,3017089,Limone sul Garda,3,1,I (alpina)
Lombardia,Brescia,3017090,Lodrino,3,1,I (alpina)
Lombardia,Brescia,3017091,Lograto,3,1,I (alpina)
Lombardia,Brescia,3017092,Lonato,3,1,I (alpina)
Lombardia,Brescia,3017093,Longhena,3,1,I (alpina)
Lombardia,Brescia,3017094,Losine,4,1,I (alpina)
Lombardia,Brescia,3017095,Lozio,4,1,I (alpina)
Lombardia,Brescia,3017096,Lumezzane,3,1,I (alpina)
Lombardia,Brescia,3017097,Maclodio,3,1,I (alpina)
Lombardia,Brescia,3017098,Magasa,3,1,I (alpina)
Lombardia,Brescia,3017099,Mairano,3,1,I (alpina)
Lombardia,Brescia,3017100,Malegno,4,1,I (alpina)
Lombardia,Brescia,3017101,Malonno,4,1,I (alpina)
Lombardia,Brescia,3017102,Manerba del Garda,3,1,I (alpina)
Lombardia,Brescia,3017103,Manerbio,3,1,I (alpina)
Lombardia,Brescia,3017104,Marcheno,3,1,I (alpina)
Lombardia,Brescia,3017105,Marmentino,3,1,I (alpina)
Lombardia,Brescia,3017106,Marone,3,1,I (alpina)
Lombardia,Brescia,3017107,Mazzano,3,1,I (alpina)
Lombardia,Brescia,3017108,Milzano,4,1,I (alpina)
Lombardia,Brescia,3017109,Moniga del Garda,3,1,I (alpina)
Lombardia,Brescia,3017110,Monno,4,1,I (alpina)
Lombardia,Brescia,3017111,Monte Isola,3,1,I (alpina)
Lombardia,Brescia,3017112,Monticelli Brusati,3,1,I (alpina)
Lombardia,Brescia,3017113,Montichiari,3,1,I (alpina)
Lombardia,Brescia,3017114,Montirone,3,1,I (alpina)
Lombardia,Brescia,3017115,Mura,3,1,I (alpina)
Lombardia,Brescia,3017116,Muscoline,3,1,I (alpina)
Lombardia,Brescia,3017117,Nave,3,1,I (alpina)
Lombardia,Brescia,3017118,Niardo,4,1,I (alpina)
Lombardia,Brescia,3017119,Nuvolento,3,1,I (alpina)
Lombardia,Brescia,3017120,Nuvolera,3,1,I (alpina)
Lombardia,Brescia,3017121,Odolo,2,1,I (alpina)
Lombardia,Brescia,3017122,Offlaga,3,1,I (alpina)
Lombardia,Brescia,3017123,Ome,3,1,I (alpina)
Lombardia,Brescia,3017124,Ono San Pietro,4,1,I (alpina)
Lombardia,Brescia,3017125,Orzinuovi,2,1,I (alpina)
Lombardia,Brescia,3017126,Orzivecchi,2,1,I (alpina)
Lombardia,Brescia,3017127,Ospitaletto,3,1,I (alpina)
Lombardia,Brescia,3017128,Ossimo,4,1,I (alpina)
Lombardia,Brescia,3017129,Padenghe sul  Garda,3,1,I (alpina)
Lombardia,Brescia,3017130,Paderno Franciacorta,3,1,I (alpina)
Lombardia,Brescia,3017131,Paisco Loveno,4,1,I (alpina)
Lombardia,Brescia,3017132,Paitone,2,1,I (alpina)
Lombardia,Brescia,3017133,Palazzolo sull'Oglio,3,1,I (alpina)
Lombardia,Brescia,3017134,Paratico,3,1,I (alpina)
Lombardia,Brescia,3017135,Paspardo,4,1,I (alpina)
Lombardia,Brescia,3017136,Passirano,3,1,I (alpina)
Lombardia,Brescia,3017137,Pavone del Mella,4,1,I (alpina)
Lombardia,Brescia,3017139,Pertica Alta,3,1,I (alpina)
Lombardia,Brescia,3017140,Pertica Bassa,3,1,I (alpina)
Lombardia,Brescia,3017141,Pezzaze,3,1,I (alpina)
Lombardia,Brescia,3017142,Pian Camuno,3,1,I (alpina)
Lombardia,Brescia,3017206,Piancogno,4,1,I (alpina)
Lombardia,Brescia,3017143,Pisogne,3,1,I (alpina)
Lombardia,Brescia,3017144,Polaveno,3,1,I (alpina)
Lombardia,Brescia,3017145,Polpenazze del Garda,3,1,I (alpina)
Lombardia,Brescia,3017146,Pompiano,2,1,I (alpina)
Lombardia,Brescia,3017147,Poncarale,3,1,I (alpina)
Lombardia,Brescia,3017148,Ponte di Legno,4,1,I (alpina)
Lombardia,Brescia,3017149,Pontevico,4,1,I (alpina)
Lombardia,Brescia,3017150,Pontoglio,3,1,I (alpina)
Lombardia,Brescia,3017151,Pozzolengo,3,1,I (alpina)
Lombardia,Brescia,3017152,Pralboino,4,1,I (alpina)
Lombardia,Brescia,3017153,Preseglie,2,1,I (alpina)
Lombardia,Brescia,3017154,Prestine,4,1,I (alpina)
Lombardia,Brescia,3017155,Prevalle,2,1,I (alpina)
Lombardia,Brescia,3017156,Provaglio d'Iseo,3,1,I (alpina)
Lombardia,Brescia,3017157,Provaglio Val Sabbia,2,1,I (alpina)
Lombardia,Brescia,3017158,Puegnago sul Garda,2,1,I (alpina)
Lombardia,Brescia,3017159,Quinzano d'Oglio,4,1,I (alpina)
Lombardia,Brescia,3017160,Remedello,4,1,I (alpina)
Lombardia,Brescia,3017161,Rezzato,3,1,I (alpina)
Lombardia,Brescia,3017162,Roccafranca,2,1,I (alpina)
Lombardia,Brescia,3017163,Rodengo-Saiano,3,1,I (alpina)
Lombardia,Brescia,3017164,Roè Volciano,2,1,I (alpina)
Lombardia,Brescia,3017165,Roncadelle,3,1,I (alpina)
Lombardia,Brescia,3017166,Rovato,3,1,I (alpina)
Lombardia,Brescia,3017167,Rudiano,2,1,I (alpina)
Lombardia,Brescia,3017168,Sabbio Chiese,2,1,I (alpina)
Lombardia,Brescia,3017169,Sale Marasino,3,1,I (alpina)
Lombardia,Brescia,3017170,Salò,2,1,I (alpina)
Lombardia,Brescia,3017171,San Felice del Benaco,2,1,I (alpina)
Lombardia,Brescia,3017172,San Gervasio Bresciano,4,1,I (alpina)
Lombardia,Brescia,3017138,San Paolo,4,1,I (alpina)
Lombardia,Brescia,3017173,San Zeno Naviglio,3,1,I (alpina)
Lombardia,Brescia,3017174,Sarezzo,3,1,I (alpina)
Lombardia,Brescia,3017175,Saviore dell'Adamello,4,1,I (alpina)
Lombardia,Brescia,3017176,Sellero,4,1,I (alpina)
Lombardia,Brescia,3017177,Seniga,4,1,I (alpina)
Lombardia,Brescia,3017178,Serle,2,1,I (alpina)
Lombardia,Brescia,3017179,Sirmione,3,1,I (alpina)
Lombardia,Brescia,3017180,Soiano del Lago,3,1,I (alpina)
Lombardia,Brescia,3017181,Sonico,4,1,I (alpina)
Lombardia,Brescia,3017182,Sulzano,3,1,I (alpina)
Lombardia,Brescia,3017183,Tavernole sul Mella,3,1,I (alpina)
Lombardia,Brescia,3017184,Temù,4,1,I (alpina)
Lombardia,Brescia,3017185,Tignale,3,1,I (alpina)
Lombardia,Brescia,3017186,Torbole Casaglia,3,1,I (alpina)
Lombardia,Brescia,3017187,Toscolano-Maderno,2,1,I (alpina)
Lombardia,Brescia,3017188,Travagliato,3,1,I (alpina)
Lombardia,Brescia,3017189,Tremosine,3,1,I (alpina)
Lombardia,Brescia,3017190,Trenzano,3,1,I (alpina)
Lombardia,Brescia,3017191,Treviso Bresciano,2,1,I (alpina)
Lombardia,Brescia,3017192,Urago d'Oglio,2,1,I (alpina)
Lombardia,Brescia,3017193,Vallio Terme,2,1,I (alpina)
Lombardia,Brescia,3017194,Valvestino,3,1,I (alpina)
Lombardia,Brescia,3017195,Verolanuova,4,1,I (alpina)
Lombardia,Brescia,3017196,Verolavecchia,4,1,I (alpina)
Lombardia,Brescia,3017197,Vestone,2,1,I (alpina)
Lombardia,Brescia,3017198,Vezza d'Oglio,4,1,I (alpina)
Lombardia,Brescia,3017199,Villa Carcina,3,1,I (alpina)
Lombardia,Brescia,3017200,Villachiara,4,1,I (alpina)
Lombardia,Brescia,3017201,Villanuova sul Clisi,2,1,I (alpina)
Lombardia,Brescia,3017202,Vione,4,1,I (alpina)
Lombardia,Brescia,3017203,Visano,3,1,I (alpina)
Lombardia,Brescia,3017204,Vobarno,2,1,I (alpina)
Lombardia,Brescia,3017205,Zone,3,1,I (alpina)
Lombardia,Como,3013003,Albavilla,4,1,I (alpina)
Lombardia,Como,3013004,Albese con Cassano,4,1,I (alpina)
Lombardia,Como,3013005,Albiolo,4,1,I (alpina)
Lombardia,Como,3013006,Alserio,4,1,I (alpina)
Lombardia,Como,3013007,Alzate Brianza,4,1,I (alpina)
Lombardia,Como,3013009,Anzano del Parco,4,1,I (alpina)
Lombardia,Como,3013010,Appiano Gentile,4,1,I (alpina)
Lombardia,Como,3013011,Argegno,4,1,I (alpina)
Lombardia,Como,3013012,Arosio,4,1,I (alpina)
Lombardia,Como,3013013,Asso,4,1,I (alpina)
Lombardia,Como,3013015,Barni,4,1,I (alpina)
Lombardia,Como,3013019,Bellagio,4,1,I (alpina)
Lombardia,Como,3013021,Bene Lario,4,1,I (alpina)
Lombardia,Como,3013022,Beregazzo con Figliaro,4,1,I (alpina)
Lombardia,Como,3013023,Binago,4,1,I (alpina)
Lombardia,Como,3013024,Bizzarone,4,1,I (alpina)
Lombardia,Como,3013025,Blessagno,4,1,I (alpina)
Lombardia,Como,3013026,Blevio,4,1,I (alpina)
Lombardia,Como,3013028,Bregnano,4,1,I (alpina)
Lombardia,Como,3013029,Brenna,4,1,I (alpina)
Lombardia,Como,3013030,Brienno,4,1,I (alpina)
Lombardia,Como,3013032,Brunate,4,1,I (alpina)
Lombardia,Como,3013034,Bulgarograsso,4,1,I (alpina)
Lombardia,Como,3013035,Cabiate,4,1,I (alpina)
Lombardia,Como,3013036,Cadorago,4,1,I (alpina)
Lombardia,Como,3013037,Caglio,4,1,I (alpina)
Lombardia,Como,3013038,Cagno,4,1,I (alpina)
Lombardia,Como,3013040,Campione d'Italia,4,1,I (alpina)
Lombardia,Como,3013041,Cantù,4,1,I (alpina)
Lombardia,Como,3013042,Canzo,4,1,I (alpina)
Lombardia,Como,3013043,Capiago Intimiano,4,1,I (alpina)
Lombardia,Como,3013044,Carate Urio,4,1,I (alpina)
Lombardia,Como,3013045,Carbonate,4,1,I (alpina)
Lombardia,Como,3013046,Carimate,4,1,I (alpina)
Lombardia,Como,3013047,Carlazzo,4,1,I (alpina)
Lombardia,Como,3013048,Carugo,4,1,I (alpina)
Lombardia,Como,3013050,Casasco d'Intelvi,4,1,I (alpina)
Lombardia,Como,3013052,Caslino d'Erba,4,1,I (alpina)
Lombardia,Como,3013053,Casnate con Bernate,4,1,I (alpina)
Lombardia,Como,3013055,Cassina Rizzardi,4,1,I (alpina)
Lombardia,Como,3013058,Castelmarte,4,1,I (alpina)
Lombardia,Como,3013059,Castelnuovo Bozzente,4,1,I (alpina)
Lombardia,Como,3013060,Castiglione d'Intelvi,4,1,I (alpina)
Lombardia,Como,3013061,Cavallasca,4,1,I (alpina)
Lombardia,Como,3013062,Cavargna,4,1,I (alpina)
Lombardia,Como,3013063,Cerano d'Intelvi,4,1,I (alpina)
Lombardia,Como,3013064,Cermenate,4,1,I (alpina)
Lombardia,Como,3013065,Cernobbio,4,1,I (alpina)
Lombardia,Como,3013068,Cirimido,4,1,I (alpina)
Lombardia,Como,3013070,Civenna,4,1,I (alpina)
Lombardia,Como,3013071,Claino con Osteno,4,1,I (alpina)
Lombardia,Como,3013074,Colonno,4,1,I (alpina)
Lombardia,Como,3013075,Como,4,1,I (alpina)
Lombardia,Como,3013076,Consiglio di Rumo,4,1,I (alpina)
Lombardia,Como,3013077,Corrido,4,1,I (alpina)
Lombardia,Como,3013083,Cremia,4,1,I (alpina)
Lombardia,Como,3013084,Cucciago,4,1,I (alpina)
Lombardia,Como,3013085,Cusino,4,1,I (alpina)
Lombardia,Como,3013087,Dizzasco,4,1,I (alpina)
Lombardia,Como,3013089,Domaso,4,1,I (alpina)
Lombardia,Como,3013090,Dongo,4,1,I (alpina)
Lombardia,Como,3013092,Dosso del Liro,4,1,I (alpina)
Lombardia,Como,3013093,Drezzo,4,1,I (alpina)
Lombardia,Como,3013095,Erba,4,1,I (alpina)
Lombardia,Como,3013097,Eupilio,4,1,I (alpina)
Lombardia,Como,3013098,Faggeto Lario,4,1,I (alpina)
Lombardia,Como,3013099,Faloppio,4,1,I (alpina)
Lombardia,Como,3013100,Fenegrò,4,1,I (alpina)
Lombardia,Como,3013101,Figino Serenza,4,1,I (alpina)
Lombardia,Como,3013102,Fino Mornasco,4,1,I (alpina)
Lombardia,Como,3013106,Garzeno,4,1,I (alpina)
Lombardia,Como,3013107,Gera Lario,4,1,I (alpina)
Lombardia,Como,3013108,Germasino,4,1,I (alpina)
Lombardia,Como,3013109,Gironico,4,1,I (alpina)
Lombardia,Como,3013110,Grandate,4,1,I (alpina)
Lombardia,Como,3013111,Grandola ed Uniti,4,1,I (alpina)
Lombardia,Como,3013112,Gravedona,4,1,I (alpina)
Lombardia,Como,3013113,Griante,4,1,I (alpina)
Lombardia,Como,3013114,Guanzate,4,1,I (alpina)
Lombardia,Como,3013118,Inverigo,4,1,I (alpina)
Lombardia,Como,3013119,Laglio,4,1,I (alpina)
Lombardia,Como,3013120,Laino,4,1,I (alpina)
Lombardia,Como,3013121,Lambrugo,4,1,I (alpina)
Lombardia,Como,3013122,Lanzo d'Intelvi,4,1,I (alpina)
Lombardia,Como,3013123,Lasnigo,4,1,I (alpina)
Lombardia,Como,3013125,Lenno,4,1,I (alpina)
Lombardia,Como,3013126,Lezzeno,4,1,I (alpina)
Lombardia,Como,3013128,Limido Comasco,4,1,I (alpina)
Lombardia,Como,3013129,Lipomo,4,1,I (alpina)
Lombardia,Como,3013130,Livo,4,1,I (alpina)
Lombardia,Como,3013131,Locate Varesino,4,1,I (alpina)
Lombardia,Como,3013133,Lomazzo,4,1,I (alpina)
Lombardia,Como,3013134,Longone al Segrino,4,1,I (alpina)
Lombardia,Como,3013135,Luisago,4,1,I (alpina)
Lombardia,Como,3013136,Lurago d'Erba,4,1,I (alpina)
Lombardia,Como,3013137,Lurago Marinone,4,1,I (alpina)
Lombardia,Como,3013138,Lurate Caccivio,4,1,I (alpina)
Lombardia,Como,3013139,Magreglio,4,1,I (alpina)
Lombardia,Como,3013143,Mariano Comense,4,1,I (alpina)
Lombardia,Como,3013144,Maslianico,4,1,I (alpina)
Lombardia,Como,3013145,Menaggio,4,1,I (alpina)
Lombardia,Como,3013147,Merone,4,1,I (alpina)
Lombardia,Como,3013148,Mezzegra,4,1,I (alpina)
Lombardia,Como,3013152,Moltrasio,4,1,I (alpina)
Lombardia,Como,3013153,Monguzzo,4,1,I (alpina)
Lombardia,Como,3013154,Montano Lucino,4,1,I (alpina)
Lombardia,Como,3013155,Montemezzo,4,1,I (alpina)
Lombardia,Como,3013157,Montorfano,4,1,I (alpina)
Lombardia,Como,3013159,Mozzate,4,1,I (alpina)
Lombardia,Como,3013160,Musso,4,1,I (alpina)
Lombardia,Como,3013161,Nesso,4,1,I (alpina)
Lombardia,Como,3013163,Novedrate,4,1,I (alpina)
Lombardia,Como,3013165,Olgiate Comasco,4,1,I (alpina)
Lombardia,Como,3013169,Oltrona di San Mamette,4,1,I (alpina)
Lombardia,Como,3013170,Orsenigo,4,1,I (alpina)
Lombardia,Como,3013172,Ossuccio,4,1,I (alpina)
Lombardia,Como,3013175,Parè,4,1,I (alpina)
Lombardia,Como,3013178,Peglio,4,1,I (alpina)
Lombardia,Como,3013179,Pellio Intelvi,4,1,I (alpina)
Lombardia,Como,3013183,Pianello del Lario,4,1,I (alpina)
Lombardia,Como,3013184,Pigra,4,1,I (alpina)
Lombardia,Como,3013185,Plesio,4,1,I (alpina)
Lombardia,Como,3013186,Pognana Lario,4,1,I (alpina)
Lombardia,Como,3013187,Ponna,4,1,I (alpina)
Lombardia,Como,3013188,Ponte Lambro,4,1,I (alpina)
Lombardia,Como,3013189,Porlezza,4,1,I (alpina)
Lombardia,Como,3013192,Proserpio,4,1,I (alpina)
Lombardia,Como,3013193,Pusiano,4,1,I (alpina)
Lombardia,Como,3013194,Ramponio Verna,4,1,I (alpina)
Lombardia,Como,3013195,Rezzago,4,1,I (alpina)
Lombardia,Como,3013197,Rodero,4,1,I (alpina)
Lombardia,Como,3013199,Ronago,4,1,I (alpina)
Lombardia,Como,3013201,Rovellasca,4,1,I (alpina)
Lombardia,Como,3013202,Rovello Porro,4,1,I (alpina)
Lombardia,Como,3013203,Sala Comacina,4,1,I (alpina)
Lombardia,Como,3013204,San Bartolomeo Val Cavargna,4,1,I (alpina)
Lombardia,Como,3013205,San Fedele Intelvi,4,1,I (alpina)
Lombardia,Como,3013206,San Fermo della Battaglia,4,1,I (alpina)
Lombardia,Como,3013207,San Nazzaro Val Cavargna,4,1,I (alpina)
Lombardia,Como,3013210,Santa Maria Rezzonico,4,1,I (alpina)
Lombardia,Como,3013208,Sant'Abbondio,4,1,I (alpina)
Lombardia,Como,3013211,Schignano,4,1,I (alpina)
Lombardia,Como,3013212,Senna Comasco,4,1,I (alpina)
Lombardia,Como,3013215,Solbiate,4,1,I (alpina)
Lombardia,Como,3013216,Sorico,4,1,I (alpina)
Lombardia,Como,3013217,Sormano,4,1,I (alpina)
Lombardia,Como,3013218,Stazzona,4,1,I (alpina)
Lombardia,Como,3013222,Tavernerio,4,1,I (alpina)
Lombardia,Como,3013223,Torno,4,1,I (alpina)
Lombardia,Como,3013225,Tremezzo,4,1,I (alpina)
Lombardia,Como,3013226,Trezzone,4,1,I (alpina)
Lombardia,Como,3013227,Turate,4,1,I (alpina)
Lombardia,Como,3013228,Uggiate-Trevano,4,1,I (alpina)
Lombardia,Como,3013233,Val Rezzo,4,1,I (alpina)
Lombardia,Como,3013229,Valbrona,4,1,I (alpina)
Lombardia,Como,3013232,Valmorea,4,1,I (alpina)
Lombardia,Como,3013234,Valsolda,4,1,I (alpina)
Lombardia,Como,3013236,Veleso,4,1,I (alpina)
Lombardia,Como,3013238,Veniano,4,1,I (alpina)
Lombardia,Como,3013239,Vercana,4,1,I (alpina)
Lombardia,Como,3013242,Vertemate con Minoprio,4,1,I (alpina)
Lombardia,Como,3013245,Villa Guardia,4,1,I (alpina)
Lombardia,Como,3013246,Zelbio,4,1,I (alpina)
Lombardia,Cremona,3019001,Acquanegra Cremonese,4,1,I (mediterranea)
Lombardia,Cremona,3019002,Agnadello,4,1,I (mediterranea)
Lombardia,Cremona,3019003,Annicco,4,1,I (mediterranea)
Lombardia,Cremona,3019004,Azzanello,4,1,I (mediterranea)
Lombardia,Cremona,3019005,Bagnolo Cremasco,4,1,I (mediterranea)
Lombardia,Cremona,3019006,Bonemerse,4,1,I (mediterranea)
Lombardia,Cremona,3019007,Bordolano,4,1,I (mediterranea)
Lombardia,Cremona,3019008,Cà d'Andrea,4,1,I (mediterranea)
Lombardia,Cremona,3019009,Calvatone,4,1,I (mediterranea)
Lombardia,Cremona,3019010,Camisano,4,1,I (mediterranea)
Lombardia,Cremona,3019011,Campagnola Cremasca,4,1,I (mediterranea)
Lombardia,Cremona,3019012,Capergnanica,4,1,I (mediterranea)
Lombardia,Cremona,3019013,Cappella Cantone,4,1,I (mediterranea)
Lombardia,Cremona,3019014,Cappella de' Picenardi,4,1,I (mediterranea)
Lombardia,Cremona,3019015,Capralba,4,1,I (mediterranea)
Lombardia,Cremona,3019016,Casalbuttano ed Uniti,4,1,I (mediterranea)
Lombardia,Cremona,3019017,Casale Cremasco-Vidolasco,4,1,I (mediterranea)
Lombardia,Cremona,3019018,Casaletto Ceredano,4,1,I (mediterranea)
Lombardia,Cremona,3019019,Casaletto di Sopra,2,1,I (mediterranea)
Lombardia,Cremona,3019020,Casaletto Vaprio,4,1,I (mediterranea)
Lombardia,Cremona,3019021,Casalmaggiore,4,1,I (mediterranea)
Lombardia,Cremona,3019022,Casalmorano,4,1,I (mediterranea)
Lombardia,Cremona,3019024,Castel Gabbiano,4,1,I (mediterranea)
Lombardia,Cremona,3019023,Casteldidone,4,1,I (mediterranea)
Lombardia,Cremona,3019025,Castelleone,4,1,I (mediterranea)
Lombardia,Cremona,3019026,Castelverde,4,1,I (mediterranea)
Lombardia,Cremona,3019027,Castelvisconti,4,1,I (mediterranea)
Lombardia,Cremona,3019028,Cella Dati,4,1,I (mediterranea)
Lombardia,Cremona,3019029,Chieve,4,1,I (mediterranea)
Lombardia,Cremona,3019030,Cicognolo,4,1,I (mediterranea)
Lombardia,Cremona,3019031,Cingia de' Botti,4,1,I (mediterranea)
Lombardia,Cremona,3019032,Corte de' Cortesi con Cignone,4,1,I (mediterranea)
Lombardia,Cremona,3019033,Corte de' Frati,4,1,I (mediterranea)
Lombardia,Cremona,3019034,Credera Rubbiano,4,1,I (mediterranea)
Lombardia,Cremona,3019035,Crema,4,1,I (mediterranea)
Lombardia,Cremona,3019036,Cremona,4,1,I (mediterranea)
Lombardia,Cremona,3019037,Cremosano,4,1,I (mediterranea)
Lombardia,Cremona,3019038,Crotta d'Adda,4,1,I (mediterranea)
Lombardia,Cremona,3019039,Cumignano sul Naviglio,4,1,I (mediterranea)
Lombardia,Cremona,3019040,Derovere,4,1,I (mediterranea)
Lombardia,Cremona,3019041,Dovera,4,1,I (mediterranea)
Lombardia,Cremona,3019042,Drizzona,4,1,I (mediterranea)
Lombardia,Cremona,3019043,Fiesco,4,1,I (mediterranea)
Lombardia,Cremona,3019044,Formigara,4,1,I (mediterranea)
Lombardia,Cremona,3019045,Gabbioneta-Binanuova,4,1,I (mediterranea)
Lombardia,Cremona,3019046,Gadesco-Pieve Delmona,4,1,I (mediterranea)
Lombardia,Cremona,3019047,Genivolta,4,1,I (mediterranea)
Lombardia,Cremona,3019048,Gerre de' Caprioli,4,1,I (mediterranea)
Lombardia,Cremona,3019049,Gombito,4,1,I (mediterranea)
Lombardia,Cremona,3019050,Grontardo,4,1,I (mediterranea)
Lombardia,Cremona,3019051,Grumello Cremonese ed Uniti,4,1,I (mediterranea)
Lombardia,Cremona,3019052,Gussola,4,1,I (mediterranea)
Lombardia,Cremona,3019053,Isola Dovarese,4,1,I (mediterranea)
Lombardia,Cremona,3019054,Izano,4,1,I (mediterranea)
Lombardia,Cremona,3019055,Madignano,4,1,I (mediterranea)
Lombardia,Cremona,3019056,Malagnino,4,1,I (mediterranea)
Lombardia,Cremona,3019057,Martignana di Po,4,1,I (mediterranea)
Lombardia,Cremona,3019058,Monte Cremasco,4,1,I (mediterranea)
Lombardia,Cremona,3019059,Montodine,4,1,I (mediterranea)
Lombardia,Cremona,3019060,Moscazzano,4,1,I (mediterranea)
Lombardia,Cremona,3019061,Motta Baluffi,4,1,I (mediterranea)
Lombardia,Cremona,3019062,Offanengo,4,1,I (mediterranea)
Lombardia,Cremona,3019063,Olmeneta,4,1,I (mediterranea)
Lombardia,Cremona,3019064,Ostiano,4,1,I (mediterranea)
Lombardia,Cremona,3019065,Paderno Ponchielli,4,1,I (mediterranea)
Lombardia,Cremona,3019066,Palazzo Pignano,4,1,I (mediterranea)
Lombardia,Cremona,3019067,Pandino,4,1,I (mediterranea)
Lombardia,Cremona,3019068,Persico Dosimo,4,1,I (mediterranea)
Lombardia,Cremona,3019069,Pescarolo ed Uniti,4,1,I (mediterranea)
Lombardia,Cremona,3019070,Pessina Cremonese,4,1,I (mediterranea)
Lombardia,Cremona,3019071,Piadena,4,1,I (mediterranea)
Lombardia,Cremona,3019072,Pianengo,4,1,I (mediterranea)
Lombardia,Cremona,3019073,Pieranica,4,1,I (mediterranea)
Lombardia,Cremona,3019074,Pieve d'Olmi,4,1,I (mediterranea)
Lombardia,Cremona,3019075,Pieve San Giacomo,4,1,I (mediterranea)
Lombardia,Cremona,3019076,Pizzighettone,4,1,I (mediterranea)
Lombardia,Cremona,3019077,Pozzaglio ed Uniti,4,1,I (mediterranea)
Lombardia,Cremona,3019078,Quintano,4,1,I (mediterranea)
Lombardia,Cremona,3019079,Ricengo,4,1,I (mediterranea)
Lombardia,Cremona,3019080,Ripalta Arpina,4,1,I (mediterranea)
Lombardia,Cremona,3019081,Ripalta Cremasca,4,1,I (mediterranea)
Lombardia,Cremona,3019082,Ripalta Guerina,4,1,I (mediterranea)
Lombardia,Cremona,3019083,Rivarolo del Re ed Uniti,4,1,I (mediterranea)
Lombardia,Cremona,3019084,Rivolta d'Adda,4,1,I (mediterranea)
Lombardia,Cremona,3019085,Robecco d'Oglio,4,1,I (mediterranea)
Lombardia,Cremona,3019086,Romanengo,2,1,I (mediterranea)
Lombardia,Cremona,3019087,Salvirola,4,1,I (mediterranea)
Lombardia,Cremona,3019088,San Bassano,4,1,I (mediterranea)
Lombardia,Cremona,3019089,San Daniele Po,4,1,I (mediterranea)
Lombardia,Cremona,3019090,San Giovanni in Croce,4,1,I (mediterranea)
Lombardia,Cremona,3019091,San Martino del Lago,4,1,I (mediterranea)
Lombardia,Cremona,3019092,Scandolara Ravara,4,1,I (mediterranea)
Lombardia,Cremona,3019093,Scandolara Ripa d'Oglio,4,1,I (mediterranea)
Lombardia,Cremona,3019094,Sergnano,4,1,I (mediterranea)
Lombardia,Cremona,3019095,Sesto ed Uniti,4,1,I (mediterranea)
Lombardia,Cremona,3019096,Solarolo Rainerio,4,1,I (mediterranea)
Lombardia,Cremona,3019097,Soncino,2,1,I (mediterranea)
Lombardia,Cremona,3019098,Soresina,4,1,I (mediterranea)
Lombardia,Cremona,3019099,Sospiro,4,1,I (mediterranea)
Lombardia,Cremona,3019100,Spinadesco,4,1,I (mediterranea)
Lombardia,Cremona,3019101,Spineda,4,1,I (mediterranea)
Lombardia,Cremona,3019102,Spino d'Adda,4,1,I (mediterranea)
Lombardia,Cremona,3019103,Stagno Lombardo,4,1,I (mediterranea)
Lombardia,Cremona,3019104,Ticengo,2,1,I (mediterranea)
Lombardia,Cremona,3019105,Torlino Vimercati,4,1,I (mediterranea)
Lombardia,Cremona,3019106,Tornata,4,1,I (mediterranea)
Lombardia,Cremona,3019107,Torre de' Picenardi,4,1,I (mediterranea)
Lombardia,Cremona,3019108,Torricella del Pizzo,4,1,I (mediterranea)
Lombardia,Cremona,3019109,Trescore Cremasco,4,1,I (mediterranea)
Lombardia,Cremona,3019110,Trigolo,4,1,I (mediterranea)
Lombardia,Cremona,3019111,Vaiano Cremasco,4,1,I (mediterranea)
Lombardia,Cremona,3019112,Vailate,4,1,I (mediterranea)
Lombardia,Cremona,3019113,Vescovato,4,1,I (mediterranea)
Lombardia,Cremona,3019114,Volongo,4,1,I (mediterranea)
Lombardia,Cremona,3019115,Voltido,4,1,I (mediterranea)
Lombardia,Lecco,3097001,Abbadia Lariana,4,1,I (alpina)
Lombardia,Lecco,3097002,Airuno,4,1,I (alpina)
Lombardia,Lecco,3097003,Annone di Brianza,4,1,I (alpina)
Lombardia,Lecco,3097004,Ballabio,4,1,I (alpina)
Lombardia,Lecco,3097005,Barzago,4,1,I (alpina)
Lombardia,Lecco,3097006,Barzanò,4,1,I (alpina)
Lombardia,Lecco,3097007,Barzio,4,1,I (alpina)
Lombardia,Lecco,3097008,Bellano,4,1,I (alpina)
Lombardia,Lecco,3097009,Bosisio Parini,4,1,I (alpina)
Lombardia,Lecco,3097010,Brivio,4,1,I (alpina)
Lombardia,Lecco,3097011,Bulciago,4,1,I (alpina)
Lombardia,Lecco,3097012,Calco,4,1,I (alpina)
Lombardia,Lecco,3097013,Calolziocorte,4,1,I (alpina)
Lombardia,Lecco,3097014,Carenno,4,1,I (alpina)
Lombardia,Lecco,3097015,Casargo,4,1,I (alpina)
Lombardia,Lecco,3097016,Casatenovo,4,1,I (alpina)
Lombardia,Lecco,3097017,Cassago Brianza,4,1,I (alpina)
Lombardia,Lecco,3097018,Cassina Valsassina,4,1,I (alpina)
Lombardia,Lecco,3097019,Castello di Brianza,4,1,I (alpina)
Lombardia,Lecco,3097020,Cernusco Lombardone,4,1,I (alpina)
Lombardia,Lecco,3097021,Cesana Brianza,4,1,I (alpina)
Lombardia,Lecco,3097022,Civate,4,1,I (alpina)
Lombardia,Lecco,3097023,Colico,4,1,I (alpina)
Lombardia,Lecco,3097024,Colle Brianza,4,1,I (alpina)
Lombardia,Lecco,3097025,Cortenova,4,1,I (alpina)
Lombardia,Lecco,3097026,Costa Masnaga,4,1,I (alpina)
Lombardia,Lecco,3097027,Crandola Valsassina,4,1,I (alpina)
Lombardia,Lecco,3097028,Cremella,4,1,I (alpina)
Lombardia,Lecco,3097029,Cremeno,4,1,I (alpina)
Lombardia,Lecco,3097030,Dervio,4,1,I (alpina)
Lombardia,Lecco,3097031,Dolzago,4,1,I (alpina)
Lombardia,Lecco,3097032,Dorio,4,1,I (alpina)
Lombardia,Lecco,3097033,Ello,4,1,I (alpina)
Lombardia,Lecco,3097034,Erve,4,1,I (alpina)
Lombardia,Lecco,3097035,Esino Lario,4,1,I (alpina)
Lombardia,Lecco,3097036,Galbiate,4,1,I (alpina)
Lombardia,Lecco,3097037,Garbagnate Monastero,4,1,I (alpina)
Lombardia,Lecco,3097038,Garlate,4,1,I (alpina)
Lombardia,Lecco,3097039,Imbersago,4,1,I (alpina)
Lombardia,Lecco,3097040,Introbio,4,1,I (alpina)
Lombardia,Lecco,3097041,Introzzo,4,1,I (alpina)
Lombardia,Lecco,3097042,Lecco,4,1,I (alpina)
Lombardia,Lecco,3097043,Lierna,4,1,I (alpina)
Lombardia,Lecco,3097044,Lomagna,4,1,I (alpina)
Lombardia,Lecco,3097045,Malgrate,4,1,I (alpina)
Lombardia,Lecco,3097046,Mandello del Lario,4,1,I (alpina)
Lombardia,Lecco,3097047,Margno,4,1,I (alpina)
Lombardia,Lecco,3097048,Merate,4,1,I (alpina)
Lombardia,Lecco,3097049,Missaglia,4,1,I (alpina)
Lombardia,Lecco,3097050,Moggio,4,1,I (alpina)
Lombardia,Lecco,3097051,Molteno,4,1,I (alpina)
Lombardia,Lecco,3097052,Monte Marenzo,4,1,I (alpina)
Lombardia,Lecco,3097053,Montevecchia,4,1,I (alpina)
Lombardia,Lecco,3097054,Monticello Brianza,4,1,I (alpina)
Lombardia,Lecco,3097055,Morterone,4,1,I (alpina)
Lombardia,Lecco,3097056,Nibionno,4,1,I (alpina)
Lombardia,Lecco,3097057,Oggiono,4,1,I (alpina)
Lombardia,Lecco,3097058,Olgiate Molgora,4,1,I (alpina)
Lombardia,Lecco,3097059,Olginate,4,1,I (alpina)
Lombardia,Lecco,3097060,Oliveto Lario,4,1,I (alpina)
Lombardia,Lecco,3097061,Osnago,4,1,I (alpina)
Lombardia,Lecco,3097062,Paderno d'Adda,4,1,I (alpina)
Lombardia,Lecco,3097063,Pagnona,4,1,I (alpina)
Lombardia,Lecco,3097064,Parlasco,4,1,I (alpina)
Lombardia,Lecco,3097065,Pasturo,4,1,I (alpina)
Lombardia,Lecco,3097066,Perego,4,1,I (alpina)
Lombardia,Lecco,3097067,Perledo,4,1,I (alpina)
Lombardia,Lecco,3097068,Pescate,4,1,I (alpina)
Lombardia,Lecco,3097069,Premana,4,1,I (alpina)
Lombardia,Lecco,3097070,Primaluna,4,1,I (alpina)
Lombardia,Lecco,3097071,Robbiate,4,1,I (alpina)
Lombardia,Lecco,3097072,Rogeno,4,1,I (alpina)
Lombardia,Lecco,3097073,Rovagnate,4,1,I (alpina)
Lombardia,Lecco,3097074,Santa Maria Hoè,4,1,I (alpina)
Lombardia,Lecco,3097075,Sirone,4,1,I (alpina)
Lombardia,Lecco,3097076,Sirtori,4,1,I (alpina)
Lombardia,Lecco,3097077,Sueglio,4,1,I (alpina)
Lombardia,Lecco,3097078,Suello,4,1,I (alpina)
Lombardia,Lecco,3097079,Taceno,4,1,I (alpina)
Lombardia,Lecco,3097080,Torre de' Busi,4,1,I (alpina)
Lombardia,Lecco,3097081,Tremenico,4,1,I (alpina)
Lombardia,Lecco,3097082,Valgreghentino,4,1,I (alpina)
Lombardia,Lecco,3097083,Valmadrera,4,1,I (alpina)
Lombardia,Lecco,3097084,Varenna,4,1,I (alpina)
Lombardia,Lecco,3097085,Vendrogno,4,1,I (alpina)
Lombardia,Lecco,3097086,Vercurago,4,1,I (alpina)
Lombardia,Lecco,3097087,Verderio Inferiore,4,1,I (alpina)
Lombardia,Lecco,3097088,Verderio Superiore,4,1,I (alpina)
Lombardia,Lecco,3097089,Vestreno,4,1,I (alpina)
Lombardia,Lecco,3097090,Viganò,4,1,I (alpina)
Lombardia,Lodi,3098001,Abbadia Cerreto,4,1,I (mediterranea)
Lombardia,Lodi,3098002,Bertonico,4,1,I (mediterranea)
Lombardia,Lodi,3098003,Boffalora d'Adda,4,1,I (mediterranea)
Lombardia,Lodi,3098004,Borghetto Lodigiano,4,1,I (mediterranea)
Lombardia,Lodi,3098005,Borgo San Giovanni,4,1,I (mediterranea)
Lombardia,Lodi,3098006,Brembio,4,1,I (mediterranea)
Lombardia,Lodi,3098007,Camairago,4,1,I (mediterranea)
Lombardia,Lodi,3098008,Casaletto Lodigiano,4,1,I (mediterranea)
Lombardia,Lodi,3098009,Casalmaiocco,4,1,I (mediterranea)
Lombardia,Lodi,3098010,Casalpusterlengo,4,1,I (mediterranea)
Lombardia,Lodi,3098011,Caselle Landi,4,1,I (mediterranea)
Lombardia,Lodi,3098012,Caselle Lurani,4,1,I (mediterranea)
Lombardia,Lodi,3098013,Castelnuovo Bocca d'Adda,4,1,I (mediterranea)
Lombardia,Lodi,3098014,Castiglione d'Adda,4,1,I (mediterranea)
Lombardia,Lodi,3098015,Castiraga Vidardo,4,1,I (mediterranea)
Lombardia,Lodi,3098016,Cavacurta,4,1,I (mediterranea)
Lombardia,Lodi,3098017,Cavenago d'Adda,4,1,I (mediterranea)
Lombardia,Lodi,3098018,Cervignano d'Adda,4,1,I (mediterranea)
Lombardia,Lodi,3098019,Codogno,4,1,I (mediterranea)
Lombardia,Lodi,3098020,Comazzo,4,1,I (mediterranea)
Lombardia,Lodi,3098021,Cornegliano Laudense,4,1,I (mediterranea)
Lombardia,Lodi,3098022,Corno Giovine,4,1,I (mediterranea)
Lombardia,Lodi,3098023,Cornovecchio,4,1,I (mediterranea)
Lombardia,Lodi,3098024,Corte Palasio,4,1,I (mediterranea)
Lombardia,Lodi,3098025,Crespiatica,4,1,I (mediterranea)
Lombardia,Lodi,3098026,Fombio,4,1,I (mediterranea)
Lombardia,Lodi,3098027,Galgagnano,4,1,I (mediterranea)
Lombardia,Lodi,3098028,Graffignana,4,1,I (mediterranea)
Lombardia,Lodi,3098029,Guardamiglio,4,1,I (mediterranea)
Lombardia,Lodi,3098030,Livraga,4,1,I (mediterranea)
Lombardia,Lodi,3098031,Lodi,4,1,I (mediterranea)
Lombardia,Lodi,3098032,Lodi Vecchio,4,1,I (mediterranea)
Lombardia,Lodi,3098033,Maccastorna,4,1,I (mediterranea)
Lombardia,Lodi,3098034,Mairago,4,1,I (mediterranea)
Lombardia,Lodi,3098035,Maleo,4,1,I (mediterranea)
Lombardia,Lodi,3098036,Marudo,4,1,I (mediterranea)
Lombardia,Lodi,3098037,Massalengo,4,1,I (mediterranea)
Lombardia,Lodi,3098038,Meleti,4,1,I (mediterranea)
Lombardia,Lodi,3098039,Merlino,4,1,I (mediterranea)
Lombardia,Lodi,3098040,Montanaso Lombardo,4,1,I (mediterranea)
Lombardia,Lodi,3098041,Mulazzano,4,1,I (mediterranea)
Lombardia,Lodi,3098042,Orio Litta,4,1,I (mediterranea)
Lombardia,Lodi,3098043,Ospedaletto Lodigiano,4,1,I (mediterranea)
Lombardia,Lodi,3098044,Ossago Lodigiano,4,1,I (mediterranea)
Lombardia,Lodi,3098045,Pieve Fissiraga,4,1,I (mediterranea)
Lombardia,Lodi,3098046,Salerano sul Lambro,4,1,I (mediterranea)
Lombardia,Lodi,3098047,San Fiorano,4,1,I (mediterranea)
Lombardia,Lodi,3098048,San Martino in Strada,4,1,I (mediterranea)
Lombardia,Lodi,3098049,San Rocco al Porto,4,1,I (mediterranea)
Lombardia,Lodi,3098050,Sant'Angelo Lodigiano,4,1,I (mediterranea)
Lombardia,Lodi,3098051,Santo Stefano Lodigiano,4,1,I (mediterranea)
Lombardia,Lodi,3098052,Secugnago,4,1,I (mediterranea)
Lombardia,Lodi,3098053,Senna Lodigiana,4,1,I (mediterranea)
Lombardia,Lodi,3098054,Somaglia,4,1,I (mediterranea)
Lombardia,Lodi,3098055,Sordio,4,1,I (mediterranea)
Lombardia,Lodi,3098056,Tavazzano con Villavesco,4,1,I (mediterranea)
Lombardia,Lodi,3098057,Terranova dei Passerini,4,1,I (mediterranea)
Lombardia,Lodi,3098058,Turano Lodigiano,4,1,I (mediterranea)
Lombardia,Lodi,3098059,Valera Fratta,4,1,I (mediterranea)
Lombardia,Lodi,3098060,Villanova del Sillaro,4,1,I (mediterranea)
Lombardia,Lodi,3098061,Zelo Buon Persico,4,1,I (mediterranea)
Lombardia,Mantova,3020001,Acquanegra sul Chiese,4,1,II
Lombardia,Mantova,3020002,Asola,4,1,II
Lombardia,Mantova,3020003,Bagnolo San Vito,4,1,II
Lombardia,Mantova,3020004,Bigarello,4,1,II
Lombardia,Mantova,3020005,Borgoforte,4,1,II
Lombardia,Mantova,3020006,Borgofranco sul Po,4,1,II
Lombardia,Mantova,3020007,Bozzolo,4,1,II
Lombardia,Mantova,3020008,Canneto sull'Oglio,4,1,II
Lombardia,Mantova,3020009,Carbonara di Po,3,1,II
Lombardia,Mantova,3020010,Casalmoro,4,1,II
Lombardia,Mantova,3020011,Casaloldo,4,1,II
Lombardia,Mantova,3020012,Casalromano,4,1,II
Lombardia,Mantova,3020014,Castel d'Ario,4,1,II
Lombardia,Mantova,3020015,Castel Goffredo,3,1,II
Lombardia,Mantova,3020013,Castelbelforte,4,1,II
Lombardia,Mantova,3020016,Castellucchio,4,1,II
Lombardia,Mantova,3020017,Castiglione delle Stiviere,3,1,II
Lombardia,Mantova,3020018,Cavriana,3,1,II
Lombardia,Mantova,3020019,Ceresara,4,1,II
Lombardia,Mantova,3020020,Commessaggio,4,1,II
Lombardia,Mantova,3020021,Curtatone,4,1,II
Lombardia,Mantova,3020022,Dosolo,4,1,II
Lombardia,Mantova,3020023,Felonica,3,1,II
Lombardia,Mantova,3020024,Gazoldo degli Ippoliti,4,1,II
Lombardia,Mantova,3020025,Gazzuolo,4,1,II
Lombardia,Mantova,3020026,Goito,4,1,II
Lombardia,Mantova,3020027,Gonzaga,3,1,II
Lombardia,Mantova,3020028,Guidizzolo,3,1,II
Lombardia,Mantova,3020029,Magnacavallo,3,1,II
Lombardia,Mantova,3020030,Mantova,4,1,II
Lombardia,Mantova,3020031,Marcaria,4,1,II
Lombardia,Mantova,3020032,Mariana Mantovana,4,1,II
Lombardia,Mantova,3020033,Marmirolo,4,1,II
Lombardia,Mantova,3020034,Medole,3,1,II
Lombardia,Mantova,3020035,Moglia,3,1,II
Lombardia,Mantova,3020036,Monzambano,3,1,II
Lombardia,Mantova,3020037,Motteggiana,4,1,II
Lombardia,Mantova,3020038,Ostiglia,4,1,II
Lombardia,Mantova,3020039,Pegognaga,4,1,II
Lombardia,Mantova,3020040,Pieve di Coriano,4,1,II
Lombardia,Mantova,3020041,Piubega,4,1,II
Lombardia,Mantova,3020042,Poggio Rusco,3,1,II
Lombardia,Mantova,3020043,Pomponesco,4,1,II
Lombardia,Mantova,3020044,Ponti sul Mincio,3,1,II
Lombardia,Mantova,3020045,Porto Mantovano,4,1,II
Lombardia,Mantova,3020046,Quingentole,4,1,II
Lombardia,Mantova,3020047,Quistello,4,1,II
Lombardia,Mantova,3020048,Redondesco,4,1,II
Lombardia,Mantova,3020049,Revere,4,1,II
Lombardia,Mantova,3020050,Rivarolo Mantovano,4,1,II
Lombardia,Mantova,3020051,Rodigo,4,1,II
Lombardia,Mantova,3020052,Roncoferraro,4,1,II
Lombardia,Mantova,3020053,Roverbella,4,1,II
Lombardia,Mantova,3020054,Sabbioneta,4,1,II
Lombardia,Mantova,3020055,San Benedetto Po,4,1,II
Lombardia,Mantova,3020056,San Giacomo delle Segnate,3,1,II
Lombardia,Mantova,3020057,San Giorgio di Mantova,4,1,II
Lombardia,Mantova,3020058,San Giovanni del Dosso,3,1,II
Lombardia,Mantova,3020059,San Martino dall'Argine,4,1,II
Lombardia,Mantova,3020060,Schivenoglia,3,1,II
Lombardia,Mantova,3020061,Sermide,3,1,II
Lombardia,Mantova,3020062,Serravalle a Po,4,1,II
Lombardia,Mantova,3020063,Solferino,3,1,II
Lombardia,Mantova,3020064,Sustinente,4,1,II
Lombardia,Mantova,3020065,Suzzara,4,1,II
Lombardia,Mantova,3020066,Viadana,3,1,II
Lombardia,Mantova,3020067,Villa Poma,3,1,II
Lombardia,Mantova,3020068,Villimpenta,4,1,II
Lombardia,Mantova,3020069,Virgilio,4,1,II
Lombardia,Mantova,3020070,Volta Mantovana,3,1,II
Lombardia,Milano,3015002,Abbiategrasso,4,1,I (mediterranea)
Lombardia,Monza e Brianza,3015003,Agrate Brianza,4,1,I (mediterranea)
Lombardia,Monza e Brianza,3015004,Aicurzio,4,1,I (mediterranea)
Lombardia,Milano,3015005,Albairate,4,1,I (mediterranea)
Lombardia,Monza e Brianza,3015006,Albiate,4,1,I (mediterranea)
Lombardia,Milano,3015007,Arconate,4,1,I (mediterranea)
Lombardia,Monza e Brianza,3015008,Arcore,4,1,I (mediterranea)
Lombardia,Milano,3015009,Arese,4,1,I (mediterranea)
Lombardia,Milano,3015010,Arluno,4,1,I (mediterranea)
Lombardia,Milano,3015011,Assago,4,1,I (mediterranea)
Lombardia,Milano,3015012,Bareggio,4,1,I (mediterranea)
Lombardia,Monza e Brianza,3015013,Barlassina,4,1,I (mediterranea)
Lombardia,Milano,3015014,Basiano,4,1,I (mediterranea)
Lombardia,Milano,3015015,Basiglio,4,1,I (mediterranea)
Lombardia,Milano,3015016,Bellinzago Lombardo,4,1,I (mediterranea)
Lombardia,Monza e Brianza,3015017,Bellusco,4,1,I (mediterranea)
Lombardia,Monza e Brianza,3015018,Bernareggio,4,1,I (mediterranea)
Lombardia,Milano,3015019,Bernate Ticino,4,1,I (mediterranea)
Lombardia,Monza e Brianza,3015021,Besana in Brianza,4,1,I (mediterranea)
Lombardia,Milano,3015022,Besate,4,1,I (mediterranea)
Lombardia,Monza e Brianza,3015023,Biassono,4,1,I (mediterranea)
Lombardia,Milano,3015024,Binasco,4,1,I (mediterranea)
Lombardia,Milano,3015026,Boffalora sopra Ticino,4,1,I (mediterranea)
Lombardia,Milano,3015027,Bollate,4,1,I (mediterranea)
Lombardia,Monza e Brianza,3015030,Bovisio-Masciago,4,1,I (mediterranea)
Lombardia,Milano,3015032,Bresso,4,1,I (mediterranea)
Lombardia,Monza e Brianza,3015033,Briosco,4,1,I (mediterranea)
Lombardia,Monza e Brianza,3015034,Brugherio,4,1,I (mediterranea)
Lombardia,Milano,3015035,Bubbiano,4,1,I (mediterranea)
Lombardia,Milano,3015036,Buccinasco,4,1,I (mediterranea)
Lombardia,Monza e Brianza,3015037,Burago di Molgora,4,1,I (mediterranea)
Lombardia,Milano,3015038,Buscate,4,1,I (mediterranea)
Lombardia,Monza e Brianza,3015039,Busnago,4,1,I (mediterranea)
Lombardia,Milano,3015040,Bussero,4,1,I (mediterranea)
Lombardia,Milano,3015041,Busto Garolfo,4,1,I (mediterranea)
Lombardia,Milano,3015042,Calvignasco,4,1,I (mediterranea)
Lombardia,Milano,3015044,Cambiago,4,1,I (mediterranea)
Lombardia,Monza e Brianza,3015045,Camparada,4,1,I (mediterranea)
Lombardia,Milano,3015046,Canegrate,4,1,I (mediterranea)
Lombardia,Monza e Brianza,3015047,Caponago,4,1,I (mediterranea)
Lombardia,Monza e Brianza,3015048,Carate Brianza,4,1,I (mediterranea)
Lombardia,Monza e Brianza,3015049,Carnate,4,1,I (mediterranea)
Lombardia,Milano,3015050,Carpiano,4,1,I (mediterranea)
Lombardia,Milano,3015051,Carugate,4,1,I (mediterranea)
Lombardia,Milano,3015055,Casarile,4,1,I (mediterranea)
Lombardia,Milano,3015058,Casorezzo,4,1,I (mediterranea)
Lombardia,Milano,3015059,Cassano d'Adda,4,1,I (mediterranea)
Lombardia,Milano,3015060,Cassina de' Pecchi,4,1,I (mediterranea)
Lombardia,Milano,3015061,Cassinetta di Lugagnano,4,1,I (mediterranea)
Lombardia,Milano,3015062,Castano Primo,4,1,I (mediterranea)
Lombardia,Monza e Brianza,3015068,Cavenago di Brianza,4,1,I (mediterranea)
Lombardia,Monza e Brianza,3015069,Ceriano Laghetto,4,1,I (mediterranea)
Lombardia,Milano,3015070,Cernusco sul Naviglio,4,1,I (mediterranea)
Lombardia,Milano,3015071,Cerro al Lambro,4,1,I (mediterranea)
Lombardia,Milano,3015072,Cerro Maggiore,4,1,I (mediterranea)
Lombardia,Monza e Brianza,3015074,Cesano Boscone,4,1,I (mediterranea)
Lombardia,Milano,3015075,Cesano Maderno,4,1,I (mediterranea)
Lombardia,Milano,3015076,Cesate,4,1,I (mediterranea)
Lombardia,Milano,3015077,Cinisello Balsamo,4,1,I (mediterranea)
Lombardia,Milano,3015078,Cisliano,4,1,I (mediterranea)
Lombardia,Monza e Brianza,3015080,Cogliate,4,1,I (mediterranea)
Lombardia,Milano,3015081,Cologno Monzese,4,1,I (mediterranea)
Lombardia,Milano,3015082,Colturano,4,1,I (mediterranea)
Lombardia,Monza e Brianza,3015084,Concorezzo,4,1,I (mediterranea)
Lombardia,Milano,3015085,Corbetta,4,1,I (mediterranea)
Lombardia,Milano,3015086,Cormano,4,1,I (mediterranea)
Lombardia,Milano,3015087,Cornaredo,4,1,I (mediterranea)
Lombardia,Monza e Brianza,3015088,Cornate d'Adda,4,1,I (mediterranea)
Lombardia,Monza e Brianza,3015092,Correzzana,4,1,I (mediterranea)
Lombardia,Milano,3015093,Corsico,4,1,I (mediterranea)
Lombardia,Milano,3015096,Cuggiono,4,1,I (mediterranea)
Lombardia,Milano,3015097,Cusago,4,1,I (mediterranea)
Lombardia,Milano,3015098,Cusano Milanino,4,1,I (mediterranea)
Lombardia,Milano,3015099,Dairago,4,1,I (mediterranea)
Lombardia,Monza e Brianza,3015100,Desio,4,1,I (mediterranea)
Lombardia,Milano,3015101,Dresano,4,1,I (mediterranea)
Lombardia,Milano,3015103,Gaggiano,4,1,I (mediterranea)
Lombardia,Milano,3015105,Garbagnate Milanese,4,1,I (mediterranea)
Lombardia,Milano,3015106,Gessate,4,1,I (mediterranea)
Lombardia,Monza e Brianza,3015107,Giussano,4,1,I (mediterranea)
Lombardia,Milano,3015108,Gorgonzola,4,1,I (mediterranea)
Lombardia,Milano,3015110,Grezzago,4,1,I (mediterranea)
Lombardia,Milano,3015112,Gudo Visconti,4,1,I (mediterranea)
Lombardia,Milano,3015113,Inveruno,4,1,I (mediterranea)
Lombardia,Milano,3015114,Inzago,4,1,I (mediterranea)
Lombardia,Milano,3015115,Lacchiarella,4,1,I (mediterranea)
Lombardia,Milano,3015116,Lainate,4,1,I (mediterranea)
Lombardia,Monza e Brianza,3015117,Lazzate,4,1,I (mediterranea)
Lombardia,Milano,3015118,Legnano,4,1,I (mediterranea)
Lombardia,Monza e Brianza,3015119,Lentate sul Seveso,4,1,I (mediterranea)
Lombardia,Monza e Brianza,3015120,Lesmo,4,1,I (mediterranea)
Lombardia,Monza e Brianza,3015121,Limbiate,4,1,I (mediterranea)
Lombardia,Milano,3015122,Liscate,4,1,I (mediterranea)
Lombardia,Monza e Brianza,3015123,Lissone,4,1,I (mediterranea)
Lombardia,Milano,3015125,Locate di Triulzi,4,1,I (mediterranea)
Lombardia,Monza e Brianza,3015129,Macherio,4,1,I (mediterranea)
Lombardia,Milano,3015130,Magenta,4,1,I (mediterranea)
Lombardia,Milano,3015131,Magnago,4,1,I (mediterranea)
Lombardia,Milano,3015134,Marcallo con Casone,4,1,I (mediterranea)
Lombardia,Milano,3015136,Masate,4,1,I (mediterranea)
Lombardia,Monza e Brianza,3015138,Meda,4,1,I (mediterranea)
Lombardia,Milano,3015139,Mediglia,4,1,I (mediterranea)
Lombardia,Milano,3015140,Melegnano,4,1,I (mediterranea)
Lombardia,Milano,3015142,Melzo,4,1,I (mediterranea)
Lombardia,Milano,3015144,Mesero,4,1,I (mediterranea)
Lombardia,Monza e Brianza,3015145,Mezzago,4,1,I (mediterranea)
Lombardia,Milano,3015146,Milano,4,1,I (mediterranea)
Lombardia,Monza e Brianza,3015147,Misinto,4,1,I (mediterranea)
Lombardia,Monza e Brianza,3015149,Monza,4,1,I (mediterranea)
Lombardia,Milano,3015150,Morimondo,4,1,I (mediterranea)
Lombardia,Milano,3015151,Motta Visconti,4,1,I (mediterranea)
Lombardia,Monza e Brianza,3015152,Muggiò,4,1,I (mediterranea)
Lombardia,Milano,3015154,Nerviano,4,1,I (mediterranea)
Lombardia,Milano,3015155,Nosate,4,1,I (mediterranea)
Lombardia,Monza e Brianza,3015156,Nova Milanese,4,1,I (mediterranea)
Lombardia,Milano,3015157,Novate Milanese,4,1,I (mediterranea)
Lombardia,Milano,3015158,Noviglio,4,1,I (mediterranea)
Lombardia,Milano,3015159,Opera,4,1,I (mediterranea)
Lombardia,Monza e Brianza,3015161,Ornago,4,1,I (mediterranea)
Lombardia,Milano,3015164,Ossona,4,1,I (mediterranea)
Lombardia,Milano,3015165,Ozzero,4,1,I (mediterranea)
Lombardia,Milano,3015166,Paderno Dugnano,4,1,I (mediterranea)
Lombardia,Milano,3015167,Pantigliate,4,1,I (mediterranea)
Lombardia,Milano,3015168,Parabiago,4,1,I (mediterranea)
Lombardia,Milano,3015169,Paullo,4,1,I (mediterranea)
Lombardia,Milano,3015170,Pero,4,1,I (mediterranea)
Lombardia,Milano,3015171,Peschiera Borromeo,4,1,I (mediterranea)
Lombardia,Milano,3015172,Pessano con Bornago,4,1,I (mediterranea)
Lombardia,Milano,3015173,Pieve Emanuele,4,1,I (mediterranea)
Lombardia,Milano,3015175,Pioltello,4,1,I (mediterranea)
Lombardia,Milano,3015176,Pogliano Milanese,4,1,I (mediterranea)
Lombardia,Milano,3015177,Pozzo d'Adda,4,1,I (mediterranea)
Lombardia,Milano,3015178,Pozzuolo Martesana,4,1,I (mediterranea)
Lombardia,Milano,3015179,Pregnana Milanese,4,1,I (mediterranea)
Lombardia,Monza e Brianza,3015180,Renate,4,1,I (mediterranea)
Lombardia,Milano,3015181,Rescaldina,4,1,I (mediterranea)
Lombardia,Milano,3015182,Rho,4,1,I (mediterranea)
Lombardia,Milano,3015183,Robecchetto con Induno,4,1,I (mediterranea)
Lombardia,Milano,3015184,Robecco sul Naviglio,4,1,I (mediterranea)
Lombardia,Milano,3015185,Rodano,4,1,I (mediterranea)
Lombardia,Monza e Brianza,3015186,Roncello,4,1,I (mediterranea)
Lombardia,Monza e Brianza,3015187,Ronco Briantino,4,1,I (mediterranea)
Lombardia,Milano,3015188,Rosate,4,1,I (mediterranea)
Lombardia,Milano,3015189,Rozzano,4,1,I (mediterranea)
Lombardia,Milano,3015191,San Colombano al Lambro,4,1,I (mediterranea)
Lombardia,Milano,3015192,San Donato Milanese,4,1,I (mediterranea)
Lombardia,Milano,3015194,San Giorgio su Legnano,4,1,I (mediterranea)
Lombardia,Milano,3015195,San Giuliano Milanese,4,1,I (mediterranea)
Lombardia,Milano,3015201,San Vittore Olona,4,1,I (mediterranea)
Lombardia,Milano,3015202,San Zenone al Lambro,4,1,I (mediterranea)
Lombardia,Milano,3015200,Santo Stefano Ticino,4,1,I (mediterranea)
Lombardia,Milano,3015204,Sedriano,4,1,I (mediterranea)
Lombardia,Milano,3015205,Segrate,4,1,I (mediterranea)
Lombardia,Milano,3015206,Senago,4,1,I (mediterranea)
Lombardia,Monza e Brianza,3015208,Seregno,4,1,I (mediterranea)
Lombardia,Milano,3015209,Sesto San Giovanni,4,1,I (mediterranea)
Lombardia,Milano,3015210,Settala,4,1,I (mediterranea)
Lombardia,Milano,3015211,Settimo Milanese,4,1,I (mediterranea)
Lombardia,Monza e Brianza,3015212,Seveso,4,1,I (mediterranea)
Lombardia,Milano,3015213,Solaro,4,1,I (mediterranea)
Lombardia,Monza e Brianza,3015216,Sovico,4,1,I (mediterranea)
Lombardia,Monza e Brianza,3015217,Sulbiate,4,1,I (mediterranea)
Lombardia,Milano,3015219,Trezzano Rosa,4,1,I (mediterranea)
Lombardia,Milano,3015220,Trezzano sul Naviglio,4,1,I (mediterranea)
Lombardia,Milano,3015221,Trezzo sull'Adda,4,1,I (mediterranea)
Lombardia,Milano,3015222,Tribiano,4,1,I (mediterranea)
Lombardia,Monza e Brianza,3015223,Triuggio,4,1,I (mediterranea)
Lombardia,Milano,3015224,Truccazzano,4,1,I (mediterranea)
Lombardia,Milano,3015226,Turbigo,4,1,I (mediterranea)
Lombardia,Monza e Brianza,3015227,Usmate Velate,4,1,I (mediterranea)
Lombardia,Milano,3015249,Vanzaghello,4,1,I (mediterranea)
Lombardia,Milano,3015229,Vanzago,4,1,I (mediterranea)
Lombardia,Milano,3015230,Vaprio d'Adda,4,1,I (mediterranea)
Lombardia,Monza e Brianza,3015231,Varedo,4,1,I (mediterranea)
Lombardia,Monza e Brianza,3015232,Vedano al Lambro,4,1,I (mediterranea)
Lombardia,Monza e Brianza,3015233,Veduggio con Colzano,4,1,I (mediterranea)
Lombardia,Monza e Brianza,3015234,Verano Brianza,4,1,I (mediterranea)
Lombardia,Milano,3015235,Vermezzo,4,1,I (mediterranea)
Lombardia,Milano,3015236,Vernate,4,1,I (mediterranea)
Lombardia,Milano,3015237,Vignate,4,1,I (mediterranea)
Lombardia,Milano,3015248,Villa Cortese,4,1,I (mediterranea)
Lombardia,Monza e Brianza,3015239,Villasanta,4,1,I (mediterranea)
Lombardia,Monza e Brianza,3015241,Vimercate,4,1,I (mediterranea)
Lombardia,Milano,3015242,Vimodrone,4,1,I (mediterranea)
Lombardia,Milano,3015243,Vittuone,4,1,I (mediterranea)
Lombardia,Milano,3015244,Vizzolo Predabissi,4,1,I (mediterranea)
Lombardia,Milano,3015246,Zelo Surrigone,4,1,I (mediterranea)
Lombardia,Milano,3015247,Zibido San Giacomo,4,1,I (mediterranea)
Lombardia,Pavia,3018001,Alagna,4,1,I (mediterranea)
Lombardia,Pavia,3018002,Albaredo Arnaboldi,4,1,I (mediterranea)
Lombardia,Pavia,3018003,Albonese,4,1,I (mediterranea)
Lombardia,Pavia,3018004,Albuzzano,4,1,I (mediterranea)
Lombardia,Pavia,3018005,Arena Po,4,1,I (mediterranea)
Lombardia,Pavia,3018006,Badia Pavese,4,1,I (mediterranea)
Lombardia,Pavia,3018007,Bagnaria,3,1,I (mediterranea)
Lombardia,Pavia,3018008,Barbianello,4,1,I (mediterranea)
Lombardia,Pavia,3018009,Bascapè,4,1,I (mediterranea)
Lombardia,Pavia,3018010,Bastida dè Dossi,4,1,I (mediterranea)
Lombardia,Pavia,3018011,Bastida Pancarana,4,1,I (mediterranea)
Lombardia,Pavia,3018012,Battuda,4,1,I (mediterranea)
Lombardia,Pavia,3018013,Belgioioso,4,1,I (mediterranea)
Lombardia,Pavia,3018014,Bereguardo,4,1,I (mediterranea)
Lombardia,Pavia,3018015,Borgarello,4,1,I (mediterranea)
Lombardia,Pavia,3018016,Borgo Priolo,4,1,I (mediterranea)
Lombardia,Pavia,3018018,Borgo San Siro,4,1,I (mediterranea)
Lombardia,Pavia,3018017,Borgoratto Mormorolo,3,1,I (mediterranea)
Lombardia,Pavia,3018019,Bornasco,4,1,I (mediterranea)
Lombardia,Pavia,3018020,Bosnasco,4,1,I (mediterranea)
Lombardia,Pavia,3018021,Brallo di Pregola,3,1,I (mediterranea)
Lombardia,Pavia,3018022,Breme,4,1,I (mediterranea)
Lombardia,Pavia,3018023,Bressana Bottarone,4,1,I (mediterranea)
Lombardia,Pavia,3018024,Broni,4,1,I (mediterranea)
Lombardia,Pavia,3018025,Calvignano,4,1,I (mediterranea)
Lombardia,Pavia,3018026,Campospinoso,4,1,I (mediterranea)
Lombardia,Pavia,3018027,Candia Lomellina,4,1,I (mediterranea)
Lombardia,Pavia,3018028,Canevino,4,1,I (mediterranea)
Lombardia,Pavia,3018029,Canneto Pavese,4,1,I (mediterranea)
Lombardia,Pavia,3018030,Carbonara al Ticino,4,1,I (mediterranea)
Lombardia,Pavia,3018031,Casanova Lonati,4,1,I (mediterranea)
Lombardia,Pavia,3018032,Casatisma,4,1,I (mediterranea)
Lombardia,Pavia,3018033,Casei Gerola,4,1,I (mediterranea)
Lombardia,Pavia,3018034,Casorate Primo,4,1,I (mediterranea)
Lombardia,Pavia,3018035,Cassolnovo,4,1,I (mediterranea)
Lombardia,Pavia,3018036,Castana,4,1,I (mediterranea)
Lombardia,Pavia,3018037,Casteggio,4,1,I (mediterranea)
Lombardia,Pavia,3018038,Castelletto di Branduzzo,4,1,I (mediterranea)
Lombardia,Pavia,3018039,Castello d'Agogna,4,1,I (mediterranea)
Lombardia,Pavia,3018040,Castelnovetto,4,1,I (mediterranea)
Lombardia,Pavia,3018041,Cava Manara,4,1,I (mediterranea)
Lombardia,Pavia,3018042,Cecima,3,1,I (mediterranea)
Lombardia,Pavia,3018043,Ceranova,4,1,I (mediterranea)
Lombardia,Pavia,3018044,Ceretto Lomellina,4,1,I (mediterranea)
Lombardia,Pavia,3018045,Cergnago,4,1,I (mediterranea)
Lombardia,Pavia,3018046,Certosa di Pavia,4,1,I (mediterranea)
Lombardia,Pavia,3018047,Cervesina,4,1,I (mediterranea)
Lombardia,Pavia,3018048,Chignolo Po,4,1,I (mediterranea)
Lombardia,Pavia,3018049,Cigognola,4,1,I (mediterranea)
Lombardia,Pavia,3018050,Cilavegna,4,1,I (mediterranea)
Lombardia,Pavia,3018051,Codevilla,4,1,I (mediterranea)
Lombardia,Pavia,3018052,Confienza,4,1,I (mediterranea)
Lombardia,Pavia,3018053,Copiano,4,1,I (mediterranea)
Lombardia,Pavia,3018054,Corana,4,1,I (mediterranea)
Lombardia,Pavia,3018055,Cornale,4,1,I (mediterranea)
Lombardia,Pavia,3018056,Corteolona,4,1,I (mediterranea)
Lombardia,Pavia,3018057,Corvino San Quirico,4,1,I (mediterranea)
Lombardia,Pavia,3018058,Costa de' Nobili,4,1,I (mediterranea)
Lombardia,Pavia,3018059,Cozzo,4,1,I (mediterranea)
Lombardia,Pavia,3018060,Cura Carpignano,4,1,I (mediterranea)
Lombardia,Pavia,3018061,Dorno,4,1,I (mediterranea)
Lombardia,Pavia,3018062,Ferrera Erbognone,4,1,I (mediterranea)
Lombardia,Pavia,3018063,Filighera,4,1,I (mediterranea)
Lombardia,Pavia,3018064,Fortunago,3,1,I (mediterranea)
Lombardia,Pavia,3018065,Frascarolo,4,1,I (mediterranea)
Lombardia,Pavia,3018066,Galliavola,4,1,I (mediterranea)
Lombardia,Pavia,3018067,Gambarana,4,1,I (mediterranea)
Lombardia,Pavia,3018068,Gambolò,4,1,I (mediterranea)
Lombardia,Pavia,3018069,Garlasco,4,1,I (mediterranea)
Lombardia,Pavia,3018070,Genzone,4,1,I (mediterranea)
Lombardia,Pavia,3018071,Gerenzago,4,1,I (mediterranea)
Lombardia,Pavia,3018072,Giussago,4,1,I (mediterranea)
Lombardia,Pavia,3018073,Godiasco,3,1,I (mediterranea)
Lombardia,Pavia,3018074,Golferenzo,4,1,I (mediterranea)
Lombardia,Pavia,3018075,Gravellona Lomellina,4,1,I (mediterranea)
Lombardia,Pavia,3018076,Gropello Cairoli,4,1,I (mediterranea)
Lombardia,Pavia,3018077,Inverno e Monteleone,4,1,I (mediterranea)
Lombardia,Pavia,3018078,Landriano,4,1,I (mediterranea)
Lombardia,Pavia,3018079,Langosco,4,1,I (mediterranea)
Lombardia,Pavia,3018080,Lardirago,4,1,I (mediterranea)
Lombardia,Pavia,3018081,Linarolo,4,1,I (mediterranea)
Lombardia,Pavia,3018082,Lirio,4,1,I (mediterranea)
Lombardia,Pavia,3018083,Lomello,4,1,I (mediterranea)
Lombardia,Pavia,3018084,Lungavilla,4,1,I (mediterranea)
Lombardia,Pavia,3018085,Magherno,4,1,I (mediterranea)
Lombardia,Pavia,3018086,Marcignago,4,1,I (mediterranea)
Lombardia,Pavia,3018087,Marzano,4,1,I (mediterranea)
Lombardia,Pavia,3018088,Mede,4,1,I (mediterranea)
Lombardia,Pavia,3018089,Menconico,3,1,I (mediterranea)
Lombardia,Pavia,3018090,Mezzana Bigli,4,1,I (mediterranea)
Lombardia,Pavia,3018091,Mezzana Rabattone,4,1,I (mediterranea)
Lombardia,Pavia,3018092,Mezzanino,4,1,I (mediterranea)
Lombardia,Pavia,3018093,Miradolo Terme,4,1,I (mediterranea)
Lombardia,Pavia,3018094,Montalto Pavese,4,1,I (mediterranea)
Lombardia,Pavia,3018095,Montebello della Battaglia,4,1,I (mediterranea)
Lombardia,Pavia,3018096,Montecalvo Versiggia,4,1,I (mediterranea)
Lombardia,Pavia,3018097,Montescano,4,1,I (mediterranea)
Lombardia,Pavia,3018098,Montesegale,3,1,I (mediterranea)
Lombardia,Pavia,3018099,Monticelli Pavese,4,1,I (mediterranea)
Lombardia,Pavia,3018100,Montù Beccaria,4,1,I (mediterranea)
Lombardia,Pavia,3018101,Mornico Losana,4,1,I (mediterranea)
Lombardia,Pavia,3018102,Mortara,4,1,I (mediterranea)
Lombardia,Pavia,3018103,Nicorvo,4,1,I (mediterranea)
Lombardia,Pavia,3018104,Olevano di Lomellina,4,1,I (mediterranea)
Lombardia,Pavia,3018105,Oliva Gessi,4,1,I (mediterranea)
Lombardia,Pavia,3018106,Ottobiano,4,1,I (mediterranea)
Lombardia,Pavia,3018107,Palestro,4,1,I (mediterranea)
Lombardia,Pavia,3018108,Pancarana,4,1,I (mediterranea)
Lombardia,Pavia,3018109,Parona,4,1,I (mediterranea)
Lombardia,Pavia,3018110,Pavia,4,1,I (mediterranea)
Lombardia,Pavia,3018111,Pietra de' Giorgi,4,1,I (mediterranea)
Lombardia,Pavia,3018112,Pieve Albignola,4,1,I (mediterranea)
Lombardia,Pavia,3018113,Pieve del Cairo,4,1,I (mediterranea)
Lombardia,Pavia,3018114,Pieve Porto Morone,4,1,I (mediterranea)
Lombardia,Pavia,3018115,Pinarolo Po,4,1,I (mediterranea)
Lombardia,Pavia,3018116,Pizzale,4,1,I (mediterranea)
Lombardia,Pavia,3018117,Ponte Nizza,3,1,I (mediterranea)
Lombardia,Pavia,3018118,Portalbera,4,1,I (mediterranea)
Lombardia,Pavia,3018119,Rea,4,1,I (mediterranea)
Lombardia,Pavia,3018120,Redavalle,4,1,I (mediterranea)
Lombardia,Pavia,3018121,Retorbido,4,1,I (mediterranea)
Lombardia,Pavia,3018122,Rivanazzano,4,1,I (mediterranea)
Lombardia,Pavia,3018123,Robbio,4,1,I (mediterranea)
Lombardia,Pavia,3018124,Robecco Pavese,4,1,I (mediterranea)
Lombardia,Pavia,3018125,Rocca de' Giorgi,4,1,I (mediterranea)
Lombardia,Pavia,3018126,Rocca Susella,3,1,I (mediterranea)
Lombardia,Pavia,3018127,Rognano,4,1,I (mediterranea)
Lombardia,Pavia,3018128,Romagnese,3,1,I (mediterranea)
Lombardia,Pavia,3018129,Roncaro,4,1,I (mediterranea)
Lombardia,Pavia,3018130,Rosasco,4,1,I (mediterranea)
Lombardia,Pavia,3018131,Rovescala,4,1,I (mediterranea)
Lombardia,Pavia,3018132,Ruino,3,1,I (mediterranea)
Lombardia,Pavia,3018133,San Cipriano Po,4,1,I (mediterranea)
Lombardia,Pavia,3018134,San Damiano al Colle,4,1,I (mediterranea)
Lombardia,Pavia,3018135,San Genesio ed Uniti,4,1,I (mediterranea)
Lombardia,Pavia,3018136,San Giorgio di Lomellina,4,1,I (mediterranea)
Lombardia,Pavia,3018137,San Martino Siccomario,4,1,I (mediterranea)
Lombardia,Pavia,3018145,San Zenone al Po,4,1,I (mediterranea)
Lombardia,Pavia,3018138,Sannazzaro de' Burgondi,4,1,I (mediterranea)
Lombardia,Pavia,3018139,Santa Cristina e Bissone,4,1,I (mediterranea)
Lombardia,Pavia,3018140,Santa Giuletta,4,1,I (mediterranea)
Lombardia,Pavia,3018142,Santa Margherita di Staffora,3,1,I (mediterranea)
Lombardia,Pavia,3018143,Santa Maria della Versa,4,1,I (mediterranea)
Lombardia,Pavia,3018141,Sant'Alessio con Vialone,4,1,I (mediterranea)
Lombardia,Pavia,3018144,Sant'Angelo Lomellina,4,1,I (mediterranea)
Lombardia,Pavia,3018146,Sartirana Lomellina,4,1,I (mediterranea)
Lombardia,Pavia,3018147,Scaldasole,4,1,I (mediterranea)
Lombardia,Pavia,3018148,Semiana,4,1,I (mediterranea)
Lombardia,Pavia,3018149,Silvano Pietra,4,1,I (mediterranea)
Lombardia,Pavia,3018150,Siziano,4,1,I (mediterranea)
Lombardia,Pavia,3018151,Sommo,4,1,I (mediterranea)
Lombardia,Pavia,3018152,Spessa,4,1,I (mediterranea)
Lombardia,Pavia,3018153,Stradella,4,1,I (mediterranea)
Lombardia,Pavia,3018154,Suardi,4,1,I (mediterranea)
Lombardia,Pavia,3018155,Torrazza Coste,4,1,I (mediterranea)
Lombardia,Pavia,3018156,Torre Beretti e Castellaro,4,1,I (mediterranea)
Lombardia,Pavia,3018157,Torre d'Arese,4,1,I (mediterranea)
Lombardia,Pavia,3018158,Torre de' Negri,4,1,I (mediterranea)
Lombardia,Pavia,3018159,Torre d'Isola,4,1,I (mediterranea)
Lombardia,Pavia,3018160,Torrevecchia Pia,4,1,I (mediterranea)
Lombardia,Pavia,3018161,Torricella Verzate,4,1,I (mediterranea)
Lombardia,Pavia,3018162,Travacò Siccomario,4,1,I (mediterranea)
Lombardia,Pavia,3018163,Trivolzio,4,1,I (mediterranea)
Lombardia,Pavia,3018164,Tromello,4,1,I (mediterranea)
Lombardia,Pavia,3018165,Trovo,4,1,I (mediterranea)
Lombardia,Pavia,3018166,Val di Nizza,3,1,I (mediterranea)
Lombardia,Pavia,3018167,Valeggio,4,1,I (mediterranea)
Lombardia,Pavia,3018168,Valle Lomellina,4,1,I (mediterranea)
Lombardia,Pavia,3018169,Valle Salimbene,4,1,I (mediterranea)
Lombardia,Pavia,3018170,Valverde,3,1,I (mediterranea)
Lombardia,Pavia,3018171,Varzi,2,1,I (mediterranea)
Lombardia,Pavia,3018172,Velezzo Lomellina,4,1,I (mediterranea)
Lombardia,Pavia,3018173,Vellezzo Bellini,4,1,I (mediterranea)
Lombardia,Pavia,3018174,Verretto,4,1,I (mediterranea)
Lombardia,Pavia,3018175,Verrua Po,4,1,I (mediterranea)
Lombardia,Pavia,3018176,Vidigulfo,4,1,I (mediterranea)
Lombardia,Pavia,3018177,Vigevano,4,1,I (mediterranea)
Lombardia,Pavia,3018178,Villa Biscossi,4,1,I (mediterranea)
Lombardia,Pavia,3018179,Villanova d'Ardenghi,4,1,I (mediterranea)
Lombardia,Pavia,3018180,Villanterio,4,1,I (mediterranea)
Lombardia,Pavia,3018181,Vistarino,4,1,I (mediterranea)
Lombardia,Pavia,3018182,Voghera,4,1,I (mediterranea)
Lombardia,Pavia,3018183,Volpara,4,1,I (mediterranea)
Lombardia,Pavia,3018184,Zavattarello,3,1,I (mediterranea)
Lombardia,Pavia,3018185,Zeccone,4,1,I (mediterranea)
Lombardia,Pavia,3018186,Zeme,4,1,I (mediterranea)
Lombardia,Pavia,3018187,Zenevredo,4,1,I (mediterranea)
Lombardia,Pavia,3018188,Zerbo,4,1,I (mediterranea)
Lombardia,Pavia,3018189,Zerbolò,4,1,I (mediterranea)
Lombardia,Pavia,3018190,Zinasco,4,1,I (mediterranea)
Lombardia,Sondrio,3014001,Albaredo per San Marco,4,1,I (alpina)
Lombardia,Sondrio,3014002,Albosaggia,4,1,I (alpina)
Lombardia,Sondrio,3014003,Andalo Valtellino,4,1,I (alpina)
Lombardia,Sondrio,3014004,Aprica,4,1,I (alpina)
Lombardia,Sondrio,3014005,Ardenno,4,1,I (alpina)
Lombardia,Sondrio,3014006,Bema,4,1,I (alpina)
Lombardia,Sondrio,3014007,Berbenno di Valtellina,4,1,I (alpina)
Lombardia,Sondrio,3014008,Bianzone,4,1,I (alpina)
Lombardia,Sondrio,3014009,Bormio,4,1,I (alpina)
Lombardia,Sondrio,3014010,Buglio in Monte,4,1,I (alpina)
Lombardia,Sondrio,3014011,Caiolo,4,1,I (alpina)
Lombardia,Sondrio,3014012,Campodolcino,4,1,I (alpina)
Lombardia,Sondrio,3014013,Caspoggio,4,1,I (alpina)
Lombardia,Sondrio,3014014,Castello dell'Acqua,4,1,I (alpina)
Lombardia,Sondrio,3014015,Castione Andevenno,4,1,I (alpina)
Lombardia,Sondrio,3014016,Cedrasco,4,1,I (alpina)
Lombardia,Sondrio,3014017,Cercino,4,1,I (alpina)
Lombardia,Sondrio,3014018,Chiavenna,4,1,I (alpina)
Lombardia,Sondrio,3014019,Chiesa in Valmalenco,4,1,I (alpina)
Lombardia,Sondrio,3014020,Chiuro,4,1,I (alpina)
Lombardia,Sondrio,3014021,Cino,4,1,I (alpina)
Lombardia,Sondrio,3014022,Civo,4,1,I (alpina)
Lombardia,Sondrio,3014023,Colorina,4,1,I (alpina)
Lombardia,Sondrio,3014024,Cosio Valtellino,4,1,I (alpina)
Lombardia,Sondrio,3014025,Dazio,4,1,I (alpina)
Lombardia,Sondrio,3014026,Delebio,4,1,I (alpina)
Lombardia,Sondrio,3014027,Dubino,4,1,I (alpina)
Lombardia,Sondrio,3014028,Faedo Valtellino,4,1,I (alpina)
Lombardia,Sondrio,3014029,Forcola,4,1,I (alpina)
Lombardia,Sondrio,3014030,Fusine,4,1,I (alpina)
Lombardia,Sondrio,3014031,Gerola Alta,4,1,I (alpina)
Lombardia,Sondrio,3014032,Gordona,4,1,I (alpina)
Lombardia,Sondrio,3014033,Grosio,4,1,I (alpina)
Lombardia,Sondrio,3014034,Grosotto,4,1,I (alpina)
Lombardia,Sondrio,3014036,Lanzada,4,1,I (alpina)
Lombardia,Sondrio,3014037,Livigno,4,1,I (alpina)
Lombardia,Sondrio,3014038,Lovero,4,1,I (alpina)
Lombardia,Sondrio,3014035,Madesimo,4,1,I (alpina)
Lombardia,Sondrio,3014039,Mantello,4,1,I (alpina)
Lombardia,Sondrio,3014040,Mazzo di Valtellina,4,1,I (alpina)
Lombardia,Sondrio,3014041,Mello,4,1,I (alpina)
Lombardia,Sondrio,3014042,Menarola,4,1,I (alpina)
Lombardia,Sondrio,3014043,Mese,4,1,I (alpina)
Lombardia,Sondrio,3014044,Montagna in Valtellina,4,1,I (alpina)
Lombardia,Sondrio,3014045,Morbegno,4,1,I (alpina)
Lombardia,Sondrio,3014046,Novate Mezzola,4,1,I (alpina)
Lombardia,Sondrio,3014047,Pedesina,4,1,I (alpina)
Lombardia,Sondrio,3014048,Piantedo,4,1,I (alpina)
Lombardia,Sondrio,3014049,Piateda,4,1,I (alpina)
Lombardia,Sondrio,3014050,Piuro,4,1,I (alpina)
Lombardia,Sondrio,3014051,Poggiridenti,4,1,I (alpina)
Lombardia,Sondrio,3014052,Ponte in Valtellina,4,1,I (alpina)
Lombardia,Sondrio,3014053,Postalesio,4,1,I (alpina)
Lombardia,Sondrio,3014054,Prata Camportaccio,4,1,I (alpina)
Lombardia,Sondrio,3014055,Rasura,4,1,I (alpina)
Lombardia,Sondrio,3014056,Rogolo,4,1,I (alpina)
Lombardia,Sondrio,3014057,Samolaco,4,1,I (alpina)
Lombardia,Sondrio,3014058,San Giacomo Filippo,4,1,I (alpina)
Lombardia,Sondrio,3014059,Sernio,4,1,I (alpina)
Lombardia,Sondrio,3014060,Sondalo,4,1,I (alpina)
Lombardia,Sondrio,3014061,Sondrio,4,1,I (alpina)
Lombardia,Sondrio,3014062,Spriana,4,1,I (alpina)
Lombardia,Sondrio,3014063,Talamona,4,1,I (alpina)
Lombardia,Sondrio,3014064,Tartano,4,1,I (alpina)
Lombardia,Sondrio,3014065,Teglio,4,1,I (alpina)
Lombardia,Sondrio,3014066,Tirano,4,1,I (alpina)
Lombardia,Sondrio,3014067,Torre di Santa Maria,4,1,I (alpina)
Lombardia,Sondrio,3014068,Tovo di Sant'Agata,4,1,I (alpina)
Lombardia,Sondrio,3014069,Traona,4,1,I (alpina)
Lombardia,Sondrio,3014070,Tresivio,4,1,I (alpina)
Lombardia,Sondrio,3014074,Val Masino,4,1,I (alpina)
Lombardia,Sondrio,3014071,Valdidentro,4,1,I (alpina)
Lombardia,Sondrio,3014072,Valdisotto,4,1,I (alpina)
Lombardia,Sondrio,3014073,Valfurva,4,1,I (alpina)
Lombardia,Sondrio,3014075,Verceia,4,1,I (alpina)
Lombardia,Sondrio,3014076,Vervio,4,1,I (alpina)
Lombardia,Sondrio,3014077,Villa di Chiavenna,4,1,I (alpina)
Lombardia,Sondrio,3014078,Villa di Tirano,4,1,I (alpina)
Lombardia,Varese,3012001,Agra,4,1,I (mediterranea)
Lombardia,Varese,3012002,Albizzate,4,1,I (mediterranea)
Lombardia,Varese,3012003,Angera,4,1,I (mediterranea)
Lombardia,Varese,3012004,Arcisate,4,1,I (mediterranea)
Lombardia,Varese,3012005,Arsago Seprio,4,1,I (mediterranea)
Lombardia,Varese,3012006,Azzate,4,1,I (mediterranea)
Lombardia,Varese,3012007,Azzio,4,1,I (mediterranea)
Lombardia,Varese,3012008,Barasso,4,1,I (mediterranea)
Lombardia,Varese,3012009,Bardello,4,1,I (mediterranea)
Lombardia,Varese,3012010,Bedero Valcuvia,4,1,I (mediterranea)
Lombardia,Varese,3012011,Besano,4,1,I (mediterranea)
Lombardia,Varese,3012012,Besnate,4,1,I (mediterranea)
Lombardia,Varese,3012013,Besozzo,4,1,I (mediterranea)
Lombardia,Varese,3012014,Biandronno,4,1,I (mediterranea)
Lombardia,Varese,3012015,Bisuschio,4,1,I (mediterranea)
Lombardia,Varese,3012016,Bodio Lomnago,4,1,I (mediterranea)
Lombardia,Varese,3012017,Brebbia,4,1,I (mediterranea)
Lombardia,Varese,3012018,Bregano,4,1,I (mediterranea)
Lombardia,Varese,3012019,Brenta,4,1,I (mediterranea)
Lombardia,Varese,3012020,Brezzo di Bedero,4,1,I (mediterranea)
Lombardia,Varese,3012021,Brinzio,4,1,I (mediterranea)
Lombardia,Varese,3012022,Brissago-Valtravaglia,4,1,I (mediterranea)
Lombardia,Varese,3012023,Brunello,4,1,I (mediterranea)
Lombardia,Varese,3012024,Brusimpiano,4,1,I (mediterranea)
Lombardia,Varese,3012025,Buguggiate,4,1,I (mediterranea)
Lombardia,Varese,3012026,Busto Arsizio,4,1,I (mediterranea)
Lombardia,Varese,3012027,Cadegliano-Viconago,4,1,I (mediterranea)
Lombardia,Varese,3012028,Cadrezzate,4,1,I (mediterranea)
Lombardia,Varese,3012029,Cairate,4,1,I (mediterranea)
Lombardia,Varese,3012030,Cantello,4,1,I (mediterranea)
Lombardia,Varese,3012031,Caravate,4,1,I (mediterranea)
Lombardia,Varese,3012032,Cardano al Campo,4,1,I (mediterranea)
Lombardia,Varese,3012033,Carnago,4,1,I (mediterranea)
Lombardia,Varese,3012034,Caronno Pertusella,4,1,I (mediterranea)
Lombardia,Varese,3012035,Caronno Varesino,4,1,I (mediterranea)
Lombardia,Varese,3012036,Casale Litta,4,1,I (mediterranea)
Lombardia,Varese,3012037,Casalzuigno,4,1,I (mediterranea)
Lombardia,Varese,3012038,Casciago,4,1,I (mediterranea)
Lombardia,Varese,3012039,Casorate Sempione,4,1,I (mediterranea)
Lombardia,Varese,3012040,Cassano Magnago,4,1,I (mediterranea)
Lombardia,Varese,3012041,Cassano Valcuvia,4,1,I (mediterranea)
Lombardia,Varese,3012042,Castellanza,4,1,I (mediterranea)
Lombardia,Varese,3012043,Castello Cabiaglio,4,1,I (mediterranea)
Lombardia,Varese,3012044,Castelseprio,4,1,I (mediterranea)
Lombardia,Varese,3012045,Castelveccana,4,1,I (mediterranea)
Lombardia,Varese,3012046,Castiglione Olona,4,1,I (mediterranea)
Lombardia,Varese,3012047,Castronno,4,1,I (mediterranea)
Lombardia,Varese,3012048,Cavaria con Premezzo,4,1,I (mediterranea)
Lombardia,Varese,3012049,Cazzago Brabbia,4,1,I (mediterranea)
Lombardia,Varese,3012050,Cislago,4,1,I (mediterranea)
Lombardia,Varese,3012051,Cittiglio,4,1,I (mediterranea)
Lombardia,Varese,3012052,Clivio,4,1,I (mediterranea)
Lombardia,Varese,3012053,Cocquio-Trevisago,4,1,I (mediterranea)
Lombardia,Varese,3012054,Comabbio,4,1,I (mediterranea)
Lombardia,Varese,3012055,Comerio,4,1,I (mediterranea)
Lombardia,Varese,3012056,Cremenaga,4,1,I (mediterranea)
Lombardia,Varese,3012057,Crosio della Valle,4,1,I (mediterranea)
Lombardia,Varese,3012058,Cuasso al Monte,4,1,I (mediterranea)
Lombardia,Varese,3012059,Cugliate-Fabiasco,4,1,I (mediterranea)
Lombardia,Varese,3012060,Cunardo,4,1,I (mediterranea)
Lombardia,Varese,3012061,Curiglia con Monteviasco,4,1,I (mediterranea)
Lombardia,Varese,3012062,Cuveglio,4,1,I (mediterranea)
Lombardia,Varese,3012063,Cuvio,4,1,I (mediterranea)
Lombardia,Varese,3012064,Daverio,4,1,I (mediterranea)
Lombardia,Varese,3012065,Dumenza,4,1,I (mediterranea)
Lombardia,Varese,3012066,Duno,4,1,I (mediterranea)
Lombardia,Varese,3012067,Fagnano Olona,4,1,I (mediterranea)
Lombardia,Varese,3012068,Ferno,4,1,I (mediterranea)
Lombardia,Varese,3012069,Ferrera di Varese,4,1,I (mediterranea)
Lombardia,Varese,3012070,Gallarate,4,1,I (mediterranea)
Lombardia,Varese,3012071,Galliate Lombardo,4,1,I (mediterranea)
Lombardia,Varese,3012072,Gavirate,4,1,I (mediterranea)
Lombardia,Varese,3012073,Gazzada Schianno,4,1,I (mediterranea)
Lombardia,Varese,3012074,Gemonio,4,1,I (mediterranea)
Lombardia,Varese,3012075,Gerenzano,4,1,I (mediterranea)
Lombardia,Varese,3012076,Germignaga,4,1,I (mediterranea)
Lombardia,Varese,3012077,Golasecca,4,1,I (mediterranea)
Lombardia,Varese,3012078,Gorla Maggiore,4,1,I (mediterranea)
Lombardia,Varese,3012079,Gorla Minore,4,1,I (mediterranea)
Lombardia,Varese,3012080,Gornate-Olona,4,1,I (mediterranea)
Lombardia,Varese,3012081,Grantola,4,1,I (mediterranea)
Lombardia,Varese,3012082,Inarzo,4,1,I (mediterranea)
Lombardia,Varese,3012083,Induno Olona,4,1,I (mediterranea)
Lombardia,Varese,3012084,Ispra,4,1,I (mediterranea)
Lombardia,Varese,3012085,Jerago con Orago,4,1,I (mediterranea)
Lombardia,Varese,3012086,Lavena Ponte Tresa,4,1,I (mediterranea)
Lombardia,Varese,3012087,Laveno-Mombello,4,1,I (mediterranea)
Lombardia,Varese,3012088,Leggiuno,4,1,I (mediterranea)
Lombardia,Varese,3012089,Lonate Ceppino,4,1,I (mediterranea)
Lombardia,Varese,3012090,Lonate Pozzolo,4,1,I (mediterranea)
Lombardia,Varese,3012091,Lozza,4,1,I (mediterranea)
Lombardia,Varese,3012092,Luino,4,1,I (mediterranea)
Lombardia,Varese,3012093,Luvinate,4,1,I (mediterranea)
Lombardia,Varese,3012094,Maccagno,4,1,I (mediterranea)
Lombardia,Varese,3012095,Malgesso,4,1,I (mediterranea)
Lombardia,Varese,3012096,Malnate,4,1,I (mediterranea)
Lombardia,Varese,3012097,Marchirolo,4,1,I (mediterranea)
Lombardia,Varese,3012098,Marnate,4,1,I (mediterranea)
Lombardia,Varese,3012099,Marzio,4,1,I (mediterranea)
Lombardia,Varese,3012100,Masciago Primo,4,1,I (mediterranea)
Lombardia,Varese,3012101,Mercallo,4,1,I (mediterranea)
Lombardia,Varese,3012102,Mesenzana,4,1,I (mediterranea)
Lombardia,Varese,3012103,Montegrino Valtravaglia,4,1,I (mediterranea)
Lombardia,Varese,3012104,Monvalle,4,1,I (mediterranea)
Lombardia,Varese,3012105,Morazzone,4,1,I (mediterranea)
Lombardia,Varese,3012106,Mornago,4,1,I (mediterranea)
Lombardia,Varese,3012107,Oggiona con Santo Stefano,4,1,I (mediterranea)
Lombardia,Varese,3012108,Olgiate Olona,4,1,I (mediterranea)
Lombardia,Varese,3012109,Origgio,4,1,I (mediterranea)
Lombardia,Varese,3012110,Orino,4,1,I (mediterranea)
Lombardia,Varese,3012111,Osmate,4,1,I (mediterranea)
Lombardia,Varese,3012112,Pino sulla Sponda del Lago Maggiore,4,1,I (mediterranea)
Lombardia,Varese,3012113,Porto Ceresio,4,1,I (mediterranea)
Lombardia,Varese,3012114,Porto Valtravaglia,4,1,I (mediterranea)
Lombardia,Varese,3012115,Rancio Valcuvia,4,1,I (mediterranea)
Lombardia,Varese,3012116,Ranco,4,1,I (mediterranea)
Lombardia,Varese,3012117,Saltrio,4,1,I (mediterranea)
Lombardia,Varese,3012118,Samarate,4,1,I (mediterranea)
Lombardia,Varese,3012141,Sangiano,4,1,I (mediterranea)
Lombardia,Varese,3012119,Saronno,4,1,I (mediterranea)
Lombardia,Varese,3012120,Sesto Calende,4,1,I (mediterranea)
Lombardia,Varese,3012121,Solbiate Arno,4,1,I (mediterranea)
Lombardia,Varese,3012122,Solbiate Olona,4,1,I (mediterranea)
Lombardia,Varese,3012123,Somma Lombardo,4,1,I (mediterranea)
Lombardia,Varese,3012124,Sumirago,4,1,I (mediterranea)
Lombardia,Varese,3012125,Taino,4,1,I (mediterranea)
Lombardia,Varese,3012126,Ternate,4,1,I (mediterranea)
Lombardia,Varese,3012127,Tradate,4,1,I (mediterranea)
Lombardia,Varese,3012128,Travedona-Monate,4,1,I (mediterranea)
Lombardia,Varese,3012129,Tronzano Lago Maggiore,4,1,I (mediterranea)
Lombardia,Varese,3012130,Uboldo,4,1,I (mediterranea)
Lombardia,Varese,3012131,Valganna,4,1,I (mediterranea)
Lombardia,Varese,3012132,Varano Borghi,4,1,I (mediterranea)
Lombardia,Varese,3012133,Varese,4,1,I (mediterranea)
Lombardia,Varese,3012134,Vedano Olona,4,1,I (mediterranea)
Lombardia,Varese,3012135,Veddasca,4,1,I (mediterranea)
Lombardia,Varese,3012136,Venegono Inferiore,4,1,I (mediterranea)
Lombardia,Varese,3012137,Venegono Superiore,4,1,I (mediterranea)
Lombardia,Varese,3012138,Vergiate,4,1,I (mediterranea)
Lombardia,Varese,3012139,Viggiù,4,1,I (mediterranea)
Lombardia,Varese,3012140,Vizzola Ticino,4,1,I (mediterranea)
Marche,Ancona,11042001,Agugliano,2,3,I (mediterranea)
Marche,Ancona,11042002,Ancona,2,3,I (mediterranea)
Marche,Ancona,11042003,Arcevia,2,3,I (mediterranea)
Marche,Ancona,11042004,Barbara,2,3,I (mediterranea)
Marche,Ancona,11042005,Belvedere Ostrense,2,3,I (mediterranea)
Marche,Ancona,11042006,Camerano,2,3,I (mediterranea)
Marche,Ancona,11042007,Camerata Picena,2,3,I (mediterranea)
Marche,Ancona,11042009,Castel Colonna,2,3,I (mediterranea)
Marche,Ancona,11042008,Castelbellino,2,3,I (mediterranea)
Marche,Ancona,11042010,Castelfidardo,2,3,I (mediterranea)
Marche,Ancona,11042011,Castelleone di Suasa,2,3,I (mediterranea)
Marche,Ancona,11042012,Castelplanio,2,3,I (mediterranea)
Marche,Ancona,11042013,Cerreto d'Esi,2,3,I (mediterranea)
Marche,Ancona,11042014,Chiaravalle,2,3,I (mediterranea)
Marche,Ancona,11042015,Corinaldo,2,3,I (mediterranea)
Marche,Ancona,11042016,Cupramontana,2,3,I (mediterranea)
Marche,Ancona,11042017,Fabriano,2,3,I (mediterranea)
Marche,Ancona,11042018,Falconara Marittima,2,3,I (mediterranea)
Marche,Ancona,11042019,Filottrano,2,3,I (mediterranea)
Marche,Ancona,11042020,Genga,2,3,I (mediterranea)
Marche,Ancona,11042021,Jesi,2,3,I (mediterranea)
Marche,Ancona,11042022,Loreto,2,3,I (mediterranea)
Marche,Ancona,11042023,Maiolati Spontini,2,3,I (mediterranea)
Marche,Ancona,11042024,Mergo,2,3,I (mediterranea)
Marche,Ancona,11042025,Monsano,2,3,I (mediterranea)
Marche,Ancona,11042029,Monte Roberto,2,3,I (mediterranea)
Marche,Ancona,11042030,Monte San Vito,2,3,I (mediterranea)
Marche,Ancona,11042026,Montecarotto,2,3,I (mediterranea)
Marche,Ancona,11042027,Montemarciano,2,3,I (mediterranea)
Marche,Ancona,11042028,Monterado,2,3,I (mediterranea)
Marche,Ancona,11042031,Morro d'Alba,2,3,I (mediterranea)
Marche,Ancona,11042032,Numana,2,3,I (mediterranea)
Marche,Ancona,11042033,Offagna,2,3,I (mediterranea)
Marche,Ancona,11042034,Osimo,2,3,I (mediterranea)
Marche,Ancona,11042035,Ostra,2,3,I (mediterranea)
Marche,Ancona,11042036,Ostra Vetere,2,3,I (mediterranea)
Marche,Ancona,11042037,Poggio San Marcello,2,3,I (mediterranea)
Marche,Ancona,11042038,Polverigi,2,3,I (mediterranea)
Marche,Ancona,11042039,Ripe,2,3,I (mediterranea)
Marche,Ancona,11042040,Rosora,2,3,I (mediterranea)
Marche,Ancona,11042041,San Marcello,2,3,I (mediterranea)
Marche,Ancona,11042042,San Paolo di Jesi,2,3,I (mediterranea)
Marche,Ancona,11042043,Santa Maria Nuova,2,3,I (mediterranea)
Marche,Ancona,11042044,Sassoferrato,2,3,I (mediterranea)
Marche,Ancona,11042045,Senigallia,2,3,I (mediterranea)
Marche,Ancona,11042046,Serra de' Conti,2,3,I (mediterranea)
Marche,Ancona,11042047,Serra San Quirico,2,3,I (mediterranea)
Marche,Ancona,11042048,Sirolo,2,3,I (mediterranea)
Marche,Ancona,11042049,Staffolo,2,3,I (mediterranea)
Marche,Ascoli Piceno,11044001,Acquasanta Terme,2,3,II
Marche,Ascoli Piceno,11044002,Acquaviva Picena,3,3,II
Marche,Fermo,11044003,Altidona,3,3,II
Marche,Fermo,11044004,Amandola,2,3,II
Marche,Ascoli Piceno,11044005,Appignano del Tronto,2,3,II
Marche,Ascoli Piceno,11044006,Arquata del Tronto,2,3,II
Marche,Ascoli Piceno,11044007,Ascoli Piceno,2,3,II
Marche,Fermo,11044008,Belmonte Piceno,2,3,II
Marche,Fermo,11044009,Campofilone,3,3,II
Marche,Ascoli Piceno,11044010,Carassai,2,3,II
Marche,Ascoli Piceno,11044011,Castel di Lama,2,3,II
Marche,Ascoli Piceno,11044012,Castignano,2,3,II
Marche,Ascoli Piceno,11044013,Castorano,2,3,II
Marche,Ascoli Piceno,11044014,Colli del Tronto,2,3,II
Marche,Ascoli Piceno,11044015,Comunanza,2,3,II
Marche,Ascoli Piceno,11044016,Cossignano,2,3,II
Marche,Ascoli Piceno,11044017,Cupra Marittima,3,3,II
Marche,Fermo,11044018,Falerone,2,3,II
Marche,Fermo,11044019,Fermo,2,3,II
Marche,Ascoli Piceno,11044020,Folignano,2,3,II
Marche,Ascoli Piceno,11044021,Force,2,3,II
Marche,Fermo,11044022,Francavilla d'Ete,2,3,II
Marche,Ascoli Piceno,11044023,Grottammare,3,3,II
Marche,Fermo,11044024,Grottazzolina,2,3,II
Marche,Fermo,11044025,Lapedona,3,3,II
Marche,Fermo,11044026,Magliano di Tenna,2,3,II
Marche,Ascoli Piceno,11044027,Maltignano,2,3,II
Marche,Fermo,11044028,Massa Fermana,2,3,II
Marche,Ascoli Piceno,11044029,Massignano,3,3,II
Marche,Fermo,11044030,Monsampietro Morico,2,3,II
Marche,Ascoli Piceno,11044031,Monsampolo del Tronto,2,3,II
Marche,Ascoli Piceno,11044032,Montalto delle Marche,2,3,II
Marche,Fermo,11044033,Montappone,2,3,II
Marche,Fermo,11044039,Monte Giberto,2,3,II
Marche,Fermo,11044046,Monte Rinaldo,2,3,II
Marche,Fermo,11044048,Monte San Pietrangeli,2,3,II
Marche,Fermo,11044049,Monte Urano,2,3,II
Marche,Fermo,11044050,Monte Vidon Combatte,2,3,II
Marche,Fermo,11044051,Monte Vidon Corrado,2,3,II
Marche,Ascoli Piceno,11044034,Montedinove,2,3,II
Marche,Fermo,11044035,Montefalcone Appennino,2,3,II
Marche,Ascoli Piceno,11044036,Montefiore dell'Aso,3,3,II
Marche,Fermo,11044037,Montefortino,2,3,II
Marche,Ascoli Piceno,11044038,Montegallo,2,3,II
Marche,Fermo,11044040,Montegiorgio,2,3,II
Marche,Fermo,11044041,Montegranaro,2,3,II
Marche,Fermo,11044042,Monteleone di Fermo,2,3,II
Marche,Fermo,11044043,Montelparo,2,3,II
Marche,Ascoli Piceno,11044044,Montemonaco,2,3,II
Marche,Ascoli Piceno,11044045,Monteprandone,2,3,II
Marche,Fermo,11044047,Monterubbiano,2,3,II
Marche,Fermo,11044052,Montottone,2,3,II
Marche,Fermo,11044053,Moresco,3,3,II
Marche,Ascoli Piceno,11044054,Offida,2,3,II
Marche,Fermo,11044055,Ortezzano,2,3,II
Marche,Ascoli Piceno,11044056,Palmiano,2,3,II
Marche,Fermo,11044057,Pedaso,3,3,II
Marche,Fermo,11044058,Petritoli,2,3,II
Marche,Fermo,11044059,Ponzano di Fermo,2,3,II
Marche,Fermo,11044060,Porto San Giorgio,2,3,II
Marche,Fermo,11044061,Porto Sant'Elpidio,2,3,II
Marche,Fermo,11044062,Rapagnano,2,3,II
Marche,Ascoli Piceno,11044063,Ripatransone,3,3,II
Marche,Ascoli Piceno,11044064,Roccafluvione,2,3,II
Marche,Ascoli Piceno,11044065,Rotella,2,3,II
Marche,Ascoli Piceno,11044066,San Benedetto del Tronto,3,3,II
Marche,Fermo,11044067,Santa Vittoria in Matenano,2,3,II
Marche,Fermo,11044068,Sant'Elpidio a Mare,2,3,II
Marche,Fermo,11044069,Servigliano,2,3,II
Marche,Fermo,11044070,Smerillo,2,3,II
Marche,Ascoli Piceno,11044071,Spinetoli,2,3,II
Marche,Fermo,11044072,Torre San Patrizio,2,3,II
Marche,Ascoli Piceno,11044073,Venarotta,2,3,II
Marche,Macerata,11043001,Acquacanina,2,3,II
Marche,Macerata,11043002,Apiro,2,3,II
Marche,Macerata,11043003,Appignano,2,3,II
Marche,Macerata,11043004,Belforte del Chienti,2,3,II
Marche,Macerata,11043005,Bolognola,2,3,II
Marche,Macerata,11043006,Caldarola,2,3,II
Marche,Macerata,11043007,Camerino,2,3,II
Marche,Macerata,11043008,Camporotondo di Fiastrone,2,3,II
Marche,Macerata,11043009,Castelraimondo,2,3,II
Marche,Macerata,11043010,Castelsantangelo sul Nera,1,3,II
Marche,Macerata,11043011,Cessapalombo,2,3,II
Marche,Macerata,11043012,Cingoli,2,3,II
Marche,Macerata,11043013,Civitanova Marche,2,3,II
Marche,Macerata,11043014,Colmurano,2,3,II
Marche,Macerata,11043015,Corridonia,2,3,II
Marche,Macerata,11043016,Esanatoglia,2,3,II
Marche,Macerata,11043017,Fiastra,2,3,II
Marche,Macerata,11043018,Fiordimonte,2,3,II
Marche,Macerata,11043019,Fiuminata,2,3,II
Marche,Macerata,11043020,Gagliole,2,3,II
Marche,Macerata,11043021,Gualdo,2,3,II
Marche,Macerata,11043022,Loro Piceno,2,3,II
Marche,Macerata,11043023,Macerata,2,3,II
Marche,Macerata,11043024,Matelica,2,3,II
Marche,Macerata,11043025,Mogliano,2,3,II
Marche,Macerata,11043027,Monte Cavallo,1,3,II
Marche,Macerata,11043031,Monte San Giusto,2,3,II
Marche,Macerata,11043032,Monte San Martino,2,3,II
Marche,Macerata,11043026,Montecassiano,2,3,II
Marche,Macerata,11043028,Montecosaro,2,3,II
Marche,Macerata,11043029,Montefano,2,3,II
Marche,Macerata,11043030,Montelupone,2,3,II
Marche,Macerata,11043033,Morrovalle,2,3,II
Marche,Macerata,11043034,Muccia,1,3,II
Marche,Macerata,11043035,Penna San Giovanni,2,3,II
Marche,Macerata,11043036,Petriolo,2,3,II
Marche,Macerata,11043038,Pieve Torina,1,3,II
Marche,Macerata,11043037,Pievebovigliana,2,3,II
Marche,Macerata,11043039,Pioraco,2,3,II
Marche,Macerata,11043040,Poggio San Vicino,2,3,II
Marche,Macerata,11043041,Pollenza,2,3,II
Marche,Macerata,11043042,Porto Recanati,2,3,II
Marche,Macerata,11043043,Potenza Picena,2,3,II
Marche,Macerata,11043044,Recanati,2,3,II
Marche,Macerata,11043045,Ripe San Ginesio,2,3,II
Marche,Macerata,11043046,San Ginesio,2,3,II
Marche,Macerata,11043047,San Severino Marche,2,3,II
Marche,Macerata,11043048,Sant'Angelo in Pontano,2,3,II
Marche,Macerata,11043049,Sarnano,2,3,II
Marche,Macerata,11043050,Sefro,2,3,II
Marche,Macerata,11043051,Serrapetrona,2,3,II
Marche,Macerata,11043052,Serravalle di Chienti,1,3,II
Marche,Macerata,11043053,Tolentino,2,3,II
Marche,Macerata,11043054,Treia,2,3,II
Marche,Macerata,11043055,Urbisaglia,2,3,II
Marche,Macerata,11043056,Ussita,2,3,II
Marche,Macerata,11043057,Visso,1,3,II
Marche,Pesaro e Urbino,11041001,Acqualagna,2,3,I (mediterranea)
Marche,Pesaro e Urbino,11041002,Apecchio,2,3,I (mediterranea)
Marche,Pesaro e Urbino,11041003,Auditore,2,3,I (mediterranea)
Marche,Pesaro e Urbino,11041004,Barchi,2,3,I (mediterranea)
Marche,Pesaro e Urbino,11041005,Belforte all'Isauro,2,3,I (mediterranea)
Marche,Pesaro e Urbino,11041006,Borgo Pace,2,3,I (mediterranea)
Marche,Pesaro e Urbino,11041007,Cagli,2,3,I (mediterranea)
Marche,Pesaro e Urbino,11041008,Cantiano,2,3,I (mediterranea)
Marche,Pesaro e Urbino,11041009,Carpegna,2,3,I (mediterranea)
Marche,Pesaro e Urbino,11041010,Cartoceto,2,3,I (mediterranea)
Marche,Pesaro e Urbino,11041011,Casteldelci,2,3,I (mediterranea)
Marche,Pesaro e Urbino,11041012,Colbordolo,2,3,I (mediterranea)
Marche,Pesaro e Urbino,11041013,Fano,2,3,I (mediterranea)
Marche,Pesaro e Urbino,11041014,Fermignano,2,3,I (mediterranea)
Marche,Pesaro e Urbino,11041015,Fossombrone,2,3,I (mediterranea)
Marche,Pesaro e Urbino,11041016,Fratte Rosa,2,3,I (mediterranea)
Marche,Pesaro e Urbino,11041017,Frontino,2,3,I (mediterranea)
Marche,Pesaro e Urbino,11041018,Frontone,2,3,I (mediterranea)
Marche,Pesaro e Urbino,11041019,Gabicce Mare,2,3,I (mediterranea)
Marche,Pesaro e Urbino,11041020,Gradara,2,3,I (mediterranea)
Marche,Pesaro e Urbino,11041021,Isola del Piano,2,3,I (mediterranea)
Marche,Pesaro e Urbino,11041022,Lunano,2,3,I (mediterranea)
Marche,Pesaro e Urbino,11041023,Macerata Feltria,2,3,I (mediterranea)
Marche,Pesaro e Urbino,11041024,Maiolo,2,3,I (mediterranea)
Marche,Pesaro e Urbino,11041025,Mercatello sul Metauro,2,3,I (mediterranea)
Marche,Pesaro e Urbino,11041026,Mercatino Conca,2,3,I (mediterranea)
Marche,Pesaro e Urbino,11041027,Mombaroccio,2,3,I (mediterranea)
Marche,Pesaro e Urbino,11041028,Mondavio,2,3,I (mediterranea)
Marche,Pesaro e Urbino,11041029,Mondolfo,2,3,I (mediterranea)
Marche,Pesaro e Urbino,11041031,Monte Cerignone,2,3,I (mediterranea)
Marche,Pesaro e Urbino,11041038,Monte Porzio,2,3,I (mediterranea)
Marche,Pesaro e Urbino,11041030,Montecalvo in Foglia,2,3,I (mediterranea)
Marche,Pesaro e Urbino,11041032,Monteciccardo,2,3,I (mediterranea)
Marche,Pesaro e Urbino,11041033,Montecopiolo,2,3,I (mediterranea)
Marche,Pesaro e Urbino,11041034,Montefelcino,2,3,I (mediterranea)
Marche,Pesaro e Urbino,11041035,Montegrimano,2,3,I (mediterranea)
Marche,Pesaro e Urbino,11041036,Montelabbate,2,3,I (mediterranea)
Marche,Pesaro e Urbino,11041037,Montemaggiore al Metauro,2,3,I (mediterranea)
Marche,Pesaro e Urbino,11041039,Novafeltria,2,3,I (mediterranea)
Marche,Pesaro e Urbino,11041040,Orciano di Pesaro,2,3,I (mediterranea)
Marche,Pesaro e Urbino,11041041,Peglio,2,3,I (mediterranea)
Marche,Pesaro e Urbino,11041042,Pennabilli,2,3,I (mediterranea)
Marche,Pesaro e Urbino,11041043,Pergola,2,3,I (mediterranea)
Marche,Pesaro e Urbino,11041044,Pesaro,2,3,I (mediterranea)
Marche,Pesaro e Urbino,11041045,Petriano,2,3,I (mediterranea)
Marche,Pesaro e Urbino,11041046,Piagge,2,3,I (mediterranea)
Marche,Pesaro e Urbino,11041047,Piandimeleto,2,3,I (mediterranea)
Marche,Pesaro e Urbino,11041048,Pietrarubbia,2,3,I (mediterranea)
Marche,Pesaro e Urbino,11041049,Piobbico,2,3,I (mediterranea)
Marche,Pesaro e Urbino,11041050,Saltara,2,3,I (mediterranea)
Marche,Pesaro e Urbino,11041051,San Costanzo,2,3,I (mediterranea)
Marche,Pesaro e Urbino,11041052,San Giorgio di Pesaro,2,3,I (mediterranea)
Marche,Pesaro e Urbino,11041053,San Leo,2,3,I (mediterranea)
Marche,Pesaro e Urbino,11041054,San Lorenzo in Campo,2,3,I (mediterranea)
Marche,Pesaro e Urbino,11041055,Sant'Agata Feltria,2,3,I (mediterranea)
Marche,Pesaro e Urbino,11041056,Sant'Angelo in Lizzola,2,3,I (mediterranea)
Marche,Pesaro e Urbino,11041057,Sant'Angelo in Vado,2,3,I (mediterranea)
Marche,Pesaro e Urbino,11041058,Sant'Ippolito,2,3,I (mediterranea)
Marche,Pesaro e Urbino,11041059,Sassocorvaro,2,3,I (mediterranea)
Marche,Pesaro e Urbino,11041060,Sassofeltrio,2,3,I (mediterranea)
Marche,Pesaro e Urbino,11041061,Serra Sant'Abbondio,2,3,I (mediterranea)
Marche,Pesaro e Urbino,11041062,Serrungarina,2,3,I (mediterranea)
Marche,Pesaro e Urbino,11041063,Talamello,2,3,I (mediterranea)
Marche,Pesaro e Urbino,11041064,Tavoleto,2,3,I (mediterranea)
Marche,Pesaro e Urbino,11041065,Tavullia,2,3,I (mediterranea)
Marche,Pesaro e Urbino,11041066,Urbania,2,3,I (mediterranea)
Marche,Pesaro e Urbino,11041067,Urbino,2,3,I (mediterranea)
Molise,Campobasso,14070001,Acquaviva Collecroce,3,3,II
Molise,Campobasso,14070002,Baranello,1,3,II
Molise,Campobasso,14070003,Bojano,1,3,II
Molise,Campobasso,14070004,Bonefro,2,3,II
Molise,Campobasso,14070005,Busso,2,3,II
Molise,Campobasso,14070006,Campobasso,2,3,II
Molise,Campobasso,14070007,Campochiaro,1,3,II
Molise,Campobasso,14070008,Campodipietra,2,3,II
Molise,Campobasso,14070009,Campolieto,2,3,II
Molise,Campobasso,14070010,Campomarino,3,3,II
Molise,Campobasso,14070011,Casacalenda,2,3,II
Molise,Campobasso,14070012,Casalciprano,2,3,II
Molise,Campobasso,14070013,Castelbottaccio,2,3,II
Molise,Campobasso,14070014,Castellino del Biferno,1,3,II
Molise,Campobasso,14070015,Castelmauro,2,3,II
Molise,Campobasso,14070016,Castropignano,2,3,II
Molise,Campobasso,14070017,Cercemaggiore,1,3,II
Molise,Campobasso,14070018,Cercepiccola,1,3,II
Molise,Campobasso,14070019,Civitacampomarano,2,3,II
Molise,Campobasso,14070020,Colle d'Anchise,1,3,II
Molise,Campobasso,14070021,Colletorto,2,3,II
Molise,Campobasso,14070022,Duronia,2,3,II
Molise,Campobasso,14070023,Ferrazzano,2,3,II
Molise,Campobasso,14070024,Fossalto,2,3,II
Molise,Campobasso,14070025,Gambatesa,2,3,II
Molise,Campobasso,14070026,Gildone,2,3,II
Molise,Campobasso,14070027,Guardialfiera,2,3,II
Molise,Campobasso,14070028,Guardiaregia,1,3,II
Molise,Campobasso,14070029,Guglionesi,3,3,II
Molise,Campobasso,14070030,Jelsi,2,3,II
Molise,Campobasso,14070031,Larino,2,3,II
Molise,Campobasso,14070032,Limosano,2,3,II
Molise,Campobasso,14070033,Lucito,2,3,II
Molise,Campobasso,14070034,Lupara,2,3,II
Molise,Campobasso,14070035,Macchia Valfortore,2,3,II
Molise,Campobasso,14070036,Mafalda,3,3,II
Molise,Campobasso,14070037,Matrice,2,3,II
Molise,Campobasso,14070038,Mirabello Sannitico,2,3,II
Molise,Campobasso,14070039,Molise,2,3,II
Molise,Campobasso,14070040,Monacilioni,2,3,II
Molise,Campobasso,14070041,Montagano,2,3,II
Molise,Campobasso,14070042,Montecilfone,3,3,II
Molise,Campobasso,14070043,Montefalcone nel Sannio,3,3,II
Molise,Campobasso,14070044,Montelongo,2,3,II
Molise,Campobasso,14070045,Montemitro,3,3,II
Molise,Campobasso,14070046,Montenero di Bisaccia,3,3,II
Molise,Campobasso,14070047,Montorio nei Frentani,2,3,II
Molise,Campobasso,14070048,Morrone del Sannio,2,3,II
Molise,Campobasso,14070049,Oratino,2,3,II
Molise,Campobasso,14070050,Palata,3,3,II
Molise,Campobasso,14070051,Petacciato,3,3,II
Molise,Campobasso,14070052,Petrella Tifernina,2,3,II
Molise,Campobasso,14070053,Pietracatella,2,3,II
Molise,Campobasso,14070054,Pietracupa,2,3,II
Molise,Campobasso,14070055,Portocannone,3,3,II
Molise,Campobasso,14070056,Provvidenti,2,3,II
Molise,Campobasso,14070057,Riccia,2,3,II
Molise,Campobasso,14070058,Ripabottoni,2,3,II
Molise,Campobasso,14070059,Ripalimosani,2,3,II
Molise,Campobasso,14070060,Roccavivara,2,3,II
Molise,Campobasso,14070061,Rotello,2,3,II
Molise,Campobasso,14070062,Salcito,2,3,II
Molise,Campobasso,14070063,San Biase,2,3,II
Molise,Campobasso,14070064,San Felice del Molise,3,3,II
Molise,Campobasso,14070065,San Giacomo degli Schiavoni,3,3,II
Molise,Campobasso,14070066,San Giovanni in Galdo,2,3,II
Molise,Campobasso,14070067,San Giuliano del Sannio,1,3,II
Molise,Campobasso,14070068,San Giuliano di Puglia,2,3,II
Molise,Campobasso,14070069,San Martino in Pensilis,2,3,II
Molise,Campobasso,14070070,San Massimo,1,3,II
Molise,Campobasso,14070071,San Polomatese,1,3,II
Molise,Campobasso,14070072,Santa Croce di Magliano,2,3,II
Molise,Campobasso,14070073,Sant'Angelo Limosano,2,3,II
Molise,Campobasso,14070074,Sant'Elia a Pianisi,2,3,II
Molise,Campobasso,14070075,Sepino,1,3,II
Molise,Campobasso,14070076,Spinete,1,3,II
Molise,Campobasso,14070077,Tavenna,3,3,II
Molise,Campobasso,14070078,Termoli,3,3,II
Molise,Campobasso,14070079,Torella del Sannio,2,3,II
Molise,Campobasso,14070080,Toro,2,3,II
Molise,Campobasso,14070081,Trivento,2,3,II
Molise,Campobasso,14070082,Tufara,2,3,II
Molise,Campobasso,14070083,Ururi,2,3,II
Molise,Campobasso,14070084,Vinchiaturo,1,3,II
Molise,Isernia,14094001,Acquaviva d'Isernia,2,3,II
Molise,Isernia,14094002,Agnone,2,3,II
Molise,Isernia,14094003,Bagnoli del Trigno,2,3,II
Molise,Isernia,14094004,Belmonte del Sannio,2,3,II
Molise,Isernia,14094005,Cantalupo nel Sannio,1,3,II
Molise,Isernia,14094006,Capracotta,2,3,II
Molise,Isernia,14094007,Carovilli,2,3,II
Molise,Isernia,14094008,Carpinone,1,3,II
Molise,Isernia,14094009,Castel del Giudice,1,3,II
Molise,Isernia,14094012,Castel San Vincenzo,2,3,II
Molise,Isernia,14094010,Castelpetroso,1,3,II
Molise,Isernia,14094011,Castelpizzuto,1,3,II
Molise,Isernia,14094013,Castelverrino,2,3,II
Molise,Isernia,14094014,Cerro al Volturno,2,3,II
Molise,Isernia,14094015,Chiauci,2,3,II
Molise,Isernia,14094016,Civitanova del Sannio,2,3,II
Molise,Isernia,14094017,Colli a Volturno,2,3,II
Molise,Isernia,14094018,Conca Casale,2,3,II
Molise,Isernia,14094019,Filignano,2,3,II
Molise,Isernia,14094020,Forlì del Sannio,2,3,II
Molise,Isernia,14094021,Fornelli,2,3,II
Molise,Isernia,14094022,Frosolone,1,3,II
Molise,Isernia,14094023,Isernia,2,3,II
Molise,Isernia,14094024,Longano,2,3,II
Molise,Isernia,14094025,Macchia d'Isernia,2,3,II
Molise,Isernia,14094026,Macchiagodena,1,3,II
Molise,Isernia,14094027,Miranda,2,3,II
Molise,Isernia,14094028,Montaquila,2,3,II
Molise,Isernia,14094029,Montenero Val Cocchiara,2,3,II
Molise,Isernia,14094030,Monteroduni,2,3,II
Molise,Isernia,14094031,Pesche,2,3,II
Molise,Isernia,14094032,Pescolanciano,2,3,II
Molise,Isernia,14094033,Pescopennataro,2,3,II
Molise,Isernia,14094034,Pettoranello del Molise,1,3,II
Molise,Isernia,14094035,Pietrabbondante,2,3,II
Molise,Isernia,14094036,Pizzone,2,3,II
Molise,Isernia,14094037,Poggio Sannita,2,3,II
Molise,Isernia,14094038,Pozzilli,2,3,II
Molise,Isernia,14094039,Rionero Sannitico,2,3,II
Molise,Isernia,14094040,Roccamandolfi,1,3,II
Molise,Isernia,14094041,Roccasicura,2,3,II
Molise,Isernia,14094042,Rocchetta a Volturno,2,3,II
Molise,Isernia,14094043,San Pietro Avellana,1,3,II
Molise,Isernia,14094045,Santa Maria del Molise,1,3,II
Molise,Isernia,14094044,Sant'Agapito,2,3,II
Molise,Isernia,14094046,Sant'Angelo del Pesco,2,3,II
Molise,Isernia,14094047,Sant'Elena Sannita,1,3,II
Molise,Isernia,14094048,Scapoli,2,3,II
Molise,Isernia,14094049,Sessano del Molise,2,3,II
Molise,Isernia,14094050,Sesto Campano,2,3,II
Molise,Isernia,14094051,Vastogirardi,2,3,II
Molise,Isernia,14094052,Venafro,2,3,II
Piemonte,Alessandria,1006001,Acqui Terme,4,1,I (mediterranea)
Piemonte,Alessandria,1006002,Albera Ligure,3,1,I (mediterranea)
Piemonte,Alessandria,1006003,Alessandria,4,1,I (mediterranea)
Piemonte,Alessandria,1006004,Alfiano Natta,4,1,I (mediterranea)
Piemonte,Alessandria,1006005,Alice Bel Colle,4,1,I (mediterranea)
Piemonte,Alessandria,1006006,Alluvioni Cambiò,4,1,I (mediterranea)
Piemonte,Alessandria,1006007,Altavilla Monferrato,4,1,I (mediterranea)
Piemonte,Alessandria,1006008,Alzano Scrivia,4,1,I (mediterranea)
Piemonte,Alessandria,1006009,Arquata Scrivia,3,1,I (mediterranea)
Piemonte,Alessandria,1006010,Avolasca,3,1,I (mediterranea)
Piemonte,Alessandria,1006011,Balzola,4,1,I (mediterranea)
Piemonte,Alessandria,1006012,Basaluzzo,4,1,I (mediterranea)
Piemonte,Alessandria,1006013,Bassignana,4,1,I (mediterranea)
Piemonte,Alessandria,1006014,Belforte Monferrato,4,1,I (mediterranea)
Piemonte,Alessandria,1006015,Bergamasco,4,1,I (mediterranea)
Piemonte,Alessandria,1006016,Berzano di Tortona,4,1,I (mediterranea)
Piemonte,Alessandria,1006017,Bistagno,4,1,I (mediterranea)
Piemonte,Alessandria,1006018,Borghetto di Borbera,3,1,I (mediterranea)
Piemonte,Alessandria,1006020,Borgo San Martino,4,1,I (mediterranea)
Piemonte,Alessandria,1006019,Borgoratto Alessandrino,4,1,I (mediterranea)
Piemonte,Alessandria,1006021,Bosco Marengo,4,1,I (mediterranea)
Piemonte,Alessandria,1006022,Bosio,3,1,I (mediterranea)
Piemonte,Alessandria,1006023,Bozzole,4,1,I (mediterranea)
Piemonte,Alessandria,1006024,Brignano-Frascata,3,1,I (mediterranea)
Piemonte,Alessandria,1006025,Cabella Ligure,3,1,I (mediterranea)
Piemonte,Alessandria,1006026,Camagna Monferrato,4,1,I (mediterranea)
Piemonte,Alessandria,1006027,Camino,4,1,I (mediterranea)
Piemonte,Alessandria,1006028,Cantalupo Ligure,3,1,I (mediterranea)
Piemonte,Alessandria,1006029,Capriata d'Orba,4,1,I (mediterranea)
Piemonte,Alessandria,1006030,Carbonara Scrivia,4,1,I (mediterranea)
Piemonte,Alessandria,1006031,Carentino,4,1,I (mediterranea)
Piemonte,Alessandria,1006032,Carezzano,3,1,I (mediterranea)
Piemonte,Alessandria,1006033,Carpeneto,4,1,I (mediterranea)
Piemonte,Alessandria,1006034,Carrega Ligure,3,1,I (mediterranea)
Piemonte,Alessandria,1006035,Carrosio,3,1,I (mediterranea)
Piemonte,Alessandria,1006036,Cartosio,4,1,I (mediterranea)
Piemonte,Alessandria,1006037,Casal Cermelli,4,1,I (mediterranea)
Piemonte,Alessandria,1006039,Casale Monferrato,4,1,I (mediterranea)
Piemonte,Alessandria,1006038,Casaleggio Boiro,4,1,I (mediterranea)
Piemonte,Alessandria,1006040,Casalnoceto,4,1,I (mediterranea)
Piemonte,Alessandria,1006041,Casasco,3,1,I (mediterranea)
Piemonte,Alessandria,1006042,Cassano Spinola,3,1,I (mediterranea)
Piemonte,Alessandria,1006043,Cassine,4,1,I (mediterranea)
Piemonte,Alessandria,1006044,Cassinelle,4,1,I (mediterranea)
Piemonte,Alessandria,1006045,Castellania,3,1,I (mediterranea)
Piemonte,Alessandria,1006046,Castellar Guidobono,4,1,I (mediterranea)
Piemonte,Alessandria,1006047,Castellazzo Bormida,4,1,I (mediterranea)
Piemonte,Alessandria,1006048,Castelletto d'Erro,4,1,I (mediterranea)
Piemonte,Alessandria,1006049,Castelletto d'Orba,4,1,I (mediterranea)
Piemonte,Alessandria,1006050,Castelletto Merli,4,1,I (mediterranea)
Piemonte,Alessandria,1006051,Castelletto Monferrato,4,1,I (mediterranea)
Piemonte,Alessandria,1006052,Castelnuovo Bormida,4,1,I (mediterranea)
Piemonte,Alessandria,1006053,Castelnuovo Scrivia,4,1,I (mediterranea)
Piemonte,Alessandria,1006054,Castelspina,4,1,I (mediterranea)
Piemonte,Alessandria,1006055,Cavatore,4,1,I (mediterranea)
Piemonte,Alessandria,1006056,Cella Monte,4,1,I (mediterranea)
Piemonte,Alessandria,1006057,Cereseto,4,1,I (mediterranea)
Piemonte,Alessandria,1006058,Cerreto Grue,3,1,I (mediterranea)
Piemonte,Alessandria,1006059,Cerrina Monferrato,4,1,I (mediterranea)
Piemonte,Alessandria,1006060,Coniolo,4,1,I (mediterranea)
Piemonte,Alessandria,1006061,Conzano,4,1,I (mediterranea)
Piemonte,Alessandria,1006062,Costa Vescovato,3,1,I (mediterranea)
Piemonte,Alessandria,1006063,Cremolino,4,1,I (mediterranea)
Piemonte,Alessandria,1006064,Cuccaro Monferrato,4,1,I (mediterranea)
Piemonte,Alessandria,1006065,Denice,4,1,I (mediterranea)
Piemonte,Alessandria,1006066,Dernice,3,1,I (mediterranea)
Piemonte,Alessandria,1006067,Fabbrica Curone,3,1,I (mediterranea)
Piemonte,Alessandria,1006068,Felizzano,4,1,I (mediterranea)
Piemonte,Alessandria,1006069,Fraconalto,3,1,I (mediterranea)
Piemonte,Alessandria,1006070,Francavilla Bisio,4,1,I (mediterranea)
Piemonte,Alessandria,1006071,Frascaro,4,1,I (mediterranea)
Piemonte,Alessandria,1006072,Frassinello Monferrato,4,1,I (mediterranea)
Piemonte,Alessandria,1006073,Frassineto Po,4,1,I (mediterranea)
Piemonte,Alessandria,1006074,Fresonara,4,1,I (mediterranea)
Piemonte,Alessandria,1006075,Frugarolo,4,1,I (mediterranea)
Piemonte,Alessandria,1006076,Fubine,4,1,I (mediterranea)
Piemonte,Alessandria,1006077,Gabiano,4,1,I (mediterranea)
Piemonte,Alessandria,1006078,Gamalero,4,1,I (mediterranea)
Piemonte,Alessandria,1006079,Garbagna,3,1,I (mediterranea)
Piemonte,Alessandria,1006080,Gavazzana,3,1,I (mediterranea)
Piemonte,Alessandria,1006081,Gavi,3,1,I (mediterranea)
Piemonte,Alessandria,1006082,Giarole,4,1,I (mediterranea)
Piemonte,Alessandria,1006083,Gremiasco,3,1,I (mediterranea)
Piemonte,Alessandria,1006084,Grognardo,4,1,I (mediterranea)
Piemonte,Alessandria,1006085,Grondona,3,1,I (mediterranea)
Piemonte,Alessandria,1006086,Guazzora,4,1,I (mediterranea)
Piemonte,Alessandria,1006087,Isola Sant'Antonio,4,1,I (mediterranea)
Piemonte,Alessandria,1006088,Lerma,4,1,I (mediterranea)
Piemonte,Alessandria,1006089,Lu,4,1,I (mediterranea)
Piemonte,Alessandria,1006090,Malvicino,4,1,I (mediterranea)
Piemonte,Alessandria,1006091,Masio,4,1,I (mediterranea)
Piemonte,Alessandria,1006092,Melazzo,4,1,I (mediterranea)
Piemonte,Alessandria,1006093,Merana,4,1,I (mediterranea)
Piemonte,Alessandria,1006094,Mirabello Monferrato,4,1,I (mediterranea)
Piemonte,Alessandria,1006095,Molare,4,1,I (mediterranea)
Piemonte,Alessandria,1006096,Molino dei Torti,4,1,I (mediterranea)
Piemonte,Alessandria,1006097,Mombello Monferrato,4,1,I (mediterranea)
Piemonte,Alessandria,1006098,Momperone,3,1,I (mediterranea)
Piemonte,Alessandria,1006099,Moncestino,4,1,I (mediterranea)
Piemonte,Alessandria,1006100,Mongiardino Ligure,3,1,I (mediterranea)
Piemonte,Alessandria,1006101,Monleale,4,1,I (mediterranea)
Piemonte,Alessandria,1006102,Montacuto,3,1,I (mediterranea)
Piemonte,Alessandria,1006103,Montaldeo,4,1,I (mediterranea)
Piemonte,Alessandria,1006104,Montaldo Bormida,4,1,I (mediterranea)
Piemonte,Alessandria,1006105,Montecastello,4,1,I (mediterranea)
Piemonte,Alessandria,1006106,Montechiaro d'Acqui,4,1,I (mediterranea)
Piemonte,Alessandria,1006107,Montegioco,3,1,I (mediterranea)
Piemonte,Alessandria,1006108,Montemarzino,3,1,I (mediterranea)
Piemonte,Alessandria,1006109,Morano sul Po,4,1,I (mediterranea)
Piemonte,Alessandria,1006110,Morbello,4,1,I (mediterranea)
Piemonte,Alessandria,1006111,Mornese,3,1,I (mediterranea)
Piemonte,Alessandria,1006112,Morsasco,4,1,I (mediterranea)
Piemonte,Alessandria,1006113,Murisengo,4,1,I (mediterranea)
Piemonte,Alessandria,1006114,Novi Ligure,4,1,I (mediterranea)
Piemonte,Alessandria,1006115,Occimiano,4,1,I (mediterranea)
Piemonte,Alessandria,1006116,Odalengo Grande,4,1,I (mediterranea)
Piemonte,Alessandria,1006117,Odalengo Piccolo,4,1,I (mediterranea)
Piemonte,Alessandria,1006118,Olivola,4,1,I (mediterranea)
Piemonte,Alessandria,1006119,Orsara Bormida,4,1,I (mediterranea)
Piemonte,Alessandria,1006120,Ottiglio,4,1,I (mediterranea)
Piemonte,Alessandria,1006121,Ovada,4,1,I (mediterranea)
Piemonte,Alessandria,1006122,Oviglio,4,1,I (mediterranea)
Piemonte,Alessandria,1006123,Ozzano Monferrato,4,1,I (mediterranea)
Piemonte,Alessandria,1006124,Paderna,3,1,I (mediterranea)
Piemonte,Alessandria,1006125,Pareto,4,1,I (mediterranea)
Piemonte,Alessandria,1006126,Parodi Ligure,3,1,I (mediterranea)
Piemonte,Alessandria,1006127,Pasturana,4,1,I (mediterranea)
Piemonte,Alessandria,1006128,Pecetto di Valenza,4,1,I (mediterranea)
Piemonte,Alessandria,1006129,Pietra Marazzi,4,1,I (mediterranea)
Piemonte,Alessandria,1006130,Piovera,4,1,I (mediterranea)
Piemonte,Alessandria,1006131,Pomaro Monferrato,4,1,I (mediterranea)
Piemonte,Alessandria,1006132,Pontecurone,4,1,I (mediterranea)
Piemonte,Alessandria,1006133,Pontestura,4,1,I (mediterranea)
Piemonte,Alessandria,1006134,Ponti,4,1,I (mediterranea)
Piemonte,Alessandria,1006135,Ponzano Monferrato,4,1,I (mediterranea)
Piemonte,Alessandria,1006136,Ponzone,4,1,I (mediterranea)
Piemonte,Alessandria,1006137,Pozzol Groppo,3,1,I (mediterranea)
Piemonte,Alessandria,1006138,Pozzolo Formigaro,4,1,I (mediterranea)
Piemonte,Alessandria,1006139,Prasco,4,1,I (mediterranea)
Piemonte,Alessandria,1006140,Predosa,4,1,I (mediterranea)
Piemonte,Alessandria,1006141,Quargnento,4,1,I (mediterranea)
Piemonte,Alessandria,1006142,Quattordio,4,1,I (mediterranea)
Piemonte,Alessandria,1006143,Ricaldone,4,1,I (mediterranea)
Piemonte,Alessandria,1006144,Rivalta Bormida,4,1,I (mediterranea)
Piemonte,Alessandria,1006145,Rivarone,4,1,I (mediterranea)
Piemonte,Alessandria,1006147,Rocca Grimalda,4,1,I (mediterranea)
Piemonte,Alessandria,1006146,Roccaforte Ligure,3,1,I (mediterranea)
Piemonte,Alessandria,1006148,Rocchetta Ligure,3,1,I (mediterranea)
Piemonte,Alessandria,1006149,Rosignano Monferrato,4,1,I (mediterranea)
Piemonte,Alessandria,1006150,Sala Monferrato,4,1,I (mediterranea)
Piemonte,Alessandria,1006151,Sale,4,1,I (mediterranea)
Piemonte,Alessandria,1006152,San Cristoforo,3,1,I (mediterranea)
Piemonte,Alessandria,1006153,San Giorgio Monferrato,4,1,I (mediterranea)
Piemonte,Alessandria,1006154,San Salvatore Monferrato,4,1,I (mediterranea)
Piemonte,Alessandria,1006155,San Sebastiano Curone,3,1,I (mediterranea)
Piemonte,Alessandria,1006156,Sant'Agata Fossili,3,1,I (mediterranea)
Piemonte,Alessandria,1006157,Sardigliano,3,1,I (mediterranea)
Piemonte,Alessandria,1006158,Sarezzano,3,1,I (mediterranea)
Piemonte,Alessandria,1006159,Serralunga di Crea,4,1,I (mediterranea)
Piemonte,Alessandria,1006160,Serravalle Scrivia,3,1,I (mediterranea)
Piemonte,Alessandria,1006161,Sezzadio,4,1,I (mediterranea)
Piemonte,Alessandria,1006162,Silvano d'Orba,4,1,I (mediterranea)
Piemonte,Alessandria,1006163,Solero,4,1,I (mediterranea)
Piemonte,Alessandria,1006164,Solonghello,4,1,I (mediterranea)
Piemonte,Alessandria,1006165,Spigno Monferrato,4,1,I (mediterranea)
Piemonte,Alessandria,1006166,Spineto Scrivia,4,1,I (mediterranea)
Piemonte,Alessandria,1006167,Stazzano,3,1,I (mediterranea)
Piemonte,Alessandria,1006168,Strevi,4,1,I (mediterranea)
Piemonte,Alessandria,1006169,Tagliolo Monferrato,4,1,I (mediterranea)
Piemonte,Alessandria,1006170,Tassarolo,4,1,I (mediterranea)
Piemonte,Alessandria,1006171,Terruggia,4,1,I (mediterranea)
Piemonte,Alessandria,1006172,Terzo,4,1,I (mediterranea)
Piemonte,Alessandria,1006173,Ticineto,4,1,I (mediterranea)
Piemonte,Alessandria,1006174,Tortona,4,1,I (mediterranea)
Piemonte,Alessandria,1006175,Treville,4,1,I (mediterranea)
Piemonte,Alessandria,1006176,Trisobbio,4,1,I (mediterranea)
Piemonte,Alessandria,1006177,Valenza,4,1,I (mediterranea)
Piemonte,Alessandria,1006178,Valmacca,4,1,I (mediterranea)
Piemonte,Alessandria,1006179,Vignale Monferrato,4,1,I (mediterranea)
Piemonte,Alessandria,1006180,Vignole Borbera,3,1,I (mediterranea)
Piemonte,Alessandria,1006181,Viguzzolo,4,1,I (mediterranea)
Piemonte,Alessandria,1006182,Villadeati,4,1,I (mediterranea)
Piemonte,Alessandria,1006183,Villalvernia,3,1,I (mediterranea)
Piemonte,Alessandria,1006184,Villamiroglio,4,1,I (mediterranea)
Piemonte,Alessandria,1006185,Villanova Monferrato,4,1,I (mediterranea)
Piemonte,Alessandria,1006186,Villaromagnano,3,1,I (mediterranea)
Piemonte,Alessandria,1006187,Visone,4,1,I (mediterranea)
Piemonte,Alessandria,1006188,Volpedo,4,1,I (mediterranea)
Piemonte,Alessandria,1006189,Volpeglino,4,1,I (mediterranea)
Piemonte,Alessandria,1006190,Voltaggio,3,1,I (mediterranea)
Piemonte,Asti,1005001,Agliano,4,1,I (mediterranea)
Piemonte,Asti,1005002,Albugnano,4,1,I (mediterranea)
Piemonte,Asti,1005003,Antignano,4,1,I (mediterranea)
Piemonte,Asti,1005004,Aramengo,4,1,I (mediterranea)
Piemonte,Asti,1005005,Asti,4,1,I (mediterranea)
Piemonte,Asti,1005006,Azzano d'Asti,4,1,I (mediterranea)
Piemonte,Asti,1005007,Baldichieri d'Asti,4,1,I (mediterranea)
Piemonte,Asti,1005008,Belveglio,4,1,I (mediterranea)
Piemonte,Asti,1005009,Berzano di San Pietro,4,1,I (mediterranea)
Piemonte,Asti,1005010,Bruno,4,1,I (mediterranea)
Piemonte,Asti,1005011,Bubbio,4,1,I (mediterranea)
Piemonte,Asti,1005012,Buttigliera d'Asti,4,1,I (mediterranea)
Piemonte,Asti,1005013,Calamandrana,4,1,I (mediterranea)
Piemonte,Asti,1005014,Calliano,4,1,I (mediterranea)
Piemonte,Asti,1005015,Calosso,4,1,I (mediterranea)
Piemonte,Asti,1005016,Camerano Casasco,4,1,I (mediterranea)
Piemonte,Asti,1005017,Canelli,4,1,I (mediterranea)
Piemonte,Asti,1005018,Cantarana,4,1,I (mediterranea)
Piemonte,Asti,1005019,Capriglio,4,1,I (mediterranea)
Piemonte,Asti,1005020,Casorzo,4,1,I (mediterranea)
Piemonte,Asti,1005021,Cassinasco,4,1,I (mediterranea)
Piemonte,Asti,1005022,Castagnole delle Lanze,4,1,I (mediterranea)
Piemonte,Asti,1005023,Castagnole Monferrato,4,1,I (mediterranea)
Piemonte,Asti,1005024,Castel Boglione,4,1,I (mediterranea)
Piemonte,Asti,1005032,Castel Rocchero,4,1,I (mediterranea)
Piemonte,Asti,1005025,Castell'Alfero,4,1,I (mediterranea)
Piemonte,Asti,1005026,Castellero,4,1,I (mediterranea)
Piemonte,Asti,1005027,Castelletto Molina,4,1,I (mediterranea)
Piemonte,Asti,1005028,Castello di Annone,4,1,I (mediterranea)
Piemonte,Asti,1005029,Castelnuovo Belbo,4,1,I (mediterranea)
Piemonte,Asti,1005030,Castelnuovo Calcea,4,1,I (mediterranea)
Piemonte,Asti,1005031,Castelnuovo Don Bosco,4,1,I (mediterranea)
Piemonte,Asti,1005033,Cellarengo,4,1,I (mediterranea)
Piemonte,Asti,1005034,Celle Enomondo,4,1,I (mediterranea)
Piemonte,Asti,1005035,Cerreto d'Asti,4,1,I (mediterranea)
Piemonte,Asti,1005036,Cerro Tanaro,4,1,I (mediterranea)
Piemonte,Asti,1005037,Cessole,4,1,I (mediterranea)
Piemonte,Asti,1005038,Chiusano d'Asti,4,1,I (mediterranea)
Piemonte,Asti,1005039,Cinaglio,4,1,I (mediterranea)
Piemonte,Asti,1005040,Cisterna d'Asti,4,1,I (mediterranea)
Piemonte,Asti,1005041,Coazzolo,4,1,I (mediterranea)
Piemonte,Asti,1005042,Cocconato,4,1,I (mediterranea)
Piemonte,Asti,1005044,Corsione,4,1,I (mediterranea)
Piemonte,Asti,1005045,Cortandone,4,1,I (mediterranea)
Piemonte,Asti,1005046,Cortanze,4,1,I (mediterranea)
Piemonte,Asti,1005047,Cortazzone,4,1,I (mediterranea)
Piemonte,Asti,1005048,Cortiglione,4,1,I (mediterranea)
Piemonte,Asti,1005049,Cossombrato,4,1,I (mediterranea)
Piemonte,Asti,1005050,Costigliole d'Asti,4,1,I (mediterranea)
Piemonte,Asti,1005051,Cunico,4,1,I (mediterranea)
Piemonte,Asti,1005052,Dusino San Michele,4,1,I (mediterranea)
Piemonte,Asti,1005053,Ferrere,4,1,I (mediterranea)
Piemonte,Asti,1005054,Fontanile,4,1,I (mediterranea)
Piemonte,Asti,1005055,Frinco,4,1,I (mediterranea)
Piemonte,Asti,1005056,Grana,4,1,I (mediterranea)
Piemonte,Asti,1005057,Grazzano Badoglio,4,1,I (mediterranea)
Piemonte,Asti,1005058,Incisa Scapaccino,4,1,I (mediterranea)
Piemonte,Asti,1005059,Isola d'Asti,4,1,I (mediterranea)
Piemonte,Asti,1005060,Loazzolo,4,1,I (mediterranea)
Piemonte,Asti,1005061,Maranzana,4,1,I (mediterranea)
Piemonte,Asti,1005062,Maretto,4,1,I (mediterranea)
Piemonte,Asti,1005063,Moasca,4,1,I (mediterranea)
Piemonte,Asti,1005064,Mombaldone,4,1,I (mediterranea)
Piemonte,Asti,1005065,Mombaruzzo,4,1,I (mediterranea)
Piemonte,Asti,1005066,Mombercelli,4,1,I (mediterranea)
Piemonte,Asti,1005067,Monale,4,1,I (mediterranea)
Piemonte,Asti,1005068,Monastero Bormida,4,1,I (mediterranea)
Piemonte,Asti,1005069,Moncalvo,4,1,I (mediterranea)
Piemonte,Asti,1005070,Moncucco Torinese,4,1,I (mediterranea)
Piemonte,Asti,1005071,Mongardino,4,1,I (mediterranea)
Piemonte,Asti,1005072,Montabone,4,1,I (mediterranea)
Piemonte,Asti,1005073,Montafia,4,1,I (mediterranea)
Piemonte,Asti,1005074,Montaldo Scarampi,4,1,I (mediterranea)
Piemonte,Asti,1005075,Montechiaro d'Asti,4,1,I (mediterranea)
Piemonte,Asti,1005076,Montegrosso d'Asti,4,1,I (mediterranea)
Piemonte,Asti,1005077,Montemagno,4,1,I (mediterranea)
Piemonte,Asti,1005121,Montiglio Monferrato (1),4,1,I (mediterranea)
Piemonte,Asti,1005079,Moransengo,4,1,I (mediterranea)
Piemonte,Asti,1005080,Nizza Monferrato,4,1,I (mediterranea)
Piemonte,Asti,1005081,Olmo Gentile,4,1,I (mediterranea)
Piemonte,Asti,1005082,Passerano Marmorito,4,1,I (mediterranea)
Piemonte,Asti,1005083,Penango,4,1,I (mediterranea)
Piemonte,Asti,1005084,Piea,4,1,I (mediterranea)
Piemonte,Asti,1005085,Pino d'Asti,4,1,I (mediterranea)
Piemonte,Asti,1005086,Piovà Massaia,4,1,I (mediterranea)
Piemonte,Asti,1005087,Portacomaro,4,1,I (mediterranea)
Piemonte,Asti,1005088,Quaranti,4,1,I (mediterranea)
Piemonte,Asti,1005089,Refrancore,4,1,I (mediterranea)
Piemonte,Asti,1005090,Revigliasco d'Asti,4,1,I (mediterranea)
Piemonte,Asti,1005091,Roatto,4,1,I (mediterranea)
Piemonte,Asti,1005092,Robella,4,1,I (mediterranea)
Piemonte,Asti,1005093,Rocca d'Arazzo,4,1,I (mediterranea)
Piemonte,Asti,1005094,Roccaverano,4,1,I (mediterranea)
Piemonte,Asti,1005095,Rocchetta Palafea,4,1,I (mediterranea)
Piemonte,Asti,1005096,Rocchetta Tanaro,4,1,I (mediterranea)
Piemonte,Asti,1005097,San Damiano d'Asti,4,1,I (mediterranea)
Piemonte,Asti,1005098,San Giorgio Scarampi,4,1,I (mediterranea)
Piemonte,Asti,1005099,San Martino Alfieri,4,1,I (mediterranea)
Piemonte,Asti,1005100,San Marzano Oliveto,4,1,I (mediterranea)
Piemonte,Asti,1005101,San Paolo Solbrito,4,1,I (mediterranea)
Piemonte,Asti,1005103,Scurzolengo,4,1,I (mediterranea)
Piemonte,Asti,1005104,Serole,4,1,I (mediterranea)
Piemonte,Asti,1005105,Sessame,4,1,I (mediterranea)
Piemonte,Asti,1005106,Settime,4,1,I (mediterranea)
Piemonte,Asti,1005107,Soglio,4,1,I (mediterranea)
Piemonte,Asti,1005108,Tigliole,4,1,I (mediterranea)
Piemonte,Asti,1005109,Tonco,4,1,I (mediterranea)
Piemonte,Asti,1005110,Tonengo,4,1,I (mediterranea)
Piemonte,Asti,1005111,Vaglio Serra,4,1,I (mediterranea)
Piemonte,Asti,1005112,Valfenera,4,1,I (mediterranea)
Piemonte,Asti,1005113,Vesime,4,1,I (mediterranea)
Piemonte,Asti,1005114,Viale,4,1,I (mediterranea)
Piemonte,Asti,1005115,Viarigi,4,1,I (mediterranea)
Piemonte,Asti,1005116,Vigliano d'Asti,4,1,I (mediterranea)
Piemonte,Asti,1005119,Villa San Secondo,4,1,I (mediterranea)
Piemonte,Asti,1005117,Villafranca d'Asti,4,1,I (mediterranea)
Piemonte,Asti,1005118,Villanova d'Asti,4,1,I (mediterranea)
Piemonte,Asti,1005120,Vinchio,4,1,I (mediterranea)
Piemonte,Biella,1096001,Ailoche,4,1,I (alpina)
Piemonte,Biella,1096002,Andorno Micca,4,1,I (alpina)
Piemonte,Biella,1096003,Benna,4,1,I (alpina)
Piemonte,Biella,1096004,Biella,4,1,I (alpina)
Piemonte,Biella,1096005,Bioglio,4,1,I (alpina)
Piemonte,Biella,1096006,Borriana,4,1,I (alpina)
Piemonte,Biella,1096007,Brusnengo,4,1,I (alpina)
Piemonte,Biella,1096008,Callabiana,4,1,I (alpina)
Piemonte,Biella,1096009,Camandona,4,1,I (alpina)
Piemonte,Biella,1096010,Camburzano,4,1,I (alpina)
Piemonte,Biella,1096011,Campiglia Cervo,4,1,I (alpina)
Piemonte,Biella,1096012,Candelo,4,1,I (alpina)
Piemonte,Biella,1096013,Caprile,4,1,I (alpina)
Piemonte,Biella,1096014,Casapinta,4,1,I (alpina)
Piemonte,Biella,1096015,Castelletto Cervo,4,1,I (alpina)
Piemonte,Biella,1096016,Cavaglià,4,1,I (alpina)
Piemonte,Biella,1096017,Cerreto Castello,4,1,I (alpina)
Piemonte,Biella,1096018,Cerrione,4,1,I (alpina)
Piemonte,Biella,1096019,Coggiola,4,1,I (alpina)
Piemonte,Biella,1096020,Cossato,4,1,I (alpina)
Piemonte,Biella,1096021,Crevacuore,4,1,I (alpina)
Piemonte,Biella,1096022,Crosa,4,1,I (alpina)
Piemonte,Biella,1096023,Curino,4,1,I (alpina)
Piemonte,Biella,1096024,Donato,4,1,I (alpina)
Piemonte,Biella,1096025,Dorzano,4,1,I (alpina)
Piemonte,Biella,1096026,Gaglianico,4,1,I (alpina)
Piemonte,Biella,1096027,Gifflenga,4,1,I (alpina)
Piemonte,Biella,1096028,Graglia,4,1,I (alpina)
Piemonte,Biella,1096029,Lessona,4,1,I (alpina)
Piemonte,Biella,1096030,Magnano,4,1,I (alpina)
Piemonte,Biella,1096031,Massazza,4,1,I (alpina)
Piemonte,Biella,1096032,Masserano,4,1,I (alpina)
Piemonte,Biella,1096033,Mezzana Mortigliengo,4,1,I (alpina)
Piemonte,Biella,1096034,Miagliano,4,1,I (alpina)
Piemonte,Biella,1096035,Mongrando,4,1,I (alpina)
Piemonte,Biella,1096084,Mosso (1),4,1,I (alpina)
Piemonte,Biella,1096037,Mottalciata,4,1,I (alpina)
Piemonte,Biella,1096038,Muzzano,4,1,I (alpina)
Piemonte,Biella,1096039,Netro,4,1,I (alpina)
Piemonte,Biella,1096040,Occhieppo Inferiore,4,1,I (alpina)
Piemonte,Biella,1096041,Occhieppo Superiore,4,1,I (alpina)
Piemonte,Biella,1096042,Pettinengo,4,1,I (alpina)
Piemonte,Biella,1096043,Piatto,4,1,I (alpina)
Piemonte,Biella,1096044,Piedicavallo,4,1,I (alpina)
Piemonte,Biella,1096046,Pollone,4,1,I (alpina)
Piemonte,Biella,1096047,Ponderano,4,1,I (alpina)
Piemonte,Biella,1096048,Portula,4,1,I (alpina)
Piemonte,Biella,1096049,Pralungo,4,1,I (alpina)
Piemonte,Biella,1096050,Pray,4,1,I (alpina)
Piemonte,Biella,1096051,Quaregna,4,1,I (alpina)
Piemonte,Biella,1096052,Quittengo,4,1,I (alpina)
Piemonte,Biella,1096053,Ronco Biellese,4,1,I (alpina)
Piemonte,Biella,1096054,Roppolo,4,1,I (alpina)
Piemonte,Biella,1096055,Rosazza,4,1,I (alpina)
Piemonte,Biella,1096056,Sagliano Micca,4,1,I (alpina)
Piemonte,Biella,1096057,Sala Biellese,4,1,I (alpina)
Piemonte,Biella,1096058,Salussola,4,1,I (alpina)
Piemonte,Biella,1096060,San Paolo Cervo,4,1,I (alpina)
Piemonte,Biella,1096059,Sandigliano,4,1,I (alpina)
Piemonte,Biella,1096061,Selve Marcone,4,1,I (alpina)
Piemonte,Biella,1096062,Soprana,4,1,I (alpina)
Piemonte,Biella,1096063,Sordevolo,4,1,I (alpina)
Piemonte,Biella,1096064,Sostegno,4,1,I (alpina)
Piemonte,Biella,1096065,Strona,4,1,I (alpina)
Piemonte,Biella,1096066,Tavigliano,4,1,I (alpina)
Piemonte,Biella,1096067,Ternengo,4,1,I (alpina)
Piemonte,Biella,1096068,Tollegno,4,1,I (alpina)
Piemonte,Biella,1096069,Torrazzo,4,1,I (alpina)
Piemonte,Biella,1096070,Trivero,4,1,I (alpina)
Piemonte,Biella,1096071,Valdengo,4,1,I (alpina)
Piemonte,Biella,1096072,Vallanzengo,4,1,I (alpina)
Piemonte,Biella,1096073,Valle Mosso,4,1,I (alpina)
Piemonte,Biella,1096074,Valle San Nicolao,4,1,I (alpina)
Piemonte,Biella,1096075,Veglio,4,1,I (alpina)
Piemonte,Biella,1096076,Verrone,4,1,I (alpina)
Piemonte,Biella,1096077,Vigliano Biellese,4,1,I (alpina)
Piemonte,Biella,1096078,Villa del Bosco,4,1,I (alpina)
Piemonte,Biella,1096079,Villanova Biellese,4,1,I (alpina)
Piemonte,Biella,1096080,Viverone,4,1,I (alpina)
Piemonte,Biella,1096081,Zimone,4,1,I (alpina)
Piemonte,Biella,1096082,Zubiena,4,1,I (alpina)
Piemonte,Biella,1096083,Zumaglia,4,1,I (alpina)
Piemonte,Cuneo,1004001,Acceglio,3,1,I (alpina)
Piemonte,Cuneo,1004002,Aisone,3,1,I (alpina)
Piemonte,Cuneo,1004003,Alba,4,1,I (alpina)
Piemonte,Cuneo,1004004,Albaretto della Torre,4,1,I (alpina)
Piemonte,Cuneo,1004005,Alto,3,1,I (alpina)
Piemonte,Cuneo,1004006,Argentera,3,1,I (alpina)
Piemonte,Cuneo,1004007,Arguello,4,1,I (alpina)
Piemonte,Cuneo,1004008,Bagnasco,4,1,I (alpina)
Piemonte,Cuneo,1004009,Bagnolo Piemonte,2,1,I (alpina)
Piemonte,Cuneo,1004010,Baldissero d'Alba,4,1,I (alpina)
Piemonte,Cuneo,1004011,Barbaresco,4,1,I (alpina)
Piemonte,Cuneo,1004012,Barge,3,1,I (alpina)
Piemonte,Cuneo,1004013,Barolo,4,1,I (alpina)
Piemonte,Cuneo,1004014,Bastia Mondovì,4,1,I (alpina)
Piemonte,Cuneo,1004015,Battifollo,4,1,I (alpina)
Piemonte,Cuneo,1004016,Beinette,4,1,I (alpina)
Piemonte,Cuneo,1004017,Bellino,3,1,I (alpina)
Piemonte,Cuneo,1004018,Belvedere Langhe,4,1,I (alpina)
Piemonte,Cuneo,1004019,Bene Vagienna,4,1,I (alpina)
Piemonte,Cuneo,1004020,Benevello,4,1,I (alpina)
Piemonte,Cuneo,1004021,Bergolo,4,1,I (alpina)
Piemonte,Cuneo,1004022,Bernezzo,3,1,I (alpina)
Piemonte,Cuneo,1004023,Bonvicino,4,1,I (alpina)
Piemonte,Cuneo,1004025,Borgo San Dalmazzo,3,1,I (alpina)
Piemonte,Cuneo,1004024,Borgomale,4,1,I (alpina)
Piemonte,Cuneo,1004026,Bosia,4,1,I (alpina)
Piemonte,Cuneo,1004027,Bossolasco,4,1,I (alpina)
Piemonte,Cuneo,1004028,Boves,3,1,I (alpina)
Piemonte,Cuneo,1004029,Bra,4,1,I (alpina)
Piemonte,Cuneo,1004030,Briaglia,4,1,I (alpina)
Piemonte,Cuneo,1004031,Briga Alta,3,1,I (alpina)
Piemonte,Cuneo,1004032,Brondello,4,1,I (alpina)
Piemonte,Cuneo,1004033,Brossasco,4,1,I (alpina)
Piemonte,Cuneo,1004034,Busca,4,1,I (alpina)
Piemonte,Cuneo,1004035,Camerana,4,1,I (alpina)
Piemonte,Cuneo,1004036,Camo,4,1,I (alpina)
Piemonte,Cuneo,1004037,Canale,4,1,I (alpina)
Piemonte,Cuneo,1004038,Canosio,3,1,I (alpina)
Piemonte,Cuneo,1004039,Caprauna,3,1,I (alpina)
Piemonte,Cuneo,1004040,Caraglio,3,1,I (alpina)
Piemonte,Cuneo,1004041,Caramagna Piemonte,4,1,I (alpina)
Piemonte,Cuneo,1004042,Cardè,4,1,I (alpina)
Piemonte,Cuneo,1004043,Carrù,4,1,I (alpina)
Piemonte,Cuneo,1004044,Cartignano,3,1,I (alpina)
Piemonte,Cuneo,1004045,Casalgrasso,4,1,I (alpina)
Piemonte,Cuneo,1004046,Castagnito,4,1,I (alpina)
Piemonte,Cuneo,1004047,Casteldelfino,3,1,I (alpina)
Piemonte,Cuneo,1004048,Castellar,4,1,I (alpina)
Piemonte,Cuneo,1004049,Castelletto Stura,4,1,I (alpina)
Piemonte,Cuneo,1004050,Castelletto Uzzone,4,1,I (alpina)
Piemonte,Cuneo,1004051,Castellinaldo,4,1,I (alpina)
Piemonte,Cuneo,1004052,Castellino Tanaro,4,1,I (alpina)
Piemonte,Cuneo,1004053,Castelmagno,3,1,I (alpina)
Piemonte,Cuneo,1004054,Castelnuovo di Ceva,4,1,I (alpina)
Piemonte,Cuneo,1004055,Castiglione Falletto,4,1,I (alpina)
Piemonte,Cuneo,1004056,Castiglione Tinella,4,1,I (alpina)
Piemonte,Cuneo,1004057,Castino,4,1,I (alpina)
Piemonte,Cuneo,1004058,Cavallerleone,4,1,I (alpina)
Piemonte,Cuneo,1004059,Cavallermaggiore,4,1,I (alpina)
Piemonte,Cuneo,1004060,Celle di Macra,3,1,I (alpina)
Piemonte,Cuneo,1004061,Centallo,4,1,I (alpina)
Piemonte,Cuneo,1004062,Ceresole Alba,4,1,I (alpina)
Piemonte,Cuneo,1004063,Cerreto Langhe,4,1,I (alpina)
Piemonte,Cuneo,1004064,Cervasca,3,1,I (alpina)
Piemonte,Cuneo,1004065,Cervere,4,1,I (alpina)
Piemonte,Cuneo,1004066,Ceva,4,1,I (alpina)
Piemonte,Cuneo,1004067,Cherasco,4,1,I (alpina)
Piemonte,Cuneo,1004068,Chiusa di Pesio,4,1,I (alpina)
Piemonte,Cuneo,1004069,Cigliè,4,1,I (alpina)
Piemonte,Cuneo,1004070,Cissone,4,1,I (alpina)
Piemonte,Cuneo,1004071,Clavesana,4,1,I (alpina)
Piemonte,Cuneo,1004072,Corneliano d'Alba,4,1,I (alpina)
Piemonte,Cuneo,1004073,Cortemilia,4,1,I (alpina)
Piemonte,Cuneo,1004074,Cossano Belbo,4,1,I (alpina)
Piemonte,Cuneo,1004075,Costigliole Saluzzo,4,1,I (alpina)
Piemonte,Cuneo,1004076,Cravanzana,4,1,I (alpina)
Piemonte,Cuneo,1004077,Crissolo,3,1,I (alpina)
Piemonte,Cuneo,1004078,Cuneo,4,1,I (alpina)
Piemonte,Cuneo,1004079,Demonte,3,1,I (alpina)
Piemonte,Cuneo,1004080,Diano d'Alba,4,1,I (alpina)
Piemonte,Cuneo,1004081,Dogliani,4,1,I (alpina)
Piemonte,Cuneo,1004082,Dronero,3,1,I (alpina)
Piemonte,Cuneo,1004083,Elva,3,1,I (alpina)
Piemonte,Cuneo,1004084,Entracque,3,1,I (alpina)
Piemonte,Cuneo,1004085,Envie,4,1,I (alpina)
Piemonte,Cuneo,1004086,Farigliano,4,1,I (alpina)
Piemonte,Cuneo,1004087,Faule,4,1,I (alpina)
Piemonte,Cuneo,1004088,Feisoglio,4,1,I (alpina)
Piemonte,Cuneo,1004089,Fossano,4,1,I (alpina)
Piemonte,Cuneo,1004090,Frabosa Soprana,4,1,I (alpina)
Piemonte,Cuneo,1004091,Frabosa Sottana,4,1,I (alpina)
Piemonte,Cuneo,1004092,Frassino,3,1,I (alpina)
Piemonte,Cuneo,1004093,Gaiola,3,1,I (alpina)
Piemonte,Cuneo,1004094,Gambasca,4,1,I (alpina)
Piemonte,Cuneo,1004095,Garessio,4,1,I (alpina)
Piemonte,Cuneo,1004096,Genola,4,1,I (alpina)
Piemonte,Cuneo,1004097,Gorzegno,4,1,I (alpina)
Piemonte,Cuneo,1004098,Gottasecca,4,1,I (alpina)
Piemonte,Cuneo,1004099,Govone,4,1,I (alpina)
Piemonte,Cuneo,1004100,Grinzane Cavour,4,1,I (alpina)
Piemonte,Cuneo,1004101,Guarene,4,1,I (alpina)
Piemonte,Cuneo,1004102,Igliano,4,1,I (alpina)
Piemonte,Cuneo,1004103,Isasca,4,1,I (alpina)
Piemonte,Cuneo,1004105,La Morra,4,1,I (alpina)
Piemonte,Cuneo,1004104,Lagnasco,4,1,I (alpina)
Piemonte,Cuneo,1004106,Lequio Berria,4,1,I (alpina)
Piemonte,Cuneo,1004107,Lequio Tanaro,4,1,I (alpina)
Piemonte,Cuneo,1004108,Lesegno,4,1,I (alpina)
Piemonte,Cuneo,1004109,Levice,4,1,I (alpina)
Piemonte,Cuneo,1004110,Limone Piemonte,3,1,I (alpina)
Piemonte,Cuneo,1004111,Lisio,4,1,I (alpina)
Piemonte,Cuneo,1004112,Macra,3,1,I (alpina)
Piemonte,Cuneo,1004113,Magliano Alfieri,4,1,I (alpina)
Piemonte,Cuneo,1004114,Magliano Alpi,4,1,I (alpina)
Piemonte,Cuneo,1004115,Mango,4,1,I (alpina)
Piemonte,Cuneo,1004116,Manta,4,1,I (alpina)
Piemonte,Cuneo,1004117,Marene,4,1,I (alpina)
Piemonte,Cuneo,1004118,Margarita,4,1,I (alpina)
Piemonte,Cuneo,1004119,Marmora,3,1,I (alpina)
Piemonte,Cuneo,1004120,Marsaglia,4,1,I (alpina)
Piemonte,Cuneo,1004121,Martiniana Po,4,1,I (alpina)
Piemonte,Cuneo,1004122,Melle,3,1,I (alpina)
Piemonte,Cuneo,1004123,Moiola,3,1,I (alpina)
Piemonte,Cuneo,1004124,Mombarcaro,4,1,I (alpina)
Piemonte,Cuneo,1004125,Mombasiglio,4,1,I (alpina)
Piemonte,Cuneo,1004126,Monastero di Vasco,4,1,I (alpina)
Piemonte,Cuneo,1004127,Monasterolo Casotto,4,1,I (alpina)
Piemonte,Cuneo,1004128,Monasterolo di Savigliano,4,1,I (alpina)
Piemonte,Cuneo,1004129,Monchiero,4,1,I (alpina)
Piemonte,Cuneo,1004130,Mondovì,4,1,I (alpina)
Piemonte,Cuneo,1004131,Monesiglio,4,1,I (alpina)
Piemonte,Cuneo,1004132,Monforte d'Alba,4,1,I (alpina)
Piemonte,Cuneo,1004133,Montà,4,1,I (alpina)
Piemonte,Cuneo,1004134,Montaldo di Mondovì,4,1,I (alpina)
Piemonte,Cuneo,1004135,Montaldo Roero,4,1,I (alpina)
Piemonte,Cuneo,1004136,Montanera,4,1,I (alpina)
Piemonte,Cuneo,1004137,Montelupo Albese,4,1,I (alpina)
Piemonte,Cuneo,1004138,Montemale di Cuneo,3,1,I (alpina)
Piemonte,Cuneo,1004139,Monterosso Grana,3,1,I (alpina)
Piemonte,Cuneo,1004140,Monteu Roero,4,1,I (alpina)
Piemonte,Cuneo,1004141,Montezemolo,4,1,I (alpina)
Piemonte,Cuneo,1004142,Monticello d'Alba,4,1,I (alpina)
Piemonte,Cuneo,1004143,Moretta,4,1,I (alpina)
Piemonte,Cuneo,1004144,Morozzo,4,1,I (alpina)
Piemonte,Cuneo,1004145,Murazzano,4,1,I (alpina)
Piemonte,Cuneo,1004146,Murello,4,1,I (alpina)
Piemonte,Cuneo,1004147,Narzole,4,1,I (alpina)
Piemonte,Cuneo,1004148,Neive,4,1,I (alpina)
Piemonte,Cuneo,1004149,Neviglie,4,1,I (alpina)
Piemonte,Cuneo,1004150,Niella Belbo,4,1,I (alpina)
Piemonte,Cuneo,1004151,Niella Tanaro,4,1,I (alpina)
Piemonte,Cuneo,1004152,Novello,4,1,I (alpina)
Piemonte,Cuneo,1004153,Nucetto,4,1,I (alpina)
Piemonte,Cuneo,1004154,Oncino,3,1,I (alpina)
Piemonte,Cuneo,1004155,Ormea,3,1,I (alpina)
Piemonte,Cuneo,1004156,Ostana,3,1,I (alpina)
Piemonte,Cuneo,1004157,Paesana,3,1,I (alpina)
Piemonte,Cuneo,1004158,Pagno,4,1,I (alpina)
Piemonte,Cuneo,1004159,Pamparato,4,1,I (alpina)
Piemonte,Cuneo,1004160,Paroldo,4,1,I (alpina)
Piemonte,Cuneo,1004161,Perletto,4,1,I (alpina)
Piemonte,Cuneo,1004162,Perlo,4,1,I (alpina)
Piemonte,Cuneo,1004163,Peveragno,4,1,I (alpina)
Piemonte,Cuneo,1004164,Pezzolo Valle Uzzone,4,1,I (alpina)
Piemonte,Cuneo,1004165,Pianfei,4,1,I (alpina)
Piemonte,Cuneo,1004166,Piasco,4,1,I (alpina)
Piemonte,Cuneo,1004167,Pietraporzio,3,1,I (alpina)
Piemonte,Cuneo,1004168,Piobesi d'Alba,4,1,I (alpina)
Piemonte,Cuneo,1004169,Piozzo,4,1,I (alpina)
Piemonte,Cuneo,1004170,Pocapaglia,4,1,I (alpina)
Piemonte,Cuneo,1004171,Polonghera,4,1,I (alpina)
Piemonte,Cuneo,1004172,Pontechianale,3,1,I (alpina)
Piemonte,Cuneo,1004173,Pradleves,3,1,I (alpina)
Piemonte,Cuneo,1004174,Prazzo,3,1,I (alpina)
Piemonte,Cuneo,1004175,Priero,4,1,I (alpina)
Piemonte,Cuneo,1004176,Priocca,4,1,I (alpina)
Piemonte,Cuneo,1004177,Priola,4,1,I (alpina)
Piemonte,Cuneo,1004178,Prunetto,4,1,I (alpina)
Piemonte,Cuneo,1004179,Racconigi,4,1,I (alpina)
Piemonte,Cuneo,1004180,Revello,4,1,I (alpina)
Piemonte,Cuneo,1004181,Rifreddo,4,1,I (alpina)
Piemonte,Cuneo,1004182,Rittana,3,1,I (alpina)
Piemonte,Cuneo,1004183,Roaschia,3,1,I (alpina)
Piemonte,Cuneo,1004184,Roascio,4,1,I (alpina)
Piemonte,Cuneo,1004185,Robilante,3,1,I (alpina)
Piemonte,Cuneo,1004186,Roburent,4,1,I (alpina)
Piemonte,Cuneo,1004188,Rocca Cigliè,4,1,I (alpina)
Piemonte,Cuneo,1004189,Rocca de' Baldi,4,1,I (alpina)
Piemonte,Cuneo,1004187,Roccabruna,3,1,I (alpina)
Piemonte,Cuneo,1004190,Roccaforte Mondovì,4,1,I (alpina)
Piemonte,Cuneo,1004191,Roccasparvera,3,1,I (alpina)
Piemonte,Cuneo,1004192,Roccavione,3,1,I (alpina)
Piemonte,Cuneo,1004193,Rocchetta Belbo,4,1,I (alpina)
Piemonte,Cuneo,1004194,Roddi,4,1,I (alpina)
Piemonte,Cuneo,1004195,Roddino,4,1,I (alpina)
Piemonte,Cuneo,1004196,Rodello,4,1,I (alpina)
Piemonte,Cuneo,1004197,Rossana,4,1,I (alpina)
Piemonte,Cuneo,1004198,Ruffia,4,1,I (alpina)
Piemonte,Cuneo,1004199,Sale delle Langhe,4,1,I (alpina)
Piemonte,Cuneo,1004200,Sale San Giovanni,4,1,I (alpina)
Piemonte,Cuneo,1004201,Saliceto,4,1,I (alpina)
Piemonte,Cuneo,1004202,Salmour,4,1,I (alpina)
Piemonte,Cuneo,1004203,Saluzzo,4,1,I (alpina)
Piemonte,Cuneo,1004204,Sambuco,3,1,I (alpina)
Piemonte,Cuneo,1004205,Sampeyre,3,1,I (alpina)
Piemonte,Cuneo,1004206,San Benedetto Belbo,4,1,I (alpina)
Piemonte,Cuneo,1004207,San Damiano Macra,3,1,I (alpina)
Piemonte,Cuneo,1004210,San Michele Mondovì,4,1,I (alpina)
Piemonte,Cuneo,1004208,Sanfrè,4,1,I (alpina)
Piemonte,Cuneo,1004209,Sanfront,3,1,I (alpina)
Piemonte,Cuneo,1004212,Santa Vittoria d'Alba,4,1,I (alpina)
Piemonte,Cuneo,1004211,Sant'Albano Stura,4,1,I (alpina)
Piemonte,Cuneo,1004213,Santo Stefano Belbo,4,1,I (alpina)
Piemonte,Cuneo,1004214,Santo Stefano Roero,4,1,I (alpina)
Piemonte,Cuneo,1004215,Savigliano,4,1,I (alpina)
Piemonte,Cuneo,1004216,Scagnello,4,1,I (alpina)
Piemonte,Cuneo,1004217,Scarnafigi,4,1,I (alpina)
Piemonte,Cuneo,1004218,Serralunga d'Alba,4,1,I (alpina)
Piemonte,Cuneo,1004219,Serravalle Langhe,4,1,I (alpina)
Piemonte,Cuneo,1004220,Sinio,4,1,I (alpina)
Piemonte,Cuneo,1004221,Somano,4,1,I (alpina)
Piemonte,Cuneo,1004222,Sommariva del Bosco,4,1,I (alpina)
Piemonte,Cuneo,1004223,Sommariva Perno,4,1,I (alpina)
Piemonte,Cuneo,1004224,Stroppo,3,1,I (alpina)
Piemonte,Cuneo,1004225,Tarantasca,4,1,I (alpina)
Piemonte,Cuneo,1004226,Torre Bormida,4,1,I (alpina)
Piemonte,Cuneo,1004227,Torre Mondovì,4,1,I (alpina)
Piemonte,Cuneo,1004228,Torre San Giorgio,4,1,I (alpina)
Piemonte,Cuneo,1004229,Torresina,4,1,I (alpina)
Piemonte,Cuneo,1004230,Treiso,4,1,I (alpina)
Piemonte,Cuneo,1004231,Trezzo Tinella,4,1,I (alpina)
Piemonte,Cuneo,1004232,Trinità,4,1,I (alpina)
Piemonte,Cuneo,1004233,Valdieri,3,1,I (alpina)
Piemonte,Cuneo,1004234,Valgrana,3,1,I (alpina)
Piemonte,Cuneo,1004235,Valloriate,3,1,I (alpina)
Piemonte,Cuneo,1004236,Valmala,3,1,I (alpina)
Piemonte,Cuneo,1004237,Venasca,4,1,I (alpina)
Piemonte,Cuneo,1004238,Verduno,4,1,I (alpina)
Piemonte,Cuneo,1004239,Vernante,3,1,I (alpina)
Piemonte,Cuneo,1004240,Verzuolo,4,1,I (alpina)
Piemonte,Cuneo,1004241,Vezza d'Alba,4,1,I (alpina)
Piemonte,Cuneo,1004242,Vicoforte,4,1,I (alpina)
Piemonte,Cuneo,1004243,Vignolo,3,1,I (alpina)
Piemonte,Cuneo,1004244,Villafalletto,4,1,I (alpina)
Piemonte,Cuneo,1004245,Villanova Mondovì,4,1,I (alpina)
Piemonte,Cuneo,1004246,Villanova Solaro,4,1,I (alpina)
Piemonte,Cuneo,1004247,Villar San Costanzo,3,1,I (alpina)
Piemonte,Cuneo,1004248,Vinadio,3,1,I (alpina)
Piemonte,Cuneo,1004249,Viola,4,1,I (alpina)
Piemonte,Cuneo,1004250,Vottignasco,4,1,I (alpina)
Piemonte,Novara,1003001,Agrate Conturbia,4,1,I (mediterranea)
Piemonte,Novara,1003002,Ameno,4,1,I (mediterranea)
Piemonte,Novara,1003006,Armeno,4,1,I (mediterranea)
Piemonte,Novara,1003008,Arona,4,1,I (mediterranea)
Piemonte,Novara,1003012,Barengo,4,1,I (mediterranea)
Piemonte,Novara,1003016,Bellinzago Novarese,4,1,I (mediterranea)
Piemonte,Novara,1003018,Biandrate,4,1,I (mediterranea)
Piemonte,Novara,1003019,Boca,4,1,I (mediterranea)
Piemonte,Novara,1003021,Bogogno,4,1,I (mediterranea)
Piemonte,Novara,1003022,Bolzano Novarese,4,1,I (mediterranea)
Piemonte,Novara,1003025,Borgo Ticino,4,1,I (mediterranea)
Piemonte,Novara,1003023,Borgolavezzaro,4,1,I (mediterranea)
Piemonte,Novara,1003024,Borgomanero,4,1,I (mediterranea)
Piemonte,Novara,1003026,Briga Novarese,4,1,I (mediterranea)
Piemonte,Novara,1003027,Briona,4,1,I (mediterranea)
Piemonte,Novara,1003030,Caltignaga,4,1,I (mediterranea)
Piemonte,Novara,1003032,Cameri,4,1,I (mediterranea)
Piemonte,Novara,1003036,Carpignano Sesia,4,1,I (mediterranea)
Piemonte,Novara,1003037,Casalbeltrame,4,1,I (mediterranea)
Piemonte,Novara,1003039,Casaleggio Novara,4,1,I (mediterranea)
Piemonte,Novara,1003040,Casalino,4,1,I (mediterranea)
Piemonte,Novara,1003041,Casalvolone,4,1,I (mediterranea)
Piemonte,Novara,1003042,Castellazzo Novarese,4,1,I (mediterranea)
Piemonte,Novara,1003043,Castelletto sopra Ticino,4,1,I (mediterranea)
Piemonte,Novara,1003044,Cavaglietto,4,1,I (mediterranea)
Piemonte,Novara,1003045,Cavaglio d'Agogna,4,1,I (mediterranea)
Piemonte,Novara,1003047,Cavallirio,4,1,I (mediterranea)
Piemonte,Novara,1003049,Cerano,4,1,I (mediterranea)
Piemonte,Novara,1003051,Colazza,4,1,I (mediterranea)
Piemonte,Novara,1003052,Comignago,4,1,I (mediterranea)
Piemonte,Novara,1003055,Cressa,4,1,I (mediterranea)
Piemonte,Novara,1003058,Cureggio,4,1,I (mediterranea)
Piemonte,Novara,1003060,Divignano,4,1,I (mediterranea)
Piemonte,Novara,1003062,Dormelletto,4,1,I (mediterranea)
Piemonte,Novara,1003065,Fara Novarese,4,1,I (mediterranea)
Piemonte,Novara,1003066,Fontaneto d'Agogna,4,1,I (mediterranea)
Piemonte,Novara,1003068,Galliate,4,1,I (mediterranea)
Piemonte,Novara,1003069,Garbagna Novarese,4,1,I (mediterranea)
Piemonte,Novara,1003070,Gargallo,4,1,I (mediterranea)
Piemonte,Novara,1003071,Gattico,4,1,I (mediterranea)
Piemonte,Novara,1003073,Ghemme,4,1,I (mediterranea)
Piemonte,Novara,1003076,Gozzano,4,1,I (mediterranea)
Piemonte,Novara,1003077,Granozzo con Monticello,4,1,I (mediterranea)
Piemonte,Novara,1003079,Grignasco,4,1,I (mediterranea)
Piemonte,Novara,1003082,Invorio,4,1,I (mediterranea)
Piemonte,Novara,1003083,Landiona,4,1,I (mediterranea)
Piemonte,Novara,1003084,Lesa,4,1,I (mediterranea)
Piemonte,Novara,1003088,Maggiora,4,1,I (mediterranea)
Piemonte,Novara,1003090,Mandello Vitta,4,1,I (mediterranea)
Piemonte,Novara,1003091,Marano Ticino,4,1,I (mediterranea)
Piemonte,Novara,1003093,Massino Visconti,4,1,I (mediterranea)
Piemonte,Novara,1003095,Meina,4,1,I (mediterranea)
Piemonte,Novara,1003097,Mezzomerico,4,1,I (mediterranea)
Piemonte,Novara,1003098,Miasino,4,1,I (mediterranea)
Piemonte,Novara,1003100,Momo,4,1,I (mediterranea)
Piemonte,Novara,1003103,Nebbiuno,4,1,I (mediterranea)
Piemonte,Novara,1003104,Nibbiola,4,1,I (mediterranea)
Piemonte,Novara,1003106,Novara,4,1,I (mediterranea)
Piemonte,Novara,1003108,Oleggio,4,1,I (mediterranea)
Piemonte,Novara,1003109,Oleggio Castello,4,1,I (mediterranea)
Piemonte,Novara,1003112,Orta San Giulio,4,1,I (mediterranea)
Piemonte,Novara,1003114,Paruzzaro,4,1,I (mediterranea)
Piemonte,Novara,1003115,Pella,4,1,I (mediterranea)
Piemonte,Novara,1003116,Pettenasco,4,1,I (mediterranea)
Piemonte,Novara,1003119,Pisano,4,1,I (mediterranea)
Piemonte,Novara,1003120,Pogno,4,1,I (mediterranea)
Piemonte,Novara,1003121,Pombia,4,1,I (mediterranea)
Piemonte,Novara,1003122,Prato Sesia,4,1,I (mediterranea)
Piemonte,Novara,1003129,Recetto,4,1,I (mediterranea)
Piemonte,Novara,1003130,Romagnano Sesia,4,1,I (mediterranea)
Piemonte,Novara,1003131,Romentino,4,1,I (mediterranea)
Piemonte,Novara,1003133,San Maurizio d'Opaglio,4,1,I (mediterranea)
Piemonte,Novara,1003134,San Nazzaro Sesia,4,1,I (mediterranea)
Piemonte,Novara,1003135,San Pietro Mosezzo,4,1,I (mediterranea)
Piemonte,Novara,1003138,Sillavengo,4,1,I (mediterranea)
Piemonte,Novara,1003139,Sizzano,4,1,I (mediterranea)
Piemonte,Novara,1003140,Soriso,4,1,I (mediterranea)
Piemonte,Novara,1003141,Sozzago,4,1,I (mediterranea)
Piemonte,Novara,1003143,Suno,4,1,I (mediterranea)
Piemonte,Novara,1003144,Terdobbiate,4,1,I (mediterranea)
Piemonte,Novara,1003146,Tornaco,4,1,I (mediterranea)
Piemonte,Novara,1003149,Trecate,4,1,I (mediterranea)
Piemonte,Novara,1003153,Vaprio d'Agogna,4,1,I (mediterranea)
Piemonte,Novara,1003154,Varallo Pombia,4,1,I (mediterranea)
Piemonte,Novara,1003157,Veruno,4,1,I (mediterranea)
Piemonte,Novara,1003158,Vespolate,4,1,I (mediterranea)
Piemonte,Novara,1003159,Vicolungo,4,1,I (mediterranea)
Piemonte,Novara,1003164,Vinzaglio,4,1,I (mediterranea)
Piemonte,Torino,1001001,Agliè,4,1,I (alpina)
Piemonte,Torino,1001002,Airasca,4,1,I (alpina)
Piemonte,Torino,1001003,Ala di Stura,4,1,I (alpina)
Piemonte,Torino,1001004,Albiano d'Ivrea,4,1,I (alpina)
Piemonte,Torino,1001005,Alice Superiore,4,1,I (alpina)
Piemonte,Torino,1001006,Almese,3,1,I (alpina)
Piemonte,Torino,1001007,Alpette,4,1,I (alpina)
Piemonte,Torino,1001008,Alpignano,4,1,I (alpina)
Piemonte,Torino,1001009,Andezeno,4,1,I (alpina)
Piemonte,Torino,1001010,Andrate,4,1,I (alpina)
Piemonte,Torino,1001011,Angrogna,2,1,I (alpina)
Piemonte,Torino,1001012,Arignano,4,1,I (alpina)
Piemonte,Torino,1001013,Avigliana,3,1,I (alpina)
Piemonte,Torino,1001014,Azeglio,4,1,I (alpina)
Piemonte,Torino,1001015,Bairo,4,1,I (alpina)
Piemonte,Torino,1001016,Balangero,4,1,I (alpina)
Piemonte,Torino,1001017,Baldissero Canavese,4,1,I (alpina)
Piemonte,Torino,1001018,Baldissero Torinese,4,1,I (alpina)
Piemonte,Torino,1001019,Balme,4,1,I (alpina)
Piemonte,Torino,1001020,Banchette,4,1,I (alpina)
Piemonte,Torino,1001021,Barbania,4,1,I (alpina)
Piemonte,Torino,1001022,Bardonecchia,3,1,I (alpina)
Piemonte,Torino,1001023,Barone Canavese,4,1,I (alpina)
Piemonte,Torino,1001024,Beinasco,4,1,I (alpina)
Piemonte,Torino,1001025,Bibiana,2,1,I (alpina)
Piemonte,Torino,1001026,Bobbio Pellice,2,1,I (alpina)
Piemonte,Torino,1001027,Bollengo,4,1,I (alpina)
Piemonte,Torino,1001028,Borgaro Torinese,4,1,I (alpina)
Piemonte,Torino,1001029,Borgiallo,4,1,I (alpina)
Piemonte,Torino,1001030,Borgofranco d'Ivrea,4,1,I (alpina)
Piemonte,Torino,1001031,Borgomasino,4,1,I (alpina)
Piemonte,Torino,1001032,Borgone Susa,3,1,I (alpina)
Piemonte,Torino,1001033,Bosconero,4,1,I (alpina)
Piemonte,Torino,1001034,Brandizzo,4,1,I (alpina)
Piemonte,Torino,1001035,Bricherasio,2,1,I (alpina)
Piemonte,Torino,1001036,Brosso,4,1,I (alpina)
Piemonte,Torino,1001037,Brozolo,4,1,I (alpina)
Piemonte,Torino,1001038,Bruino,4,1,I (alpina)
Piemonte,Torino,1001039,Brusasco,4,1,I (alpina)
Piemonte,Torino,1001040,Bruzolo,3,1,I (alpina)
Piemonte,Torino,1001041,Buriasco,3,1,I (alpina)
Piemonte,Torino,1001042,Burolo,4,1,I (alpina)
Piemonte,Torino,1001043,Busano,4,1,I (alpina)
Piemonte,Torino,1001044,Bussoleno,3,1,I (alpina)
Piemonte,Torino,1001045,Buttigliera Alta,3,1,I (alpina)
Piemonte,Torino,1001046,Cafasse,4,1,I (alpina)
Piemonte,Torino,1001047,Caluso,4,1,I (alpina)
Piemonte,Torino,1001048,Cambiano,4,1,I (alpina)
Piemonte,Torino,1001049,Campiglione-Fenile,2,1,I (alpina)
Piemonte,Torino,1001050,Candia Canavese,4,1,I (alpina)
Piemonte,Torino,1001051,Candiolo,4,1,I (alpina)
Piemonte,Torino,1001052,Canischio,4,1,I (alpina)
Piemonte,Torino,1001053,Cantalupa,2,1,I (alpina)
Piemonte,Torino,1001054,Cantoira,4,1,I (alpina)
Piemonte,Torino,1001055,Caprie,3,1,I (alpina)
Piemonte,Torino,1001056,Caravino,4,1,I (alpina)
Piemonte,Torino,1001057,Carema,4,1,I (alpina)
Piemonte,Torino,1001058,Carignano,4,1,I (alpina)
Piemonte,Torino,1001059,Carmagnola,4,1,I (alpina)
Piemonte,Torino,1001060,Casalborgone,4,1,I (alpina)
Piemonte,Torino,1001061,Cascinette d'Ivrea,4,1,I (alpina)
Piemonte,Torino,1001062,Caselette,4,1,I (alpina)
Piemonte,Torino,1001063,Caselle Torinese,4,1,I (alpina)
Piemonte,Torino,1001064,Castagneto Po,4,1,I (alpina)
Piemonte,Torino,1001065,Castagnole Piemonte,4,1,I (alpina)
Piemonte,Torino,1001066,Castellamonte,4,1,I (alpina)
Piemonte,Torino,1001067,Castelnuovo Nigra,4,1,I (alpina)
Piemonte,Torino,1001068,Castiglione Torinese,4,1,I (alpina)
Piemonte,Torino,1001069,Cavagnolo,4,1,I (alpina)
Piemonte,Torino,1001070,Cavour,3,1,I (alpina)
Piemonte,Torino,1001071,Cercenasco,4,1,I (alpina)
Piemonte,Torino,1001072,Ceres,4,1,I (alpina)
Piemonte,Torino,1001073,Ceresole Reale,4,1,I (alpina)
Piemonte,Torino,1001074,Cesana Torinese,3,1,I (alpina)
Piemonte,Torino,1001075,Chialamberto,4,1,I (alpina)
Piemonte,Torino,1001076,Chianocco,3,1,I (alpina)
Piemonte,Torino,1001077,Chiaverano,4,1,I (alpina)
Piemonte,Torino,1001078,Chieri,4,1,I (alpina)
Piemonte,Torino,1001079,Chiesanuova,4,1,I (alpina)
Piemonte,Torino,1001080,Chiomonte,3,1,I (alpina)
Piemonte,Torino,1001081,Chiusa di San Michele,3,1,I (alpina)
Piemonte,Torino,1001082,Chivasso,4,1,I (alpina)
Piemonte,Torino,1001083,Ciconio,4,1,I (alpina)
Piemonte,Torino,1001084,Cintano,4,1,I (alpina)
Piemonte,Torino,1001085,Cinzano,4,1,I (alpina)
Piemonte,Torino,1001086,Ciriè,4,1,I (alpina)
Piemonte,Torino,1001087,Claviere,3,1,I (alpina)
Piemonte,Torino,1001088,Coassolo Torinese,4,1,I (alpina)
Piemonte,Torino,1001089,Coazze,2,1,I (alpina)
Piemonte,Torino,1001090,Collegno,4,1,I (alpina)
Piemonte,Torino,1001091,Colleretto Castelnuovo,4,1,I (alpina)
Piemonte,Torino,1001092,Colleretto Giacosa,4,1,I (alpina)
Piemonte,Torino,1001093,Condove,3,1,I (alpina)
Piemonte,Torino,1001094,Corio,4,1,I (alpina)
Piemonte,Torino,1001095,Cossano Canavese,4,1,I (alpina)
Piemonte,Torino,1001096,Cuceglio,4,1,I (alpina)
Piemonte,Torino,1001097,Cumiana,2,1,I (alpina)
Piemonte,Torino,1001098,Cuorgnè,4,1,I (alpina)
Piemonte,Torino,1001099,Druento,4,1,I (alpina)
Piemonte,Torino,1001100,Exilles,3,1,I (alpina)
Piemonte,Torino,1001101,Favria,4,1,I (alpina)
Piemonte,Torino,1001102,Feletto,4,1,I (alpina)
Piemonte,Torino,1001103,Fenestrelle,2,1,I (alpina)
Piemonte,Torino,1001104,Fiano,4,1,I (alpina)
Piemonte,Torino,1001105,Fiorano Canavese,4,1,I (alpina)
Piemonte,Torino,1001106,Foglizzo,4,1,I (alpina)
Piemonte,Torino,1001107,Forno Canavese,4,1,I (alpina)
Piemonte,Torino,1001108,Frassinetto,4,1,I (alpina)
Piemonte,Torino,1001109,Front,4,1,I (alpina)
Piemonte,Torino,1001110,Frossasco,2,1,I (alpina)
Piemonte,Torino,1001111,Garzigliana,2,1,I (alpina)
Piemonte,Torino,1001112,Gassino Torinese,4,1,I (alpina)
Piemonte,Torino,1001113,Germagnano,4,1,I (alpina)
Piemonte,Torino,1001114,Giaglione,3,1,I (alpina)
Piemonte,Torino,1001115,Giaveno,2,1,I (alpina)
Piemonte,Torino,1001116,Givoletto,4,1,I (alpina)
Piemonte,Torino,1001117,Gravere,3,1,I (alpina)
Piemonte,Torino,1001118,Groscavallo,4,1,I (alpina)
Piemonte,Torino,1001119,Grosso,4,1,I (alpina)
Piemonte,Torino,1001120,Grugliasco,4,1,I (alpina)
Piemonte,Torino,1001121,Ingria,4,1,I (alpina)
Piemonte,Torino,1001122,Inverso Pinasca,2,1,I (alpina)
Piemonte,Torino,1001123,Isolabella,4,1,I (alpina)
Piemonte,Torino,1001124,Issiglio,4,1,I (alpina)
Piemonte,Torino,1001125,Ivrea,4,1,I (alpina)
Piemonte,Torino,1001126,La Cassa,4,1,I (alpina)
Piemonte,Torino,1001127,La Loggia,4,1,I (alpina)
Piemonte,Torino,1001128,Lanzo Torinese,4,1,I (alpina)
Piemonte,Torino,1001129,Lauriano,4,1,I (alpina)
Piemonte,Torino,1001130,Leini,4,1,I (alpina)
Piemonte,Torino,1001131,Lemie,4,1,I (alpina)
Piemonte,Torino,1001132,Lessolo,4,1,I (alpina)
Piemonte,Torino,1001133,Levone,4,1,I (alpina)
Piemonte,Torino,1001134,Locana,4,1,I (alpina)
Piemonte,Torino,1001135,Lombardore,4,1,I (alpina)
Piemonte,Torino,1001136,Lombriasco,4,1,I (alpina)
Piemonte,Torino,1001137,Loranzè,4,1,I (alpina)
Piemonte,Torino,1001138,Lugnacco,4,1,I (alpina)
Piemonte,Torino,1001139,Luserna San Giovanni,2,1,I (alpina)
Piemonte,Torino,1001140,Lusernetta,2,1,I (alpina)
Piemonte,Torino,1001141,Lusigliè,4,1,I (alpina)
Piemonte,Torino,1001142,Macello,2,1,I (alpina)
Piemonte,Torino,1001143,Maglione,4,1,I (alpina)
Piemonte,Torino,1001144,Marentino,4,1,I (alpina)
Piemonte,Torino,1001145,Massello,2,1,I (alpina)
Piemonte,Torino,1001146,Mathi,4,1,I (alpina)
Piemonte,Torino,1001147,Mattie,3,1,I (alpina)
Piemonte,Torino,1001148,Mazzè,4,1,I (alpina)
Piemonte,Torino,1001149,Meana di Susa,3,1,I (alpina)
Piemonte,Torino,1001150,Mercenasco,4,1,I (alpina)
Piemonte,Torino,1001151,Meugliano,4,1,I (alpina)
Piemonte,Torino,1001152,Mezzenile,4,1,I (alpina)
Piemonte,Torino,1001153,Mombello di Torino,4,1,I (alpina)
Piemonte,Torino,1001154,Mompantero,3,1,I (alpina)
Piemonte,Torino,1001155,Monastero di Lanzo,4,1,I (alpina)
Piemonte,Torino,1001156,Moncalieri,4,1,I (alpina)
Piemonte,Torino,1001157,Moncenisio,4,1,I (alpina)
Piemonte,Torino,1001158,Montaldo Torinese,4,1,I (alpina)
Piemonte,Torino,1001159,Montalenghe,4,1,I (alpina)
Piemonte,Torino,1001160,Montalto Dora,4,1,I (alpina)
Piemonte,Torino,1001161,Montanaro,4,1,I (alpina)
Piemonte,Torino,1001162,Monteu da Po,4,1,I (alpina)
Piemonte,Torino,1001163,Moriondo Torinese,4,1,I (alpina)
Piemonte,Torino,1001164,Nichelino,4,1,I (alpina)
Piemonte,Torino,1001165,Noasca,4,1,I (alpina)
Piemonte,Torino,1001166,Nole,4,1,I (alpina)
Piemonte,Torino,1001167,Nomaglio,4,1,I (alpina)
Piemonte,Torino,1001168,None,4,1,I (alpina)
Piemonte,Torino,1001169,Novalesa,4,1,I (alpina)
Piemonte,Torino,1001170,Oglianico,4,1,I (alpina)
Piemonte,Torino,1001171,Orbassano,4,1,I (alpina)
Piemonte,Torino,1001172,Orio Canavese,4,1,I (alpina)
Piemonte,Torino,1001173,Osasco,2,1,I (alpina)
Piemonte,Torino,1001174,Osasio,4,1,I (alpina)
Piemonte,Torino,1001175,Oulx,3,1,I (alpina)
Piemonte,Torino,1001176,Ozegna,4,1,I (alpina)
Piemonte,Torino,1001177,Palazzo Canavese,4,1,I (alpina)
Piemonte,Torino,1001178,Pancalieri,4,1,I (alpina)
Piemonte,Torino,1001179,Parella,4,1,I (alpina)
Piemonte,Torino,1001180,Pavarolo,4,1,I (alpina)
Piemonte,Torino,1001181,Pavone Canavese,4,1,I (alpina)
Piemonte,Torino,1001182,Pecco,4,1,I (alpina)
Piemonte,Torino,1001183,Pecetto Torinese,4,1,I (alpina)
Piemonte,Torino,1001184,Perosa Argentina,2,1,I (alpina)
Piemonte,Torino,1001185,Perosa Canavese,4,1,I (alpina)
Piemonte,Torino,1001186,Perrero,2,1,I (alpina)
Piemonte,Torino,1001187,Pertusio,4,1,I (alpina)
Piemonte,Torino,1001188,Pessinetto,4,1,I (alpina)
Piemonte,Torino,1001189,Pianezza,4,1,I (alpina)
Piemonte,Torino,1001190,Pinasca,2,1,I (alpina)
Piemonte,Torino,1001191,Pinerolo,2,1,I (alpina)
Piemonte,Torino,1001192,Pino Torinese,4,1,I (alpina)
Piemonte,Torino,1001193,Piobesi Torinese,4,1,I (alpina)
Piemonte,Torino,1001194,Piossasco,4,1,I (alpina)
Piemonte,Torino,1001195,Piscina,3,1,I (alpina)
Piemonte,Torino,1001196,Piverone,4,1,I (alpina)
Piemonte,Torino,1001197,Poirino,4,1,I (alpina)
Piemonte,Torino,1001198,Pomaretto,2,1,I (alpina)
Piemonte,Torino,1001199,Pont-Canavese,4,1,I (alpina)
Piemonte,Torino,1001200,Porte,2,1,I (alpina)
Piemonte,Torino,1001201,Pragelato,3,1,I (alpina)
Piemonte,Torino,1001202,Prali,2,1,I (alpina)
Piemonte,Torino,1001203,Pralormo,4,1,I (alpina)
Piemonte,Torino,1001204,Pramollo,2,1,I (alpina)
Piemonte,Torino,1001205,Prarostino,2,1,I (alpina)
Piemonte,Torino,1001206,Prascorsano,4,1,I (alpina)
Piemonte,Torino,1001207,Pratiglione,4,1,I (alpina)
Piemonte,Torino,1001208,Quagliuzzo,4,1,I (alpina)
Piemonte,Torino,1001209,Quassolo,4,1,I (alpina)
Piemonte,Torino,1001210,Quincinetto,4,1,I (alpina)
Piemonte,Torino,1001211,Reano,3,1,I (alpina)
Piemonte,Torino,1001212,Ribordone,4,1,I (alpina)
Piemonte,Torino,1001215,Riva presso Chieri,4,1,I (alpina)
Piemonte,Torino,1001213,Rivalba,4,1,I (alpina)
Piemonte,Torino,1001214,Rivalta di Torino,4,1,I (alpina)
Piemonte,Torino,1001216,Rivara,4,1,I (alpina)
Piemonte,Torino,1001217,Rivarolo Canavese,4,1,I (alpina)
Piemonte,Torino,1001218,Rivarossa,4,1,I (alpina)
Piemonte,Torino,1001219,Rivoli,4,1,I (alpina)
Piemonte,Torino,1001220,Robassomero,4,1,I (alpina)
Piemonte,Torino,1001221,Rocca Canavese,4,1,I (alpina)
Piemonte,Torino,1001222,Roletto,2,1,I (alpina)
Piemonte,Torino,1001223,Romano Canavese,4,1,I (alpina)
Piemonte,Torino,1001224,Ronco Canavese,4,1,I (alpina)
Piemonte,Torino,1001225,Rondissone,4,1,I (alpina)
Piemonte,Torino,1001226,Rorà,2,1,I (alpina)
Piemonte,Torino,1001228,Rosta,4,1,I (alpina)
Piemonte,Torino,1001227,Roure,2,1,I (alpina)
Piemonte,Torino,1001229,Rubiana,3,1,I (alpina)
Piemonte,Torino,1001230,Rueglio,4,1,I (alpina)
Piemonte,Torino,1001231,Salassa,4,1,I (alpina)
Piemonte,Torino,1001232,Salbertrand,3,1,I (alpina)
Piemonte,Torino,1001233,Salerano Canavese,4,1,I (alpina)
Piemonte,Torino,1001234,Salza di Pinerolo,2,1,I (alpina)
Piemonte,Torino,1001235,Samone,4,1,I (alpina)
Piemonte,Torino,1001236,San Benigno Canavese,4,1,I (alpina)
Piemonte,Torino,1001237,San Carlo Canavese,4,1,I (alpina)
Piemonte,Torino,1001238,San Colombano Belmonte,4,1,I (alpina)
Piemonte,Torino,1001239,San Didero,3,1,I (alpina)
Piemonte,Torino,1001240,San Francesco al Campo,4,1,I (alpina)
Piemonte,Torino,1001242,San Germano Chisone,2,1,I (alpina)
Piemonte,Torino,1001243,San Gillio,4,1,I (alpina)
Piemonte,Torino,1001244,San Giorgio Canavese,4,1,I (alpina)
Piemonte,Torino,1001245,San Giorio di Susa,3,1,I (alpina)
Piemonte,Torino,1001246,San Giusto Canavese,4,1,I (alpina)
Piemonte,Torino,1001247,San Martino Canavese,4,1,I (alpina)
Piemonte,Torino,1001248,San Maurizio Canavese,4,1,I (alpina)
Piemonte,Torino,1001249,San Mauro Torinese,4,1,I (alpina)
Piemonte,Torino,1001250,San Pietro Val Lemina,2,1,I (alpina)
Piemonte,Torino,1001251,San Ponso,4,1,I (alpina)
Piemonte,Torino,1001252,San Raffaele Cimena,4,1,I (alpina)
Piemonte,Torino,1001253,San Sebastiano da Po,4,1,I (alpina)
Piemonte,Torino,1001254,San Secondo di Pinerolo,2,1,I (alpina)
Piemonte,Torino,1001241,Sangano,4,1,I (alpina)
Piemonte,Torino,1001255,Sant'Ambrogio di Torino,3,1,I (alpina)
Piemonte,Torino,1001256,Sant'Antonino di Susa,2,1,I (alpina)
Piemonte,Torino,1001257,Santena,4,1,I (alpina)
Piemonte,Torino,1001258,Sauze di Cesana,3,1,I (alpina)
Piemonte,Torino,1001259,Sauze d'Oulx,3,1,I (alpina)
Piemonte,Torino,1001260,Scalenghe,4,1,I (alpina)
Piemonte,Torino,1001261,Scarmagno,4,1,I (alpina)
Piemonte,Torino,1001262,Sciolze,4,1,I (alpina)
Piemonte,Torino,1001263,Sestriere,3,1,I (alpina)
Piemonte,Torino,1001264,Settimo Rottaro,4,1,I (alpina)
Piemonte,Torino,1001265,Settimo Torinese,4,1,I (alpina)
Piemonte,Torino,1001266,Settimo Vittone,4,1,I (alpina)
Piemonte,Torino,1001267,Sparone,4,1,I (alpina)
Piemonte,Torino,1001268,Strambinello,4,1,I (alpina)
Piemonte,Torino,1001269,Strambino,4,1,I (alpina)
Piemonte,Torino,1001270,Susa,3,1,I (alpina)
Piemonte,Torino,1001271,Tavagnasco,4,1,I (alpina)
Piemonte,Torino,1001272,Torino,4,1,I (alpina)
Piemonte,Torino,1001273,Torrazza Piemonte,4,1,I (alpina)
Piemonte,Torino,1001274,Torre Canavese,4,1,I (alpina)
Piemonte,Torino,1001275,Torre Pellice,2,1,I (alpina)
Piemonte,Torino,1001276,Trana,3,1,I (alpina)
Piemonte,Torino,1001277,Trausella,4,1,I (alpina)
Piemonte,Torino,1001278,Traversella,4,1,I (alpina)
Piemonte,Torino,1001279,Traves,4,1,I (alpina)
Piemonte,Torino,1001280,Trofarello,4,1,I (alpina)
Piemonte,Torino,1001281,Usseaux,2,1,I (alpina)
Piemonte,Torino,1001282,Usseglio,4,1,I (alpina)
Piemonte,Torino,1001283,Vaie,3,1,I (alpina)
Piemonte,Torino,1001284,Val della Torre,4,1,I (alpina)
Piemonte,Torino,1001285,Valgioie,3,1,I (alpina)
Piemonte,Torino,1001286,Vallo Torinese,4,1,I (alpina)
Piemonte,Torino,1001287,Valperga,4,1,I (alpina)
Piemonte,Torino,1001288,Valprato Soana,4,1,I (alpina)
Piemonte,Torino,1001289,Varisella,4,1,I (alpina)
Piemonte,Torino,1001290,Vauda Canavese,4,1,I (alpina)
Piemonte,Torino,1001292,Venaria Reale,4,1,I (alpina)
Piemonte,Torino,1001291,Venaus,3,1,I (alpina)
Piemonte,Torino,1001293,Verolengo,4,1,I (alpina)
Piemonte,Torino,1001294,Verrua Savoia,4,1,I (alpina)
Piemonte,Torino,1001295,Vestignè,4,1,I (alpina)
Piemonte,Torino,1001296,Vialfrè,4,1,I (alpina)
Piemonte,Torino,1001297,Vico Canavese,4,1,I (alpina)
Piemonte,Torino,1001298,Vidracco,4,1,I (alpina)
Piemonte,Torino,1001299,Vigone,4,1,I (alpina)
Piemonte,Torino,1001300,Villafranca Piemonte,4,1,I (alpina)
Piemonte,Torino,1001301,Villanova Canavese,4,1,I (alpina)
Piemonte,Torino,1001303,Villar Dora,3,1,I (alpina)
Piemonte,Torino,1001305,Villar Focchiardo,2,1,I (alpina)
Piemonte,Torino,1001306,Villar Pellice,2,1,I (alpina)
Piemonte,Torino,1001307,Villar Perosa,2,1,I (alpina)
Piemonte,Torino,1001302,Villarbasse,4,1,I (alpina)
Piemonte,Torino,1001304,Villareggia,4,1,I (alpina)
Piemonte,Torino,1001308,Villastellone,4,1,I (alpina)
Piemonte,Torino,1001309,Vinovo,4,1,I (alpina)
Piemonte,Torino,1001310,Virle Piemonte,4,1,I (alpina)
Piemonte,Torino,1001311,Vische,4,1,I (alpina)
Piemonte,Torino,1001312,Vistrorio,4,1,I (alpina)
Piemonte,Torino,1001313,Viù,4,1,I (alpina)
Piemonte,Torino,1001314,Volpiano,4,1,I (alpina)
Piemonte,Torino,1001315,Volvera,4,1,I (alpina)
Piemonte,Verbano-Cusio-Ossola,1103001,Antrona Schieranco,3,1,I (alpina)
Piemonte,Verbano-Cusio-Ossola,1103002,Anzola d'Ossola,4,1,I (alpina)
Piemonte,Verbano-Cusio-Ossola,1103003,Arizzano,4,1,I (alpina)
Piemonte,Verbano-Cusio-Ossola,1103004,Arola,4,1,I (alpina)
Piemonte,Verbano-Cusio-Ossola,1103005,Aurano,4,1,I (alpina)
Piemonte,Verbano-Cusio-Ossola,1103006,Baceno,3,1,I (alpina)
Piemonte,Verbano-Cusio-Ossola,1103007,Bannio Anzino,4,1,I (alpina)
Piemonte,Verbano-Cusio-Ossola,1103008,Baveno,4,1,I (alpina)
Piemonte,Verbano-Cusio-Ossola,1103009,Bee,4,1,I (alpina)
Piemonte,Verbano-Cusio-Ossola,1103010,Belgirate,4,1,I (alpina)
Piemonte,Verbano-Cusio-Ossola,1103011,Beura-Cardezza,3,1,I (alpina)
Piemonte,Verbano-Cusio-Ossola,1103012,Bognanco,3,1,I (alpina)
Piemonte,Verbano-Cusio-Ossola,1103013,Brovello-Carpugnino,4,1,I (alpina)
Piemonte,Verbano-Cusio-Ossola,1103014,Calasca-Castiglione,3,1,I (alpina)
Piemonte,Verbano-Cusio-Ossola,1103015,Cambiasca,4,1,I (alpina)
Piemonte,Verbano-Cusio-Ossola,1103016,Cannero Riviera,4,1,I (alpina)
Piemonte,Verbano-Cusio-Ossola,1103017,Cannobio,4,1,I (alpina)
Piemonte,Verbano-Cusio-Ossola,1103018,Caprezzo,4,1,I (alpina)
Piemonte,Verbano-Cusio-Ossola,1103019,Casale Corte Cerro,4,1,I (alpina)
Piemonte,Verbano-Cusio-Ossola,1103020,Cavaglio-Spoccia,4,1,I (alpina)
Piemonte,Verbano-Cusio-Ossola,1103021,Ceppo Morelli,3,1,I (alpina)
Piemonte,Verbano-Cusio-Ossola,1103022,Cesara,4,1,I (alpina)
Piemonte,Verbano-Cusio-Ossola,1103023,Cossogno,4,1,I (alpina)
Piemonte,Verbano-Cusio-Ossola,1103024,Craveggia,4,1,I (alpina)
Piemonte,Verbano-Cusio-Ossola,1103025,Crevoladossola,3,1,I (alpina)
Piemonte,Verbano-Cusio-Ossola,1103026,Crodo,3,1,I (alpina)
Piemonte,Verbano-Cusio-Ossola,1103027,Cursolo-Orasso,4,1,I (alpina)
Piemonte,Verbano-Cusio-Ossola,1103028,Domodossola,3,1,I (alpina)
Piemonte,Verbano-Cusio-Ossola,1103029,Druogno,4,1,I (alpina)
Piemonte,Verbano-Cusio-Ossola,1103030,Falmenta,4,1,I (alpina)
Piemonte,Verbano-Cusio-Ossola,1103031,Formazza,4,1,I (alpina)
Piemonte,Verbano-Cusio-Ossola,1103032,Germagno,4,1,I (alpina)
Piemonte,Verbano-Cusio-Ossola,1103033,Ghiffa,4,1,I (alpina)
Piemonte,Verbano-Cusio-Ossola,1103034,Gignese,4,1,I (alpina)
Piemonte,Verbano-Cusio-Ossola,1103035,Gravellona Toce,4,1,I (alpina)
Piemonte,Verbano-Cusio-Ossola,1103036,Gurro,4,1,I (alpina)
Piemonte,Verbano-Cusio-Ossola,1103037,Intragna,4,1,I (alpina)
Piemonte,Verbano-Cusio-Ossola,1103038,Loreglia,4,1,I (alpina)
Piemonte,Verbano-Cusio-Ossola,1103039,Macugnaga,3,1,I (alpina)
Piemonte,Verbano-Cusio-Ossola,1103040,Madonna del Sasso,4,1,I (alpina)
Piemonte,Verbano-Cusio-Ossola,1103041,Malesco,4,1,I (alpina)
Piemonte,Verbano-Cusio-Ossola,1103042,Masera,3,1,I (alpina)
Piemonte,Verbano-Cusio-Ossola,1103043,Massiola,4,1,I (alpina)
Piemonte,Verbano-Cusio-Ossola,1103044,Mergozzo,4,1,I (alpina)
Piemonte,Verbano-Cusio-Ossola,1103045,Miazzina,4,1,I (alpina)
Piemonte,Verbano-Cusio-Ossola,1103046,Montecrestese,3,1,I (alpina)
Piemonte,Verbano-Cusio-Ossola,1103047,Montescheno,3,1,I (alpina)
Piemonte,Verbano-Cusio-Ossola,1103048,Nonio,4,1,I (alpina)
Piemonte,Verbano-Cusio-Ossola,1103049,Oggebbio,4,1,I (alpina)
Piemonte,Verbano-Cusio-Ossola,1103050,Omegna,4,1,I (alpina)
Piemonte,Verbano-Cusio-Ossola,1103051,Ornavasso,4,1,I (alpina)
Piemonte,Verbano-Cusio-Ossola,1103052,Pallanzeno,3,1,I (alpina)
Piemonte,Verbano-Cusio-Ossola,1103053,Piedimulera,3,1,I (alpina)
Piemonte,Verbano-Cusio-Ossola,1103054,Pieve Vergonte,4,1,I (alpina)
Piemonte,Verbano-Cusio-Ossola,1103055,Premeno,4,1,I (alpina)
Piemonte,Verbano-Cusio-Ossola,1103056,Premia,3,1,I (alpina)
Piemonte,Verbano-Cusio-Ossola,1103057,Premosello-Chiovenda,4,1,I (alpina)
Piemonte,Verbano-Cusio-Ossola,1103058,Quarna Sopra,4,1,I (alpina)
Piemonte,Verbano-Cusio-Ossola,1103059,Quarna Sotto,4,1,I (alpina)
Piemonte,Verbano-Cusio-Ossola,1103060,Re,4,1,I (alpina)
Piemonte,Verbano-Cusio-Ossola,1103061,San Bernardino Verbano,4,1,I (alpina)
Piemonte,Verbano-Cusio-Ossola,1103062,Santa Maria Maggiore,4,1,I (alpina)
Piemonte,Verbano-Cusio-Ossola,1103063,Seppiana,3,1,I (alpina)
Piemonte,Verbano-Cusio-Ossola,1103064,Stresa,4,1,I (alpina)
Piemonte,Verbano-Cusio-Ossola,1103065,Toceno,4,1,I (alpina)
Piemonte,Verbano-Cusio-Ossola,1103066,Trarego Viggiona,4,1,I (alpina)
Piemonte,Verbano-Cusio-Ossola,1103067,Trasquera,3,1,I (alpina)
Piemonte,Verbano-Cusio-Ossola,1103068,Trontano,3,1,I (alpina)
Piemonte,Verbano-Cusio-Ossola,1103069,Valstrona,4,1,I (alpina)
Piemonte,Verbano-Cusio-Ossola,1103070,Vanzone con San Carlo,3,1,I (alpina)
Piemonte,Verbano-Cusio-Ossola,1103071,Varzo,3,1,I (alpina)
Piemonte,Verbano-Cusio-Ossola,1103072,Verbania,4,1,I (alpina)
Piemonte,Verbano-Cusio-Ossola,1103073,Viganella,3,1,I (alpina)
Piemonte,Verbano-Cusio-Ossola,1103074,Vignone,4,1,I (alpina)
Piemonte,Verbano-Cusio-Ossola,1103075,Villadossola,3,1,I (alpina)
Piemonte,Verbano-Cusio-Ossola,1103076,Villette,4,1,I (alpina)
Piemonte,Verbano-Cusio-Ossola,1103077,Vogogna,4,1,I (alpina)
Piemonte,Vercelli,1002002,Alagna Valsesia,4,1,I (alpina)
Piemonte,Vercelli,1002003,Albano Vercellese,4,1,I (alpina)
Piemonte,Vercelli,1002004,Alice Castello,4,1,I (alpina)
Piemonte,Vercelli,1002006,Arborio,4,1,I (alpina)
Piemonte,Vercelli,1002007,Asigliano Vercellese,4,1,I (alpina)
Piemonte,Vercelli,1002008,Balmuccia,4,1,I (alpina)
Piemonte,Vercelli,1002009,Balocco,4,1,I (alpina)
Piemonte,Vercelli,1002011,Bianzè,4,1,I (alpina)
Piemonte,Vercelli,1002014,Boccioleto,4,1,I (alpina)
Piemonte,Vercelli,1002015,Borgo d'Ale,4,1,I (alpina)
Piemonte,Vercelli,1002017,Borgo Vercelli,4,1,I (alpina)
Piemonte,Vercelli,1002016,Borgosesia,4,1,I (alpina)
Piemonte,Vercelli,1002019,Breia,4,1,I (alpina)
Piemonte,Vercelli,1002021,Buronzo,4,1,I (alpina)
Piemonte,Vercelli,1002025,Campertogno,4,1,I (alpina)
Piemonte,Vercelli,1002029,Carcoforo,4,1,I (alpina)
Piemonte,Vercelli,1002030,Caresana,4,1,I (alpina)
Piemonte,Vercelli,1002031,Caresanablot,4,1,I (alpina)
Piemonte,Vercelli,1002032,Carisio,4,1,I (alpina)
Piemonte,Vercelli,1002033,Casanova Elvo,4,1,I (alpina)
Piemonte,Vercelli,1002038,Cellio,4,1,I (alpina)
Piemonte,Vercelli,1002041,Cervatto,4,1,I (alpina)
Piemonte,Vercelli,1002042,Cigliano,4,1,I (alpina)
Piemonte,Vercelli,1002043,Civiasco,4,1,I (alpina)
Piemonte,Vercelli,1002045,Collobiano,4,1,I (alpina)
Piemonte,Vercelli,1002047,Costanzana,4,1,I (alpina)
Piemonte,Vercelli,1002048,Cravagliana,4,1,I (alpina)
Piemonte,Vercelli,1002049,Crescentino,4,1,I (alpina)
Piemonte,Vercelli,1002052,Crova,4,1,I (alpina)
Piemonte,Vercelli,1002054,Desana,4,1,I (alpina)
Piemonte,Vercelli,1002057,Fobello,4,1,I (alpina)
Piemonte,Vercelli,1002058,Fontanetto Po,4,1,I (alpina)
Piemonte,Vercelli,1002059,Formigliana,4,1,I (alpina)
Piemonte,Vercelli,1002061,Gattinara,4,1,I (alpina)
Piemonte,Vercelli,1002062,Ghislarengo,4,1,I (alpina)
Piemonte,Vercelli,1002065,Greggio,4,1,I (alpina)
Piemonte,Vercelli,1002066,Guardabosone,4,1,I (alpina)
Piemonte,Vercelli,1002067,Lamporo,4,1,I (alpina)
Piemonte,Vercelli,1002068,Lenta,4,1,I (alpina)
Piemonte,Vercelli,1002070,Lignana,4,1,I (alpina)
Piemonte,Vercelli,1002071,Livorno Ferraris,4,1,I (alpina)
Piemonte,Vercelli,1002072,Lozzolo,4,1,I (alpina)
Piemonte,Vercelli,1002078,Mollia,4,1,I (alpina)
Piemonte,Vercelli,1002079,Moncrivello,4,1,I (alpina)
Piemonte,Vercelli,1002082,Motta de' Conti,4,1,I (alpina)
Piemonte,Vercelli,1002088,Olcenengo,4,1,I (alpina)
Piemonte,Vercelli,1002089,Oldenico,4,1,I (alpina)
Piemonte,Vercelli,1002090,Palazzolo Vercellese,4,1,I (alpina)
Piemonte,Vercelli,1002091,Pertengo,4,1,I (alpina)
Piemonte,Vercelli,1002093,Pezzana,4,1,I (alpina)
Piemonte,Vercelli,1002096,Pila,4,1,I (alpina)
Piemonte,Vercelli,1002097,Piode,4,1,I (alpina)
Piemonte,Vercelli,1002102,Postua,4,1,I (alpina)
Piemonte,Vercelli,1002104,Prarolo,4,1,I (alpina)
Piemonte,Vercelli,1002107,Quarona,4,1,I (alpina)
Piemonte,Vercelli,1002108,Quinto Vercellese,4,1,I (alpina)
Piemonte,Vercelli,1002110,Rassa,4,1,I (alpina)
Piemonte,Vercelli,1002111,Rima San Giuseppe,4,1,I (alpina)
Piemonte,Vercelli,1002112,Rimasco,4,1,I (alpina)
Piemonte,Vercelli,1002113,Rimella,4,1,I (alpina)
Piemonte,Vercelli,1002114,Riva Valdobbia,4,1,I (alpina)
Piemonte,Vercelli,1002115,Rive,4,1,I (alpina)
Piemonte,Vercelli,1002116,Roasio,4,1,I (alpina)
Piemonte,Vercelli,1002118,Ronsecco,4,1,I (alpina)
Piemonte,Vercelli,1002121,Rossa,4,1,I (alpina)
Piemonte,Vercelli,1002122,Rovasenda,4,1,I (alpina)
Piemonte,Vercelli,1002123,Sabbia,4,1,I (alpina)
Piemonte,Vercelli,1002126,Salasco,4,1,I (alpina)
Piemonte,Vercelli,1002127,Sali Vercellese,4,1,I (alpina)
Piemonte,Vercelli,1002128,Saluggia,4,1,I (alpina)
Piemonte,Vercelli,1002131,San Germano Vercellese,4,1,I (alpina)
Piemonte,Vercelli,1002035,San Giacomo Vercellese,4,1,I (alpina)
Piemonte,Vercelli,1002133,Santhià,4,1,I (alpina)
Piemonte,Vercelli,1002134,Scopa,4,1,I (alpina)
Piemonte,Vercelli,1002135,Scopello,4,1,I (alpina)
Piemonte,Vercelli,1002137,Serravalle Sesia,4,1,I (alpina)
Piemonte,Vercelli,1002142,Stroppiana,4,1,I (alpina)
Piemonte,Vercelli,1002147,Tricerro,4,1,I (alpina)
Piemonte,Vercelli,1002148,Trino,4,1,I (alpina)
Piemonte,Vercelli,1002150,Tronzano Vercellese,4,1,I (alpina)
Piemonte,Vercelli,1002152,Valduggia,4,1,I (alpina)
Piemonte,Vercelli,1002156,Varallo,4,1,I (alpina)
Piemonte,Vercelli,1002158,Vercelli,4,1,I (alpina)
Piemonte,Vercelli,1002163,Villarboit,4,1,I (alpina)
Piemonte,Vercelli,1002164,Villata,4,1,I (alpina)
Piemonte,Vercelli,1002166,Vocca,4,1,I (alpina)
Puglia,Bari,16072001,Acquaviva delle Fonti,3,3,II
Puglia,Bari,16072002,Adelfia,3,3,II
Puglia,Bari,16072003,Alberobello,4,3,II
Puglia,Bari,16072004,Altamura,3,3,II
Puglia,Barletta-Andria-Trani,16072005,Andria,3,3,II
Puglia,Bari,16072006,Bari,3,3,II
Puglia,Barletta-Andria-Trani,16072007,Barletta,2,3,II
Puglia,Bari,16072008,Binetto,3,3,II
Puglia,Barletta-Andria-Trani,16072009,Bisceglie,3,3,II
Puglia,Bari,16072010,Bitetto,3,3,II
Puglia,Bari,16072011,Bitonto,3,3,II
Puglia,Bari,16072012,Bitritto,3,3,II
Puglia,Barletta-Andria-Trani,16072013,Canosa di Puglia,2,3,II
Puglia,Bari,16072014,Capurso,3,3,II
Puglia,Bari,16072015,Casamassima,3,3,II
Puglia,Bari,16072016,Cassano delle Murge,3,3,II
Puglia,Bari,16072017,Castellana Grotte,4,3,II
Puglia,Bari,16072018,Cellamare,3,3,II
Puglia,Bari,16072019,Conversano,4,3,II
Puglia,Bari,16072020,Corato,3,3,II
Puglia,Bari,16072021,Gioia del Colle,3,3,II
Puglia,Bari,16072022,Giovinazzo,3,3,II
Puglia,Bari,16072023,Gravina in Puglia,3,3,II
Puglia,Bari,16072024,Grumo Appula,3,3,II
Puglia,Bari,16072025,Locorotondo,4,3,II
Puglia,Barletta-Andria-Trani,16072026,Minervino Murge,2,3,II
Puglia,Bari,16072027,Modugno,3,3,II
Puglia,Bari,16072028,Mola di Bari,4,3,II
Puglia,Bari,16072029,Molfetta,3,3,II
Puglia,Bari,16072030,Monopoli,4,3,II
Puglia,Bari,16072031,Noci,3,3,II
Puglia,Bari,16072032,Noicattaro,3,3,II
Puglia,Bari,16072033,Palo del Colle,3,3,II
Puglia,Bari,16072034,Poggiorsini,3,3,II
Puglia,Bari,16072035,Polignano a Mare,4,3,II
Puglia,Bari,16072036,Putignano,3,3,II
Puglia,Bari,16072037,Rutigliano,3,3,II
Puglia,Bari,16072038,Ruvo di Puglia,3,3,II
Puglia,Bari,16072039,Sammichele di Bari,3,3,II
Puglia,Bari,16072040,Sannicandro di Bari,3,3,II
Puglia,Bari,16072041,Santeramo in Colle,3,3,II
Puglia,Barletta-Andria-Trani,16072042,Spinazzola,2,3,II
Puglia,Bari,16072043,Terlizzi,3,3,II
Puglia,Bari,16072044,Toritto,3,3,II
Puglia,Barletta-Andria-Trani,16072045,Trani,3,3,II
Puglia,Bari,16072046,Triggiano,3,3,II
Puglia,Bari,16072047,Turi,3,3,II
Puglia,Bari,16072048,Valenzano,3,3,II
Puglia,Brindisi,16074001,Brindisi,4,3,III
Puglia,Brindisi,16074002,Carovigno,4,3,III
Puglia,Brindisi,16074003,Ceglie Messapica,4,3,III
Puglia,Brindisi,16074004,Cellino San Marco,4,3,III
Puglia,Brindisi,16074005,Cisternino,4,3,III
Puglia,Brindisi,16074006,Erchie,4,3,III
Puglia,Brindisi,16074007,Fasano,4,3,III
Puglia,Brindisi,16074008,Francavilla Fontana,4,3,III
Puglia,Brindisi,16074009,Latiano,4,3,III
Puglia,Brindisi,16074010,Mesagne,4,3,III
Puglia,Brindisi,16074011,Oria,4,3,III
Puglia,Brindisi,16074012,Ostuni,4,3,III
Puglia,Brindisi,16074013,San Donaci,4,3,III
Puglia,Brindisi,16074014,San Michele Salentino,4,3,III
Puglia,Brindisi,16074015,San Pancrazio Salentino,4,3,III
Puglia,Brindisi,16074016,San Pietro Vernotico,4,3,III
Puglia,Brindisi,16074017,San Vito dei Normanni,4,3,III
Puglia,Brindisi,16074018,Torchiarolo,4,3,III
Puglia,Brindisi,16074019,Torre Santa Susanna,4,3,III
Puglia,Brindisi,16074020,Villa Castelli,4,3,III
Puglia,Foggia,16071001,Accadia,1,3,II
Puglia,Foggia,16071002,Alberona,2,3,II
Puglia,Foggia,16071003,Anzano di Puglia,1,3,II
Puglia,Foggia,16071004,Apricena,2,3,II
Puglia,Foggia,16071005,Ascoli Satriano,1,3,II
Puglia,Foggia,16071006,Biccari,2,3,II
Puglia,Foggia,16071007,Bovino,1,3,II
Puglia,Foggia,16071008,Cagnano Varano,2,3,II
Puglia,Foggia,16071009,Candela,1,3,II
Puglia,Foggia,16071010,Carapelle,2,3,II
Puglia,Foggia,16071011,Carlantino,2,3,II
Puglia,Foggia,16071012,Carpino,2,3,II
Puglia,Foggia,16071013,Casalnuovo Monterotaro,2,3,II
Puglia,Foggia,16071014,Casalvecchio di Puglia,2,3,II
Puglia,Foggia,16071015,Castelluccio dei Sauri,2,3,II
Puglia,Foggia,16071016,Castelluccio Valmaggiore,2,3,II
Puglia,Foggia,16071017,Castelnuovo della Daunia,2,3,II
Puglia,Foggia,16071018,Celenza Valfortore,2,3,II
Puglia,Foggia,16071019,Celle di San Vito,2,3,II
Puglia,Foggia,16071020,Cerignola,2,3,II
Puglia,Foggia,16071021,Chieuti,2,3,II
Puglia,Foggia,16071022,Deliceto,1,3,II
Puglia,Foggia,16071023,Faeto,2,3,II
Puglia,Foggia,16071024,Foggia,2,3,II
Puglia,Foggia,16071025,Ischitella,2,3,II
Puglia,Foggia,16071026,Isole Tremiti,2,3,II
Puglia,Foggia,16071027,Lesina,2,3,II
Puglia,Foggia,16071028,Lucera,2,3,II
Puglia,Foggia,16071029,Manfredonia,2,3,II
Puglia,Barletta-Andria-Trani,16071030,Margherita di Savoia,2,3,II
Puglia,Foggia,16071031,Mattinata,2,3,II
Puglia,Foggia,16071033,Monte Sant'Angelo,2,3,II
Puglia,Foggia,16071032,Monteleone di Puglia,1,3,II
Puglia,Foggia,16071034,Motta Montecorvino,2,3,II
Puglia,Foggia,16071063,Ordona,2,3,II
Puglia,Foggia,16071035,Orsara di Puglia,2,3,II
Puglia,Foggia,16071036,Orta Nova,2,3,II
Puglia,Foggia,16071037,Panni,1,3,II
Puglia,Foggia,16071038,Peschici,2,3,II
Puglia,Foggia,16071039,Pietramontecorvino,2,3,II
Puglia,Foggia,16071040,Poggio Imperiale,2,3,II
Puglia,Foggia,16071041,Rignano Garganico,2,3,II
Puglia,Foggia,16071042,Rocchetta Sant'Antonio,1,3,II
Puglia,Foggia,16071043,Rodi Garganico,2,3,II
Puglia,Foggia,16071044,Roseto Valfortore,2,3,II
Puglia,Barletta-Andria-Trani,16071045,San Ferdinando di Puglia,2,3,II
Puglia,Foggia,16071046,San Giovanni Rotondo,2,3,II
Puglia,Foggia,16071047,San Marco in Lamis,2,3,II
Puglia,Foggia,16071048,San Marco la Catola,2,3,II
Puglia,Foggia,16071050,San Paolo di Civitate,2,3,II
Puglia,Foggia,16071051,San Severo,2,3,II
Puglia,Foggia,16071049,Sannicandro Garganico,2,3,II
Puglia,Foggia,16071052,Sant'Agata di Puglia,1,3,II
Puglia,Foggia,16071053,Serracapriola,2,3,II
Puglia,Foggia,16071054,Stornara,2,3,II
Puglia,Foggia,16071055,Stornarella,2,3,II
Puglia,Foggia,16071056,Torremaggiore,2,3,II
Puglia,Barletta-Andria-Trani,16071057,Trinitapoli,2,3,II
Puglia,Foggia,16071058,Troia,2,3,II
Puglia,Foggia,16071059,Vico del Gargano,2,3,II
Puglia,Foggia,16071060,Vieste,2,3,II
Puglia,Foggia,16071061,Volturara Appula,2,3,II
Puglia,Foggia,16071062,Volturino,2,3,II
Puglia,Foggia,16071064,Zapponeta,2,3,II
Puglia,Lecce,16075001,Acquarica del Capo,4,3,III
Puglia,Lecce,16075002,Alessano,4,3,III
Puglia,Lecce,16075003,Alezio,4,3,III
Puglia,Lecce,16075004,Alliste,4,3,III
Puglia,Lecce,16075005,Andrano,4,3,III
Puglia,Lecce,16075006,Aradeo,4,3,III
Puglia,Lecce,16075007,Arnesano,4,3,III
Puglia,Lecce,16075008,Bagnolo del Salento,4,3,III
Puglia,Lecce,16075009,Botrugno,4,3,III
Puglia,Lecce,16075010,Calimera,4,3,III
Puglia,Lecce,16075011,Campi Salentina,4,3,III
Puglia,Lecce,16075012,Cannole,4,3,III
Puglia,Lecce,16075013,Caprarica di Lecce,4,3,III
Puglia,Lecce,16075014,Carmiano,4,3,III
Puglia,Lecce,16075015,Carpignano Salentino,4,3,III
Puglia,Lecce,16075016,Casarano,4,3,III
Puglia,Lecce,16075017,Castri di Lecce,4,3,III
Puglia,Lecce,16075018,Castrignano de' Greci,4,3,III
Puglia,Lecce,16075019,Castrignano del Capo,4,3,III
Puglia,Lecce,16075096,Castro,4,3,III
Puglia,Lecce,16075020,Cavallino,4,3,III
Puglia,Lecce,16075021,Collepasso,4,3,III
Puglia,Lecce,16075022,Copertino,4,3,III
Puglia,Lecce,16075023,Corigliano d'Otranto,4,3,III
Puglia,Lecce,16075024,Corsano,4,3,III
Puglia,Lecce,16075025,Cursi,4,3,III
Puglia,Lecce,16075026,Cutrofiano,4,3,III
Puglia,Lecce,16075027,Diso,4,3,III
Puglia,Lecce,16075028,Gagliano del Capo,4,3,III
Puglia,Lecce,16075029,Galatina,4,3,III
Puglia,Lecce,16075030,Galatone,4,3,III
Puglia,Lecce,16075031,Gallipoli,4,3,III
Puglia,Lecce,16075032,Giuggianello,4,3,III
Puglia,Lecce,16075033,Giurdignano,4,3,III
Puglia,Lecce,16075034,Guagnano,4,3,III
Puglia,Lecce,16075035,Lecce,4,3,III
Puglia,Lecce,16075036,Lequile,4,3,III
Puglia,Lecce,16075037,Leverano,4,3,III
Puglia,Lecce,16075038,Lizzanello,4,3,III
Puglia,Lecce,16075039,Maglie,4,3,III
Puglia,Lecce,16075040,Martano,4,3,III
Puglia,Lecce,16075041,Martignano,4,3,III
Puglia,Lecce,16075042,Matino,4,3,III
Puglia,Lecce,16075043,Melendugno,4,3,III
Puglia,Lecce,16075044,Melissano,4,3,III
Puglia,Lecce,16075045,Melpignano,4,3,III
Puglia,Lecce,16075046,Miggiano,4,3,III
Puglia,Lecce,16075047,Minervino di Lecce,4,3,III
Puglia,Lecce,16075048,Monteroni di Lecce,4,3,III
Puglia,Lecce,16075049,Montesano Salentino,4,3,III
Puglia,Lecce,16075050,Morciano di Leuca,4,3,III
Puglia,Lecce,16075051,Muro Leccese,4,3,III
Puglia,Lecce,16075052,Nardò,4,3,III
Puglia,Lecce,16075053,Neviano,4,3,III
Puglia,Lecce,16075054,Nociglia,4,3,III
Puglia,Lecce,16075055,Novoli,4,3,III
Puglia,Lecce,16075056,Ortelle,4,3,III
Puglia,Lecce,16075057,Otranto,4,3,III
Puglia,Lecce,16075058,Palmariggi,4,3,III
Puglia,Lecce,16075059,Parabita,4,3,III
Puglia,Lecce,16075060,Patù,4,3,III
Puglia,Lecce,16075061,Poggiardo,4,3,III
Puglia,Lecce,16075097,Porto Cesareo,4,3,III
Puglia,Lecce,16075062,Presicce,4,3,III
Puglia,Lecce,16075063,Racale,4,3,III
Puglia,Lecce,16075064,Ruffano,4,3,III
Puglia,Lecce,16075065,Salice Salentino,4,3,III
Puglia,Lecce,16075066,Salve,4,3,III
Puglia,Lecce,16075095,San Cassiano,4,3,III
Puglia,Lecce,16075068,San Cesario di Lecce,4,3,III
Puglia,Lecce,16075069,San Donato di Lecce,4,3,III
Puglia,Lecce,16075071,San Pietro in Lama,4,3,III
Puglia,Lecce,16075067,Sanarica,4,3,III
Puglia,Lecce,16075070,Sannicola,4,3,III
Puglia,Lecce,16075072,Santa Cesarea Terme,4,3,III
Puglia,Lecce,16075073,Scorrano,4,3,III
Puglia,Lecce,16075074,Seclì,4,3,III
Puglia,Lecce,16075075,Sogliano Cavour,4,3,III
Puglia,Lecce,16075076,Soleto,4,3,III
Puglia,Lecce,16075077,Specchia,4,3,III
Puglia,Lecce,16075078,Spongano,4,3,III
Puglia,Lecce,16075079,Squinzano,4,3,III
Puglia,Lecce,16075080,Sternatia,4,3,III
Puglia,Lecce,16075081,Supersano,4,3,III
Puglia,Lecce,16075082,Surano,4,3,III
Puglia,Lecce,16075083,Surbo,4,3,III
Puglia,Lecce,16075084,Taurisano,4,3,III
Puglia,Lecce,16075085,Taviano,4,3,III
Puglia,Lecce,16075086,Tiggiano,4,3,III
Puglia,Lecce,16075087,Trepuzzi,4,3,III
Puglia,Lecce,16075088,Tricase,4,3,III
Puglia,Lecce,16075089,Tuglie,4,3,III
Puglia,Lecce,16075090,Ugento,4,3,III
Puglia,Lecce,16075091,Uggiano la Chiesa,4,3,III
Puglia,Lecce,16075092,Veglie,4,3,III
Puglia,Lecce,16075093,Vernole,4,3,III
Puglia,Lecce,16075094,Zollino,4,3,III
Puglia,Taranto,16073001,Avetrana,4,3,III
Puglia,Taranto,16073002,Carosino,4,3,III
Puglia,Taranto,16073003,Castellaneta,3,3,III
Puglia,Taranto,16073004,Crispiano,3,3,III
Puglia,Taranto,16073005,Faggiano,4,3,III
Puglia,Taranto,16073006,Fragagnano,4,3,III
Puglia,Taranto,16073007,Ginosa,3,3,III
Puglia,Taranto,16073008,Grottaglie,4,3,III
Puglia,Taranto,16073009,Laterza,3,3,III
Puglia,Taranto,16073010,Leporano,4,3,III
Puglia,Taranto,16073011,Lizzano,4,3,III
Puglia,Taranto,16073012,Manduria,4,3,III
Puglia,Taranto,16073013,Martina Franca,4,3,III
Puglia,Taranto,16073014,Maruggio,4,3,III
Puglia,Taranto,16073015,Massafra,3,3,III
Puglia,Taranto,16073016,Monteiasi,4,3,III
Puglia,Taranto,16073017,Montemesola,4,3,III
Puglia,Taranto,16073018,Monteparano,4,3,III
Puglia,Taranto,16073019,Mottola,3,3,III
Puglia,Taranto,16073020,Palagianello,3,3,III
Puglia,Taranto,16073021,Palagiano,3,3,III
Puglia,Taranto,16073022,Pulsano,4,3,III
Puglia,Taranto,16073023,Roccaforzata,4,3,III
Puglia,Taranto,16073024,San Giorgio Ionico,4,3,III
Puglia,Taranto,16073025,San Marzano di San Giuseppe,4,3,III
Puglia,Taranto,16073026,Sava,4,3,III
Puglia,Taranto,16073029,Statte (1),3,3,III
Puglia,Taranto,16073027,Taranto,3,3,III
Puglia,Taranto,16073028,Torricella,4,3,III
Sardegna,Cagliari,20092001,Arbus,4,6,III
Sardegna,Cagliari,20092002,Armungia,4,6,III
Sardegna,Cagliari,20092003,Assemini,4,6,III
Sardegna,Cagliari,20092004,Ballao,4,6,III
Sardegna,Cagliari,20092005,Barrali,4,6,III
Sardegna,Cagliari,20092006,Barumini,4,6,III
Sardegna,Cagliari,20092007,Buggerru,4,6,III
Sardegna,Cagliari,20092008,Burcei,4,6,III
Sardegna,Cagliari,20092009,Cagliari,4,6,III
Sardegna,Cagliari,20092010,Calasetta,4,6,III
Sardegna,Cagliari,20092011,Capoterra,4,6,III
Sardegna,Cagliari,20092012,Carbonia,4,6,III
Sardegna,Cagliari,20092013,Carloforte,4,6,III
Sardegna,Cagliari,20092106,Castiadas,4,6,III
Sardegna,Cagliari,20092014,Collinas,4,6,III
Sardegna,Cagliari,20092015,Decimomannu,4,6,III
Sardegna,Cagliari,20092016,Decimoputzu,4,6,III
Sardegna,Cagliari,20092017,Dolianova,4,6,III
Sardegna,Cagliari,20092018,Domus de Maria,4,6,III
Sardegna,Cagliari,20092019,Domusnovas,4,6,III
Sardegna,Cagliari,20092020,Donorì,4,6,III
Sardegna,Cagliari,20092108,Elmas,4,6,III
Sardegna,Cagliari,20092021,Fluminimaggiore,4,6,III
Sardegna,Cagliari,20092022,Furtei,4,6,III
Sardegna,Cagliari,20092023,Genuri,4,6,III
Sardegna,Cagliari,20092024,Gesico,4,6,III
Sardegna,Cagliari,20092025,Gesturi,4,6,III
Sardegna,Cagliari,20092026,Giba,4,6,III
Sardegna,Cagliari,20092027,Goni,4,6,III
Sardegna,Cagliari,20092028,Gonnesa,4,6,III
Sardegna,Cagliari,20092029,Gonnosfanadiga,4,6,III
Sardegna,Cagliari,20092030,Guamaggiore,4,6,III
Sardegna,Cagliari,20092031,Guasila,4,6,III
Sardegna,Cagliari,20092032,Guspini,4,6,III
Sardegna,Cagliari,20092033,Iglesias,4,6,III
Sardegna,Cagliari,20092034,Las Plassas,4,6,III
Sardegna,Cagliari,20092035,Lunamatrona,4,6,III
Sardegna,Cagliari,20092036,Mandas,4,6,III
Sardegna,Cagliari,20092037,Maracalagonis,4,6,III
Sardegna,Cagliari,20092103,Masainas,4,6,III
Sardegna,Cagliari,20092038,Monastir,4,6,III
Sardegna,Cagliari,20092109,Monserrato (1),4,6,III
Sardegna,Cagliari,20092039,Muravera,4,6,III
Sardegna,Cagliari,20092040,Musei,4,6,III
Sardegna,Cagliari,20092041,Narcao,4,6,III
Sardegna,Cagliari,20092042,Nuraminis,4,6,III
Sardegna,Cagliari,20092043,Nuxis,4,6,III
Sardegna,Cagliari,20092044,Ortacesus,4,6,III
Sardegna,Cagliari,20092045,Pabillonis,4,6,III
Sardegna,Cagliari,20092046,Pauli Arbarei,4,6,III
Sardegna,Cagliari,20092047,Perdaxius,4,6,III
Sardegna,Cagliari,20092048,Pimentel,4,6,III
Sardegna,Cagliari,20092107,Piscinas,4,6,III
Sardegna,Cagliari,20092049,Portoscuso,4,6,III
Sardegna,Cagliari,20092050,Pula,4,6,III
Sardegna,Cagliari,20092051,Quartu Sant'Elena,4,6,III
Sardegna,Cagliari,20092105,Quartucciu,4,6,III
Sardegna,Cagliari,20092052,Samassi,4,6,III
Sardegna,Cagliari,20092053,Samatzai,4,6,III
Sardegna,Cagliari,20092054,San Basilio,4,6,III
Sardegna,Cagliari,20092055,San Gavino Monreale,4,6,III
Sardegna,Cagliari,20092056,San Giovanni Suergiu,4,6,III
Sardegna,Cagliari,20092058,San Nicolò Gerrei,4,6,III
Sardegna,Cagliari,20092059,San Sperate,4,6,III
Sardegna,Cagliari,20092064,San Vito,4,6,III
Sardegna,Cagliari,20092057,Sanluri,4,6,III
Sardegna,Cagliari,20092060,Santadi,4,6,III
Sardegna,Cagliari,20092061,Sant'Andrea Frius,4,6,III
Sardegna,Cagliari,20092062,Sant'Anna Arresi,4,6,III
Sardegna,Cagliari,20092063,Sant'Antioco,4,6,III
Sardegna,Cagliari,20092065,Sardara,4,6,III
Sardegna,Cagliari,20092066,Sarroch,4,6,III
Sardegna,Cagliari,20092067,Segariu,4,6,III
Sardegna,Cagliari,20092068,Selargius,4,6,III
Sardegna,Cagliari,20092069,Selegas,4,6,III
Sardegna,Cagliari,20092070,Senorbì,4,6,III
Sardegna,Cagliari,20092071,Serdiana,4,6,III
Sardegna,Cagliari,20092072,Serramanna,4,6,III
Sardegna,Cagliari,20092073,Serrenti,4,6,III
Sardegna,Cagliari,20092074,Sestu,4,6,III
Sardegna,Cagliari,20092075,Settimo San Pietro,4,6,III
Sardegna,Cagliari,20092076,Setzu,4,6,III
Sardegna,Cagliari,20092077,Siddi,4,6,III
Sardegna,Cagliari,20092078,Siliqua,4,6,III
Sardegna,Cagliari,20092079,Silius,4,6,III
Sardegna,Cagliari,20092080,Sinnai,4,6,III
Sardegna,Cagliari,20092081,Siurgus Donigala,4,6,III
Sardegna,Cagliari,20092082,Soleminis,4,6,III
Sardegna,Cagliari,20092083,Suelli,4,6,III
Sardegna,Cagliari,20092084,Teulada,4,6,III
Sardegna,Cagliari,20092085,Tratalias,4,6,III
Sardegna,Cagliari,20092086,Tuili,4,6,III
Sardegna,Cagliari,20092087,Turri,4,6,III
Sardegna,Cagliari,20092088,Ussana,4,6,III
Sardegna,Cagliari,20092089,Ussaramanna,4,6,III
Sardegna,Cagliari,20092090,Uta,4,6,III
Sardegna,Cagliari,20092091,Vallermosa,4,6,III
Sardegna,Cagliari,20092099,Villa San Pietro,4,6,III
Sardegna,Cagliari,20092092,Villacidro,4,6,III
Sardegna,Cagliari,20092093,Villamar,4,6,III
Sardegna,Cagliari,20092094,Villamassargia,4,6,III
Sardegna,Cagliari,20092095,Villanovaforru,4,6,III
Sardegna,Cagliari,20092096,Villanovafranca,4,6,III
Sardegna,Cagliari,20092104,Villaperuccio,4,6,III
Sardegna,Cagliari,20092097,Villaputzu,4,6,III
Sardegna,Cagliari,20092098,Villasalto,4,6,III
Sardegna,Cagliari,20092100,Villasimius,4,6,III
Sardegna,Cagliari,20092101,Villasor,4,6,III
Sardegna,Cagliari,20092102,Villaspeciosa,4,6,III
Sardegna,Nuoro,20091001,Aritzo,4,6,III
Sardegna,Nuoro,20091002,Arzana,4,6,III
Sardegna,Nuoro,20091003,Atzara,4,6,III
Sardegna,Nuoro,20091004,Austis,4,6,III
Sardegna,Nuoro,20091005,Bari Sardo,4,6,III
Sardegna,Nuoro,20091006,Baunei,4,6,III
Sardegna,Nuoro,20091007,Belvi,4,6,III
Sardegna,Nuoro,20091008,Birori,4,6,III
Sardegna,Nuoro,20091009,Bitti,4,6,III
Sardegna,Nuoro,20091010,Bolotana,4,6,III
Sardegna,Nuoro,20091011,Borore,4,6,III
Sardegna,Nuoro,20091012,Bortigali,4,6,III
Sardegna,Nuoro,20091013,Bosa,4,6,III
Sardegna,Nuoro,20091014,Budoni,4,6,III
Sardegna,Nuoro,20091103,Cardedu,4,6,III
Sardegna,Nuoro,20091016,Desulo,4,6,III
Sardegna,Nuoro,20091017,Dorgali,4,6,III
Sardegna,Nuoro,20091018,Dualchi,4,6,III
Sardegna,Nuoro,20091019,Elini,4,6,III
Sardegna,Nuoro,20091020,Escalaplano,4,6,III
Sardegna,Nuoro,20091021,Escolca,4,6,III
Sardegna,Nuoro,20091022,Esterzili,4,6,III
Sardegna,Nuoro,20091023,Flussio,4,6,III
Sardegna,Nuoro,20091024,Fonni,4,6,III
Sardegna,Nuoro,20091025,Gadoni,4,6,III
Sardegna,Nuoro,20091026,Gairo,4,6,III
Sardegna,Nuoro,20091027,Galtelli,4,6,III
Sardegna,Nuoro,20091028,Gavoi,4,6,III
Sardegna,Nuoro,20091029,Genoni,4,6,III
Sardegna,Nuoro,20091030,Gergei,4,6,III
Sardegna,Nuoro,20091031,Girasole,4,6,III
Sardegna,Nuoro,20091032,Ilbono,4,6,III
Sardegna,Nuoro,20091033,Irgoli,4,6,III
Sardegna,Nuoro,20091034,Isili,4,6,III
Sardegna,Nuoro,20091035,Jerzu,4,6,III
Sardegna,Nuoro,20091036,Laconi,4,6,III
Sardegna,Nuoro,20091037,Lanusei,4,6,III
Sardegna,Nuoro,20091038,Lei,4,6,III
Sardegna,Nuoro,20091039,Loceri,4,6,III
Sardegna,Nuoro,20091040,Loculi,4,6,III
Sardegna,Nuoro,20091041,Lodè,4,6,III
Sardegna,Nuoro,20091104,Lodine,4,6,III
Sardegna,Nuoro,20091042,Lotzorai,4,6,III
Sardegna,Nuoro,20091043,Lula,4,6,III
Sardegna,Nuoro,20091044,Macomer,4,6,III
Sardegna,Nuoro,20091045,Magomadas,4,6,III
Sardegna,Nuoro,20091046,Mamoiada,4,6,III
Sardegna,Nuoro,20091047,Meana Sardo,4,6,III
Sardegna,Nuoro,20091048,Modolo,4,6,III
Sardegna,Nuoro,20091049,Montresta,4,6,III
Sardegna,Nuoro,20091050,Noragugume,4,6,III
Sardegna,Nuoro,20091051,Nuoro,4,6,III
Sardegna,Nuoro,20091052,Nuragus,4,6,III
Sardegna,Nuoro,20091053,Nurallao,4,6,III
Sardegna,Nuoro,20091054,Nurri,4,6,III
Sardegna,Nuoro,20091055,Oliena,4,6,III
Sardegna,Nuoro,20091056,Ollolai,4,6,III
Sardegna,Nuoro,20091057,Olzai,4,6,III
Sardegna,Nuoro,20091058,Onani,4,6,III
Sardegna,Nuoro,20091059,Onifai,4,6,III
Sardegna,Nuoro,20091060,Oniferi,4,6,III
Sardegna,Nuoro,20091061,Orani,4,6,III
Sardegna,Nuoro,20091062,Orgosolo,4,6,III
Sardegna,Nuoro,20091063,Orosei,4,6,III
Sardegna,Nuoro,20091064,Orotelli,4,6,III
Sardegna,Nuoro,20091065,Orroli,4,6,III
Sardegna,Nuoro,20091066,Ortueri,4,6,III
Sardegna,Nuoro,20091067,Orune,4,6,III
Sardegna,Nuoro,20091068,Osidda,4,6,III
Sardegna,Nuoro,20091069,Osini,4,6,III
Sardegna,Nuoro,20091070,Ottana,4,6,III
Sardegna,Nuoro,20091071,Ovodda,4,6,III
Sardegna,Nuoro,20091072,Perdasdefogu,4,6,III
Sardegna,Nuoro,20091073,Posada,4,6,III
Sardegna,Nuoro,20091074,Sadali,4,6,III
Sardegna,Nuoro,20091075,Sagama,4,6,III
Sardegna,Nuoro,20091076,San Teodoro,4,6,III
Sardegna,Nuoro,20091077,Sarule,4,6,III
Sardegna,Nuoro,20091080,Serri,4,6,III
Sardegna,Nuoro,20091081,Seui,4,6,III
Sardegna,Nuoro,20091082,Seulo,4,6,III
Sardegna,Nuoro,20091083,Silanus,4,6,III
Sardegna,Nuoro,20091084,Sindia,4,6,III
Sardegna,Nuoro,20091085,Siniscola,4,6,III
Sardegna,Nuoro,20091086,Sorgono,4,6,III
Sardegna,Nuoro,20091087,Suni,4,6,III
Sardegna,Nuoro,20091088,Talana,4,6,III
Sardegna,Nuoro,20091089,Tertenia,4,6,III
Sardegna,Nuoro,20091090,Teti,4,6,III
Sardegna,Nuoro,20091091,Tiana,4,6,III
Sardegna,Nuoro,20091092,Tinnura,4,6,III
Sardegna,Nuoro,20091093,Tonara,4,6,III
Sardegna,Nuoro,20091094,Torpè,4,6,III
Sardegna,Nuoro,20091095,Tortolì,4,6,III
Sardegna,Nuoro,20091097,Triei,4,6,III
Sardegna,Nuoro,20091098,Ulassai,4,6,III
Sardegna,Nuoro,20091099,Urzulei,4,6,III
Sardegna,Nuoro,20091100,Ussassai,4,6,III
Sardegna,Nuoro,20091101,Villagrande Strisaili,4,6,III
Sardegna,Nuoro,20091102,Villanova Tulo,4,6,III
Sardegna,Oristano,20095001,Abbasanta,4,5,III
Sardegna,Oristano,20095002,Aidomaggiore,4,5,III
Sardegna,Oristano,20095003,Albagiara,4,5,III
Sardegna,Oristano,20095004,Ales,4,5,III
Sardegna,Oristano,20095005,Allai,4,5,III
Sardegna,Oristano,20095006,Arborea,4,5,III
Sardegna,Oristano,20095007,Ardauli,4,5,III
Sardegna,Oristano,20095008,Assolo,4,5,III
Sardegna,Oristano,20095009,Asuni,4,5,III
Sardegna,Oristano,20095010,Baradili,4,5,III
Sardegna,Oristano,20095011,Baratili San Pietro,4,5,III
Sardegna,Oristano,20095012,Baressa,4,5,III
Sardegna,Oristano,20095013,Bauladu,4,5,III
Sardegna,Oristano,20095014,Bidonì,4,5,III
Sardegna,Oristano,20095015,Bonarcado,4,5,III
Sardegna,Oristano,20095016,Boroneddu,4,5,III
Sardegna,Oristano,20095017,Busachi,4,5,III
Sardegna,Oristano,20095018,Cabras,4,5,III
Sardegna,Oristano,20095019,Cuglieri,4,5,III
Sardegna,Oristano,20095077,Curcuris,4,5,III
Sardegna,Oristano,20095020,Fordongianus,4,5,III
Sardegna,Oristano,20095021,Ghilarza,4,5,III
Sardegna,Oristano,20095022,Gonnoscodina,4,5,III
Sardegna,Oristano,20095023,Gonnosnò,4,5,III
Sardegna,Oristano,20095024,Gonnostramatza,4,5,III
Sardegna,Oristano,20095025,Marrubiu,4,5,III
Sardegna,Oristano,20095026,Masullas,4,5,III
Sardegna,Oristano,20095027,Milis,4,5,III
Sardegna,Oristano,20095028,Mogorella,4,5,III
Sardegna,Oristano,20095029,Mogoro,4,5,III
Sardegna,Oristano,20095030,Morgongiori,4,5,III
Sardegna,Oristano,20095031,Narbolia,4,5,III
Sardegna,Oristano,20095032,Neoneli,4,5,III
Sardegna,Oristano,20095033,Norbello,4,5,III
Sardegna,Oristano,20095034,Nughedu Santa Vittoria,4,5,III
Sardegna,Oristano,20095035,Nurachi,4,5,III
Sardegna,Oristano,20095036,Nureci,4,5,III
Sardegna,Oristano,20095037,Ollastra Simaxis,4,5,III
Sardegna,Oristano,20095038,Oristano,4,5,III
Sardegna,Oristano,20095039,Palmas Arborea,4,5,III
Sardegna,Oristano,20095040,Pau,4,5,III
Sardegna,Oristano,20095041,Paulilatino,4,5,III
Sardegna,Oristano,20095042,Pompu,4,5,III
Sardegna,Oristano,20095043,Riola Sardo,4,5,III
Sardegna,Oristano,20095044,Ruinas,4,5,III
Sardegna,Oristano,20095045,Samugheo,4,5,III
Sardegna,Oristano,20095046,San Nicolò d'Arcidano,4,5,III
Sardegna,Oristano,20095050,San Vero Milis,4,5,III
Sardegna,Oristano,20095047,Santa Giusta,4,5,III
Sardegna,Oristano,20095049,Santu Lussurgiu,4,5,III
Sardegna,Oristano,20095051,Scano di Montiferro,4,5,III
Sardegna,Oristano,20095052,Sedilo,4,5,III
Sardegna,Oristano,20095053,Seneghe,4,5,III
Sardegna,Oristano,20095054,Senis,4,5,III
Sardegna,Oristano,20095055,Sennariolo,4,5,III
Sardegna,Oristano,20095056,Siamaggiore,4,5,III
Sardegna,Oristano,20095057,Siamanna,4,5,III
Sardegna,Oristano,20095076,Siapiccia,4,5,III
Sardegna,Oristano,20095058,Simala,4,5,III
Sardegna,Oristano,20095059,Simaxis,4,5,III
Sardegna,Oristano,20095060,Sini,4,5,III
Sardegna,Oristano,20095061,Siris,4,5,III
Sardegna,Oristano,20095078,Soddi,4,5,III
Sardegna,Oristano,20095062,Solarussa,4,5,III
Sardegna,Oristano,20095063,Sorradile,4,5,III
Sardegna,Oristano,20095064,Tadasuni,4,5,III
Sardegna,Oristano,20095065,Terralba,4,5,III
Sardegna,Oristano,20095066,Tramatza,4,5,III
Sardegna,Oristano,20095067,Tresnuraghes,4,5,III
Sardegna,Oristano,20095068,Ulà Tirso,4,5,III
Sardegna,Oristano,20095069,Uras,4,5,III
Sardegna,Oristano,20095070,Usellus,4,5,III
Sardegna,Oristano,20095048,Villa Sant'Antonio,4,5,III
Sardegna,Oristano,20095073,Villa Verde,4,5,III
Sardegna,Oristano,20095071,Villanova Truschedu,4,5,III
Sardegna,Oristano,20095072,Villaurbana,4,5,III
Sardegna,Oristano,20095074,Zeddiani,4,5,III
Sardegna,Oristano,20095075,Zerfaliu,4,5,III
Sardegna,Sassari,20090001,Aggius,4,5,III
Sardegna,Sassari,20090062,Aglientu,4,5,III
Sardegna,Sassari,20090002,Alà dei Sardi,4,5,III
Sardegna,Sassari,20090003,Alghero,4,5,III
Sardegna,Sassari,20090004,Anela,4,5,III
Sardegna,Sassari,20090005,Ardara,4,5,III
Sardegna,Sassari,20090006,Arzachena,4,5,III
Sardegna,Sassari,20090081,Badesi,4,5,III
Sardegna,Sassari,20090007,Banari,4,5,III
Sardegna,Sassari,20090008,Benetutti,4,5,III
Sardegna,Sassari,20090009,Berchidda,4,5,III
Sardegna,Sassari,20090010,Bessude,4,5,III
Sardegna,Sassari,20090011,Bonnanaro,4,5,III
Sardegna,Sassari,20090012,Bono,4,5,III
Sardegna,Sassari,20090013,Bonorva,4,5,III
Sardegna,Sassari,20090014,Bortigiadas,4,5,III
Sardegna,Sassari,20090015,Borutta,4,5,III
Sardegna,Sassari,20090016,Bottidda,4,5,III
Sardegna,Sassari,20090017,Buddusò,4,5,III
Sardegna,Sassari,20090018,Bultei,4,5,III
Sardegna,Sassari,20090019,Bulzi,4,5,III
Sardegna,Sassari,20090020,Burgos,4,5,III
Sardegna,Sassari,20090021,Calangianus,4,5,III
Sardegna,Sassari,20090022,Cargeghe,4,5,III
Sardegna,Sassari,20090023,Castelsardo,4,5,III
Sardegna,Sassari,20090024,Cheremule,4,5,III
Sardegna,Sassari,20090025,Chiaramonti,4,5,III
Sardegna,Sassari,20090026,Codrongianos,4,5,III
Sardegna,Sassari,20090027,Cossoine,4,5,III
Sardegna,Sassari,20090088,Erula,4,5,III
Sardegna,Sassari,20090028,Esporlatu,4,5,III
Sardegna,Sassari,20090029,Florinas,4,5,III
Sardegna,Sassari,20090030,Giave,4,5,III
Sardegna,Sassari,20090083,Golfo Aranci,4,5,III
Sardegna,Sassari,20090031,Illorai,4,5,III
Sardegna,Sassari,20090032,Ittireddu,4,5,III
Sardegna,Sassari,20090033,Ittiri,4,5,III
Sardegna,Sassari,20090035,La Maddalena,4,5,III
Sardegna,Sassari,20090034,Laerru,4,5,III
Sardegna,Sassari,20090084,Loiri Porto San Paolo,4,5,III
Sardegna,Sassari,20090036,Luogosanto,4,5,III
Sardegna,Sassari,20090037,Luras,4,5,III
Sardegna,Sassari,20090038,Mara,4,5,III
Sardegna,Sassari,20090039,Martis,4,5,III
Sardegna,Sassari,20090040,Monteleone Rocca Doria,4,5,III
Sardegna,Sassari,20090041,Monti,4,5,III
Sardegna,Sassari,20090042,Mores,4,5,III
Sardegna,Sassari,20090043,Muros,4,5,III
Sardegna,Sassari,20090044,Nughedu di San Nicolò,4,5,III
Sardegna,Sassari,20090045,Nule,4,5,III
Sardegna,Sassari,20090046,Nulvi,4,5,III
Sardegna,Sassari,20090047,Olbia,4,5,III
Sardegna,Sassari,20090048,Olmedo,4,5,III
Sardegna,Sassari,20090049,Oschiri,4,5,III
Sardegna,Sassari,20090050,Osilo,4,5,III
Sardegna,Sassari,20090051,Ossi,4,5,III
Sardegna,Sassari,20090052,Ozieri,4,5,III
Sardegna,Sassari,20090053,Padria,4,5,III
Sardegna,Sassari,20090090,Padru (1),4,5,III
Sardegna,Sassari,20090054,Palau,4,5,III
Sardegna,Sassari,20090055,Pattada,4,5,III
Sardegna,Sassari,20090056,Perfugas,4,5,III
Sardegna,Sassari,20090057,Ploaghe,4,5,III
Sardegna,Sassari,20090058,Porto Torres,4,5,III
Sardegna,Sassari,20090059,Pozzomaggiore,4,5,III
Sardegna,Sassari,20090060,Putifigari,4,5,III
Sardegna,Sassari,20090061,Romana,4,5,III
Sardegna,Sassari,20090087,Santa Maria Coghinas,4,5,III
Sardegna,Sassari,20090063,Santa Teresa Gallura,4,5,III
Sardegna,Sassari,20090085,Sant'Antonio di Gallura,4,5,III
Sardegna,Sassari,20090064,Sassari,4,5,III
Sardegna,Sassari,20090065,Sedini,4,5,III
Sardegna,Sassari,20090066,Semestene,4,5,III
Sardegna,Sassari,20090067,Sennori,4,5,III
Sardegna,Sassari,20090068,Siligo,4,5,III
Sardegna,Sassari,20090069,Sorso,4,5,III
Sardegna,Sassari,20090089,Stintino,4,5,III
Sardegna,Sassari,20090080,Telti,4,5,III
Sardegna,Sassari,20090070,Tempio Pausania,4,5,III
Sardegna,Sassari,20090086,Tergu,4,5,III
Sardegna,Sassari,20090071,Thiesi,4,5,III
Sardegna,Sassari,20090072,Tissi,4,5,III
Sardegna,Sassari,20090073,Torralba,4,5,III
Sardegna,Sassari,20090074,Trinita d'Agultu e Vignola,4,5,III
Sardegna,Sassari,20090075,Tula,4,5,III
Sardegna,Sassari,20090076,Uri,4,5,III
Sardegna,Sassari,20090077,Usini,4,5,III
Sardegna,Sassari,20090079,Valledoria,4,5,III
Sardegna,Sassari,20090082,Viddalba,4,5,III
Sardegna,Sassari,20090078,Villanova Monteleone,4,5,III
Sicilia,Agrigento,19084001,Agrigento,2,4,III
Sicilia,Agrigento,19084002,Alessandria della Rocca,2,4,III
Sicilia,Agrigento,19084003,Aragona,2,4,III
Sicilia,Agrigento,19084004,Bivona,2,4,III
Sicilia,Agrigento,19084005,Burgio,2,4,III
Sicilia,Agrigento,19084006,Calamonaci,2,4,III
Sicilia,Agrigento,19084007,Caltabellotta,2,4,III
Sicilia,Agrigento,19084008,Camastra,4,4,III
Sicilia,Agrigento,19084009,Cammarata,2,4,III
Sicilia,Agrigento,19084010,Campobello di Licata,4,4,III
Sicilia,Agrigento,19084011,Canicattì,4,4,III
Sicilia,Agrigento,19084012,Casteltermini,2,4,III
Sicilia,Agrigento,19084013,Castrofilippo,4,4,III
Sicilia,Agrigento,19084014,Cattolica Eraclea,2,4,III
Sicilia,Agrigento,19084015,Cianciana,2,4,III
Sicilia,Agrigento,19084016,Comitini,4,4,III
Sicilia,Agrigento,19084017,Favara,4,4,III
Sicilia,Agrigento,19084018,Grotte,4,4,III
Sicilia,Agrigento,19084019,Joppolo Giancaxio,2,4,III
Sicilia,Agrigento,19084020,Lampedusa e Linosa,4,4,III
Sicilia,Agrigento,19084021,Licata,4,4,III
Sicilia,Agrigento,19084022,Lucca Sicula,2,4,III
Sicilia,Agrigento,19084023,Menfi,1,4,III
Sicilia,Agrigento,19084024,Montallegro,2,4,III
Sicilia,Agrigento,19084025,Montevago,1,4,III
Sicilia,Agrigento,19084026,Naro,4,4,III
Sicilia,Agrigento,19084027,Palma di Montechiaro,4,4,III
Sicilia,Agrigento,19084028,Porto Empedocle,2,4,III
Sicilia,Agrigento,19084029,Racalmuto,4,4,III
Sicilia,Agrigento,19084030,Raffadali,2,4,III
Sicilia,Agrigento,19084031,Ravanusa,4,4,III
Sicilia,Agrigento,19084032,Realmonte,2,4,III
Sicilia,Agrigento,19084033,Ribera,2,4,III
Sicilia,Agrigento,19084034,Sambuca di Sicilia,2,4,III
Sicilia,Agrigento,19084035,San Biagio Platani,2,4,III
Sicilia,Agrigento,19084036,San Giovanni Gemini,2,4,III
Sicilia,Agrigento,19084037,Santa Elisabetta,2,4,III
Sicilia,Agrigento,19084038,Santa Margherita di Belice,1,4,III
Sicilia,Agrigento,19084039,Sant'Angelo Muxaro,2,4,III
Sicilia,Agrigento,19084040,Santo Stefano Quisquina,2,4,III
Sicilia,Agrigento,19084041,Sciacca,2,4,III
Sicilia,Agrigento,19084042,Siculiana,2,4,III
Sicilia,Agrigento,19084043,Villafranca Sicula,2,4,III
Sicilia,Caltanissetta,19085001,Acquaviva Platani,4,4,III
Sicilia,Caltanissetta,19085002,Bompensiere,4,4,III
Sicilia,Caltanissetta,19085003,Butera,3,4,III
Sicilia,Caltanissetta,19085004,Caltanissetta,4,4,III
Sicilia,Caltanissetta,19085005,Campofranco,4,4,III
Sicilia,Caltanissetta,19085006,Delia,4,4,III
Sicilia,Caltanissetta,19085007,Gela,2,4,III
Sicilia,Caltanissetta,19085008,Marianopoli,4,4,III
Sicilia,Caltanissetta,19085009,Mazzarino,3,4,III
Sicilia,Caltanissetta,19085010,Milena,4,4,III
Sicilia,Caltanissetta,19085011,Montedoro,4,4,III
Sicilia,Caltanissetta,19085012,Mussomeli,4,4,III
Sicilia,Caltanissetta,19085013,Niscemi,2,4,III
Sicilia,Caltanissetta,19085014,Resuttano,2,4,III
Sicilia,Caltanissetta,19085015,Riesi,3,4,III
Sicilia,Caltanissetta,19085016,San Cataldo,4,4,III
Sicilia,Caltanissetta,19085017,Santa Caterina Villarmosa,2,4,III
Sicilia,Caltanissetta,19085018,Serradifalco,4,4,III
Sicilia,Caltanissetta,19085019,Sommatino,4,4,III
Sicilia,Caltanissetta,19085020,Sutera,4,4,III
Sicilia,Caltanissetta,19085021,Vallelunga Pratameno,4,4,III
Sicilia,Caltanissetta,19085022,Villalba,4,4,III
Sicilia,Catania,19087001,Aci Bonaccorsi,2,4,III
Sicilia,Catania,19087002,Aci Castello,2,4,III
Sicilia,Catania,19087003,Aci Catena,2,4,III
Sicilia,Catania,19087005,Aci Sant'Antonio,2,4,III
Sicilia,Catania,19087004,Acireale,2,4,III
Sicilia,Catania,19087006,Adrano,2,4,III
Sicilia,Catania,19087007,Belpasso,2,4,III
Sicilia,Catania,19087008,Biancavilla,2,4,III
Sicilia,Catania,19087009,Bronte,2,4,III
Sicilia,Catania,19087010,Calatabiano,2,4,III
Sicilia,Catania,19087011,Caltagirone,2,4,III
Sicilia,Catania,19087012,Camporotondo Etneo,2,4,III
Sicilia,Catania,19087013,Castel di Iudica,2,4,III
Sicilia,Catania,19087014,Castiglione di Sicilia,2,4,III
Sicilia,Catania,19087015,Catania,2,4,III
Sicilia,Catania,19087016,Fiumefreddo di Sicilia,2,4,III
Sicilia,Catania,19087017,Giarre,2,4,III
Sicilia,Catania,19087018,Grammichele,2,4,III
Sicilia,Catania,19087019,Gravina di Catania,2,4,III
Sicilia,Catania,19087020,Licodia Eubea,2,4,III
Sicilia,Catania,19087021,Linguaglossa,2,4,III
Sicilia,Catania,19087022,Maletto,2,4,III
Sicilia,Catania,19087057,Maniace,2,4,III
Sicilia,Catania,19087023,Mascali,2,4,III
Sicilia,Catania,19087024,Mascalucia,2,4,III
Sicilia,Catania,19087056,Mazzarrone,2,4,III
Sicilia,Catania,19087025,Militello in Val di Catania,2,4,III
Sicilia,Catania,19087026,Milo,2,4,III
Sicilia,Catania,19087027,Mineo,2,4,III
Sicilia,Catania,19087028,Mirabella Imbaccari,2,4,III
Sicilia,Catania,19087029,Misterbianco,2,4,III
Sicilia,Catania,19087030,Motta Sant'Anastasia,2,4,III
Sicilia,Catania,19087031,Nicolosi,2,4,III
Sicilia,Catania,19087032,Palagonia,2,4,III
Sicilia,Catania,19087033,Paternò,2,4,III
Sicilia,Catania,19087034,Pedara,2,4,III
Sicilia,Catania,19087035,Piedimonte Etneo,2,4,III
Sicilia,Catania,19087036,Raddusa,2,4,III
Sicilia,Catania,19087058,Ragalna,2,4,III
Sicilia,Catania,19087037,Ramacca,2,4,III
Sicilia,Catania,19087038,Randazzo,2,4,III
Sicilia,Catania,19087039,Riposto,2,4,III
Sicilia,Catania,19087040,San Cono,2,4,III
Sicilia,Catania,19087041,San Giovanni la Punta,2,4,III
Sicilia,Catania,19087042,San Gregorio di Catania,2,4,III
Sicilia,Catania,19087043,San Michele di Ganzaria,2,4,III
Sicilia,Catania,19087044,San Pietro Clarenza,2,4,III
Sicilia,Catania,19087047,Santa Maria di Licodia,2,4,III
Sicilia,Catania,19087048,Santa Venerina,2,4,III
Sicilia,Catania,19087045,Sant'Agata li Battiati,2,4,III
Sicilia,Catania,19087046,Sant'Alfio,2,4,III
Sicilia,Catania,19087049,Scordia,2,4,III
Sicilia,Catania,19087050,Trecastagni,2,4,III
Sicilia,Catania,19087051,Tremestieri Etneo,2,4,III
Sicilia,Catania,19087052,Valverde,2,4,III
Sicilia,Catania,19087053,Viagrande,2,4,III
Sicilia,Catania,19087054,Vizzini,2,4,III
Sicilia,Catania,19087055,Zafferana Etnea,2,4,III
Sicilia,Enna,19086001,Agira,2,4,III
Sicilia,Enna,19086002,Aidone,2,4,III
Sicilia,Enna,19086003,Assoro,2,4,III
Sicilia,Enna,19086004,Barrafranca,3,4,III
Sicilia,Enna,19086005,Calascibetta,2,4,III
Sicilia,Enna,19086006,Catenanuova,2,4,III
Sicilia,Enna,19086007,Centuripe,2,4,III
Sicilia,Enna,19086008,Cerami,2,4,III
Sicilia,Enna,19086009,Enna,2,4,III
Sicilia,Enna,19086010,Gagliano Castelferrato,2,4,III
Sicilia,Enna,19086011,Leonforte,2,4,III
Sicilia,Enna,19086012,Nicosia,2,4,III
Sicilia,Enna,19086013,Nissoria,2,4,III
Sicilia,Enna,19086014,Piazza Armerina,2,4,III
Sicilia,Enna,19086015,Pietraperzia,3,4,III
Sicilia,Enna,19086016,Regalbuto,2,4,III
Sicilia,Enna,19086017,Sperlinga,2,4,III
Sicilia,Enna,19086018,Troina,2,4,III
Sicilia,Enna,19086019,Valguarnera Caropepe,2,4,III
Sicilia,Enna,19086020,Villarosa,2,4,III
Sicilia,Messina,19083107,Acquedolci,2,4,III
Sicilia,Messina,19083001,Alcara li Fusi,2,4,III
Sicilia,Messina,19083002,Alì,1,4,III
Sicilia,Messina,19083003,Alì Terme,1,4,III
Sicilia,Messina,19083004,Antillo,2,4,III
Sicilia,Messina,19083005,Barcellona Pozzo di Gotto,2,4,III
Sicilia,Messina,19083006,Basicò,2,4,III
Sicilia,Messina,19083007,Brolo,2,4,III
Sicilia,Messina,19083008,Capizzi,2,4,III
Sicilia,Messina,19083009,Capo d'Orlando,2,4,III
Sicilia,Messina,19083010,Capri Leone,2,4,III
Sicilia,Messina,19083011,Caronia,2,4,III
Sicilia,Messina,19083012,Casalvecchio Siculo,2,4,III
Sicilia,Messina,19083013,Castel di Lucio,2,4,III
Sicilia,Messina,19083014,Castell'Umberto,2,4,III
Sicilia,Messina,19083015,Castelmola,2,4,III
Sicilia,Messina,19083016,Castroreale,2,4,III
Sicilia,Messina,19083017,Cesarò,2,4,III
Sicilia,Messina,19083018,Condrò,2,4,III
Sicilia,Messina,19083019,Falcone,2,4,III
Sicilia,Messina,19083020,Ficarra,2,4,III
Sicilia,Messina,19083021,Fiumedinisi,1,4,III
Sicilia,Messina,19083022,Floresta,2,4,III
Sicilia,Messina,19083023,Fondachelli-Fantina,2,4,III
Sicilia,Messina,19083024,Forza d'Agrò,2,4,III
Sicilia,Messina,19083025,Francavilla di Sicilia,2,4,III
Sicilia,Messina,19083026,Frazzanò,2,4,III
Sicilia,Messina,19083027,Furci Siculo,1,4,III
Sicilia,Messina,19083028,Furnari,2,4,III
Sicilia,Messina,19083029,Gaggi,2,4,III
Sicilia,Messina,19083030,Galati Mamertino,2,4,III
Sicilia,Messina,19083031,Gallodoro,2,4,III
Sicilia,Messina,19083032,Giardini-Naxos,2,4,III
Sicilia,Messina,19083033,Gioiosa Marea,2,4,III
Sicilia,Messina,19083034,Graniti,2,4,III
Sicilia,Messina,19083035,Gualtieri Sicaminò,2,4,III
Sicilia,Messina,19083036,Itala,1,4,III
Sicilia,Messina,19083037,Leni,2,4,III
Sicilia,Messina,19083038,Letojanni,2,4,III
Sicilia,Messina,19083039,Librizzi,2,4,III
Sicilia,Messina,19083040,Limina,2,4,III
Sicilia,Messina,19083041,Lipari,2,4,III
Sicilia,Messina,19083042,Longi,2,4,III
Sicilia,Messina,19083043,Malfa,2,4,III
Sicilia,Messina,19083044,Malvagna,2,4,III
Sicilia,Messina,19083045,Mandanici,1,4,III
Sicilia,Messina,19083046,Mazzarrà Sant'Andrea,2,4,III
Sicilia,Messina,19083047,Merì,2,4,III
Sicilia,Messina,19083048,Messina,1,4,III
Sicilia,Messina,19083049,Milazzo,2,4,III
Sicilia,Messina,19083050,Militello Rosmarino,2,4,III
Sicilia,Messina,19083051,Mirto,2,4,III
Sicilia,Messina,19083052,Mistretta,2,4,III
Sicilia,Messina,19083053,Moio Alcantara,2,4,III
Sicilia,Messina,19083054,Monforte San Giorgio,2,4,III
Sicilia,Messina,19083055,Mongiuffi Melia,2,4,III
Sicilia,Messina,19083056,Montagnareale,2,4,III
Sicilia,Messina,19083057,Montalbano Elicona,2,4,III
Sicilia,Messina,19083058,Motta Camastra,2,4,III
Sicilia,Messina,19083059,Motta d'Affermo,2,4,III
Sicilia,Messina,19083060,Naso,2,4,III
Sicilia,Messina,19083061,Nizza di Sicilia,1,4,III
Sicilia,Messina,19083062,Novara di Sicilia,2,4,III
Sicilia,Messina,19083063,Oliveri,2,4,III
Sicilia,Messina,19083064,Pace del Mela,2,4,III
Sicilia,Messina,19083065,Pagliara,1,4,III
Sicilia,Messina,19083066,Patti,2,4,III
Sicilia,Messina,19083067,Pettineo,2,4,III
Sicilia,Messina,19083068,Piraino,2,4,III
Sicilia,Messina,19083069,Raccuja,2,4,III
Sicilia,Messina,19083070,Reitano,2,4,III
Sicilia,Messina,19083071,Roccafiorita,2,4,III
Sicilia,Messina,19083072,Roccalumera,1,4,III
Sicilia,Messina,19083073,Roccavaldina,2,4,III
Sicilia,Messina,19083074,Roccella Valdemone,2,4,III
Sicilia,Messina,19083075,Rodì Milici,2,4,III
Sicilia,Messina,19083076,Rometta,1,4,III
Sicilia,Messina,19083077,San Filippo del Mela,2,4,III
Sicilia,Messina,19083078,San Fratello,2,4,III
Sicilia,Messina,19083079,San Marco d'Alunzio,2,4,III
Sicilia,Messina,19083080,San Pier Niceto,2,4,III
Sicilia,Messina,19083081,San Piero Patti,2,4,III
Sicilia,Messina,19083082,San Salvatore di Fitalia,2,4,III
Sicilia,Messina,19083090,San Teodoro,2,4,III
Sicilia,Messina,19083083,Santa Domenica Vittoria,2,4,III
Sicilia,Messina,19083086,Santa Lucia del Mela,2,4,III
Sicilia,Messina,19083087,Santa Marina Salina,2,4,III
Sicilia,Messina,19083089,Santa Teresa di Riva,1,4,III
Sicilia,Messina,19083084,Sant'Agata di Militello,2,4,III
Sicilia,Messina,19083085,Sant'Alessio Siculo,1,4,III
Sicilia,Messina,19083088,Sant'Angelo di Brolo,2,4,III
Sicilia,Messina,19083091,Santo Stefano di Camastra,2,4,III
Sicilia,Messina,19083092,Saponara,1,4,III
Sicilia,Messina,19083093,Savoca,1,4,III
Sicilia,Messina,19083094,Scaletta Zanclea,1,4,III
Sicilia,Messina,19083095,Sinagra,2,4,III
Sicilia,Messina,19083096,Spadafora,2,4,III
Sicilia,Messina,19083097,Taormina,2,4,III
Sicilia,Messina,19083106,Terme Vigliatore,2,4,III
Sicilia,Messina,19083098,Torregrotta,2,4,III
Sicilia,Messina,19083108,Torrenova,2,4,III
Sicilia,Messina,19083099,Tortorici,2,4,III
Sicilia,Messina,19083100,Tripi,2,4,III
Sicilia,Messina,19083101,Tusa,2,4,III
Sicilia,Messina,19083102,Ucria,2,4,III
Sicilia,Messina,19083103,Valdina,2,4,III
Sicilia,Messina,19083104,Venetico,2,4,III
Sicilia,Messina,19083105,Villafranca Tirrena,1,4,III
Sicilia,Palermo,19082001,Alia,2,4,III
Sicilia,Palermo,19082002,Alimena,2,4,III
Sicilia,Palermo,19082003,Aliminusa,2,4,III
Sicilia,Palermo,19082004,Altavilla Milicia,2,4,III
Sicilia,Palermo,19082005,Altofonte,2,4,III
Sicilia,Palermo,19082006,Bagheria,2,4,III
Sicilia,Palermo,19082007,Balestrate,2,4,III
Sicilia,Palermo,19082008,Baucina,2,4,III
Sicilia,Palermo,19082009,Belmonte Mezzagno,2,4,III
Sicilia,Palermo,19082010,Bisacquino,2,4,III
Sicilia,Palermo,19082082,Blufi,2,4,III
Sicilia,Palermo,19082011,Bolognetta,2,4,III
Sicilia,Palermo,19082012,Bompietro,2,4,III
Sicilia,Palermo,19082013,Borgetto,2,4,III
Sicilia,Palermo,19082014,Caccamo,2,4,III
Sicilia,Palermo,19082015,Caltavuturo,2,4,III
Sicilia,Palermo,19082016,Campofelice di Fitalia,2,4,III
Sicilia,Palermo,19082017,Campofelice di Roccella,2,4,III
Sicilia,Palermo,19082018,Campofiorito,2,4,III
Sicilia,Palermo,19082019,Camporeale,2,4,III
Sicilia,Palermo,19082020,Capaci,2,4,III
Sicilia,Palermo,19082021,Carini,2,4,III
Sicilia,Palermo,19082022,Castelbuono,2,4,III
Sicilia,Palermo,19082023,Casteldaccia,2,4,III
Sicilia,Palermo,19082024,Castellana Sicula,2,4,III
Sicilia,Palermo,19082025,Castronuovo di Sicilia,2,4,III
Sicilia,Palermo,19082026,Cefalà Diana,2,4,III
Sicilia,Palermo,19082027,Cefalù,2,4,III
Sicilia,Palermo,19082028,Cerda,2,4,III
Sicilia,Palermo,19082029,Chiusa Sclafani,2,4,III
Sicilia,Palermo,19082030,Ciminna,2,4,III
Sicilia,Palermo,19082031,Cinisi,2,4,III
Sicilia,Palermo,19082032,Collesano,2,4,III
Sicilia,Palermo,19082033,Contessa Entellina,1,4,III
Sicilia,Palermo,19082034,Corleone,2,4,III
Sicilia,Palermo,19082035,Ficarazzi,2,4,III
Sicilia,Palermo,19082036,Gangi,2,4,III
Sicilia,Palermo,19082037,Geraci Siculo,2,4,III
Sicilia,Palermo,19082038,Giardinello,2,4,III
Sicilia,Palermo,19082039,Giuliana,2,4,III
Sicilia,Palermo,19082040,Godrano,2,4,III
Sicilia,Palermo,19082041,Gratteri,2,4,III
Sicilia,Palermo,19082042,Isnello,2,4,III
Sicilia,Palermo,19082043,Isola delle Femmine,2,4,III
Sicilia,Palermo,19082044,Lascari,2,4,III
Sicilia,Palermo,19082045,Lercara Friddi,2,4,III
Sicilia,Palermo,19082046,Marineo,2,4,III
Sicilia,Palermo,19082047,Mezzojuso,2,4,III
Sicilia,Palermo,19082048,Misilmeri,2,4,III
Sicilia,Palermo,19082049,Monreale,2,4,III
Sicilia,Palermo,19082050,Montelepre,2,4,III
Sicilia,Palermo,19082051,Montemaggiore Belsito,2,4,III
Sicilia,Palermo,19082052,Palazzo Adriano,2,4,III
Sicilia,Palermo,19082053,Palermo,2,4,III
Sicilia,Palermo,19082054,Partinico,2,4,III
Sicilia,Palermo,19082055,Petralia Soprana,2,4,III
Sicilia,Palermo,19082056,Petralia Sottana,2,4,III
Sicilia,Palermo,19082057,Piana degli Albanesi,2,4,III
Sicilia,Palermo,19082058,Polizzi Generosa,2,4,III
Sicilia,Palermo,19082059,Pollina,2,4,III
Sicilia,Palermo,19082060,Prizzi,2,4,III
Sicilia,Palermo,19082061,Roccamena,2,4,III
Sicilia,Palermo,19082062,Roccapalumba,2,4,III
Sicilia,Palermo,19082063,San Cipirello,2,4,III
Sicilia,Palermo,19082064,San Giuseppe Jato,2,4,III
Sicilia,Palermo,19082065,San Mauro Castelverde,2,4,III
Sicilia,Palermo,19082066,Santa Cristina Gela,2,4,III
Sicilia,Palermo,19082067,Santa Flavia,2,4,III
Sicilia,Palermo,19082068,Sciara,2,4,III
Sicilia,Palermo,19082081,Scillato,2,4,III
Sicilia,Palermo,19082069,Sclafani Bagni,2,4,III
Sicilia,Palermo,19082070,Termini Imerese,2,4,III
Sicilia,Palermo,19082071,Terrasini,2,4,III
Sicilia,Palermo,19082072,Torretta,2,4,III
Sicilia,Palermo,19082073,Trabia,2,4,III
Sicilia,Palermo,19082074,Trappeto,2,4,III
Sicilia,Palermo,19082075,Ustica,2,4,III
Sicilia,Palermo,19082076,Valledolmo,2,4,III
Sicilia,Palermo,19082077,Ventimiglia di Sicilia,2,4,III
Sicilia,Palermo,19082078,Vicari,2,4,III
Sicilia,Palermo,19082079,Villabate,2,4,III
Sicilia,Palermo,19082080,Villafrati,2,4,III
Sicilia,Ragusa,19088001,Acate,2,4,III
Sicilia,Ragusa,19088002,Chiaramonte Gulfi,2,4,III
Sicilia,Ragusa,19088003,Comiso,2,4,III
Sicilia,Ragusa,19088004,Giarratana,2,4,III
Sicilia,Ragusa,19088005,Ispica,2,4,III
Sicilia,Ragusa,19088006,Modica,2,4,III
Sicilia,Ragusa,19088007,Monterosso Almo,2,4,III
Sicilia,Ragusa,19088008,Pozzallo,2,4,III
Sicilia,Ragusa,19088009,Ragusa,2,4,III
Sicilia,Ragusa,19088010,Santa Croce Camerina,2,4,III
Sicilia,Ragusa,19088011,Scicli,2,4,III
Sicilia,Ragusa,19088012,Vittoria,2,4,III
Sicilia,Siracusa,19089001,Augusta,2,4,III
Sicilia,Siracusa,19089002,Avola,2,4,III
Sicilia,Siracusa,19089003,Buccheri,2,4,III
Sicilia,Siracusa,19089004,Buscemi,2,4,III
Sicilia,Siracusa,19089005,Canicattini Bagni,2,4,III
Sicilia,Siracusa,19089006,Carlentini,2,4,III
Sicilia,Siracusa,19089007,Cassaro,2,4,III
Sicilia,Siracusa,19089008,Ferla,2,4,III
Sicilia,Siracusa,19089009,Floridia,2,4,III
Sicilia,Siracusa,19089010,Francofonte,2,4,III
Sicilia,Siracusa,19089011,Lentini,2,4,III
Sicilia,Siracusa,19089012,Melilli,2,4,III
Sicilia,Siracusa,19089013,Noto,2,4,III
Sicilia,Siracusa,19089014,Pachino,2,4,III
Sicilia,Siracusa,19089015,Palazzolo Acreide,2,4,III
Sicilia,Siracusa,19089020,Portopalo di Capo Passero,2,4,III
Sicilia,Siracusa,19089021,Priolo Gargallo,2,4,III
Sicilia,Siracusa,19089016,Rosolini,2,4,III
Sicilia,Siracusa,19089017,Siracusa,2,4,III
Sicilia,Siracusa,19089018,Solarino,2,4,III
Sicilia,Siracusa,19089019,Sortino,2,4,III
Sicilia,Trapani,19081001,Alcamo,2,4,III
Sicilia,Trapani,19081002,Buseto Palizzolo,2,4,III
Sicilia,Trapani,19081003,Calatafimi,2,4,III
Sicilia,Trapani,19081004,Campobello di Mazara,2,4,III
Sicilia,Trapani,19081005,Castellammare del Golfo,2,4,III
Sicilia,Trapani,19081006,Castelvetrano,2,4,III
Sicilia,Trapani,19081007,Custonaci,2,4,III
Sicilia,Trapani,19081008,Erice,2,4,III
Sicilia,Trapani,19081009,Favignana,2,4,III
Sicilia,Trapani,19081010,Gibellina,1,4,III
Sicilia,Trapani,19081011,Marsala,2,4,III
Sicilia,Trapani,19081012,Mazara del Vallo,2,4,III
Sicilia,Trapani,19081013,Paceco,2,4,III
Sicilia,Trapani,19081014,Pantelleria,4,4,III
Sicilia,Trapani,19081015,Partanna,1,4,III
Sicilia,Trapani,19081024,Petrosino,2,4,III
Sicilia,Trapani,19081016,Poggioreale,1,4,III
Sicilia,Trapani,19081017,Salaparuta,1,4,III
Sicilia,Trapani,19081018,Salemi,1,4,III
Sicilia,Trapani,19081020,San Vito Lo Capo,2,4,III
Sicilia,Trapani,19081019,Santa Ninfa,1,4,III
Sicilia,Trapani,19081021,Trapani,2,4,III
Sicilia,Trapani,19081022,Valderice,2,4,III
Sicilia,Trapani,19081023,Vita,2,4,III
Toscana,Arezzo,9051001,Anghiari,2,3,II
Toscana,Arezzo,9051002,Arezzo,2,3,II
Toscana,Arezzo,9051003,Badia Tedalda,2,3,II
Toscana,Arezzo,9051004,Bibbiena,2,3,II
Toscana,Arezzo,9051005,Bucine,3,3,II
Toscana,Arezzo,9051006,Capolona,2,3,II
Toscana,Arezzo,9051007,Caprese Michelangelo,2,3,II
Toscana,Arezzo,9051008,Castel Focognano,2,3,II
Toscana,Arezzo,9051010,Castel San Niccolò,2,3,II
Toscana,Arezzo,9051009,Castelfranco di Sopra,2,3,II
Toscana,Arezzo,9051011,Castiglion Fibocchi,3,3,II
Toscana,Arezzo,9051012,Castiglion Fiorentino,2,3,II
Toscana,Arezzo,9051013,Cavriglia,2,3,II
Toscana,Arezzo,9051014,Chitignano,2,3,II
Toscana,Arezzo,9051015,Chiusi della Verna,2,3,II
Toscana,Arezzo,9051016,Civitella in Val di Chiana,3,3,II
Toscana,Arezzo,9051017,Cortona,2,3,II
Toscana,Arezzo,9051018,Foiano della Chiana,3,3,II
Toscana,Arezzo,9051019,Laterina,3,3,II
Toscana,Arezzo,9051020,Loro Ciuffenna,3,3,II
Toscana,Arezzo,9051021,Lucignano,3,3,II
Toscana,Arezzo,9051022,Marciano della Chiana,3,3,II
Toscana,Arezzo,9051025,Monte San Savino,3,3,II
Toscana,Arezzo,9051023,Montemignaio,2,3,II
Toscana,Arezzo,9051024,Monterchi,2,3,II
Toscana,Arezzo,9051026,Montevarchi,3,3,II
Toscana,Arezzo,9051027,Ortignano Raggiolo,2,3,II
Toscana,Arezzo,9051028,Pergine Valdarno,3,3,II
Toscana,Arezzo,9051029,Pian di Sco,2,3,II
Toscana,Arezzo,9051030,Pieve Santo Stefano,2,3,II
Toscana,Arezzo,9051031,Poppi,2,3,II
Toscana,Arezzo,9051032,Pratovecchio,2,3,II
Toscana,Arezzo,9051033,San Giovanni Valdarno,2,3,II
Toscana,Arezzo,9051034,Sansepolcro,2,3,II
Toscana,Arezzo,9051035,Sestino,2,3,II
Toscana,Arezzo,9051036,Stia,2,3,II
Toscana,Arezzo,9051037,Subbiano,2,3,II
Toscana,Arezzo,9051038,Talla,3,3,II
Toscana,Arezzo,9051039,Terranuova Bracciolini,3,3,II
Toscana,Firenze,9048001,Bagno a Ripoli,2,3,II
Toscana,Firenze,9048002,Barberino di Mugello,2,3,II
Toscana,Firenze,9048003,Barberino Val d'Elsa,2,3,II
Toscana,Firenze,9048004,Borgo San Lorenzo,2,3,II
Toscana,Firenze,9048005,Calenzano,2,3,II
Toscana,Firenze,9048006,Campi Bisenzio,2,3,II
Toscana,Firenze,9048008,Capraia e Limite,2,3,II
Toscana,Firenze,9048010,Castelfiorentino,2,3,II
Toscana,Firenze,9048011,Cerreto Guidi,2,3,II
Toscana,Firenze,9048012,Certaldo,2,3,II
Toscana,Firenze,9048013,Dicomano,2,3,II
Toscana,Firenze,9048014,Empoli,2,3,II
Toscana,Firenze,9048015,Fiesole,2,3,II
Toscana,Firenze,9048016,Figline Valdarno,2,3,II
Toscana,Firenze,9048017,Firenze,2,3,II
Toscana,Firenze,9048018,Firenzuola,2,3,II
Toscana,Firenze,9048019,Fucecchio,2,3,II
Toscana,Firenze,9048020,Gambassi Terme,2,3,II
Toscana,Firenze,9048021,Greve in Chianti,2,3,II
Toscana,Firenze,9048022,Impruneta,2,3,II
Toscana,Firenze,9048023,Incisa in Val d'Arno,2,3,II
Toscana,Firenze,9048024,Lastra a Signa,2,3,II
Toscana,Firenze,9048025,Londa,2,3,II
Toscana,Firenze,9048026,Marradi,2,3,II
Toscana,Firenze,9048027,Montaione,2,3,II
Toscana,Firenze,9048028,Montelupo Fiorentino,2,3,II
Toscana,Firenze,9048030,Montespertoli,2,3,II
Toscana,Firenze,9048031,Palazzuolo sul Senio,2,3,II
Toscana,Firenze,9048032,Pelago,2,3,II
Toscana,Firenze,9048033,Pontassieve,2,3,II
Toscana,Firenze,9048035,Reggello,2,3,II
Toscana,Firenze,9048036,Rignano sull'Arno,2,3,II
Toscana,Firenze,9048037,Rufina,2,3,II
Toscana,Firenze,9048038,San Casciano in Val di Pesa,2,3,II
Toscana,Firenze,9048039,San Godenzo,2,3,II
Toscana,Firenze,9048040,San Piero a Sieve,2,3,II
Toscana,Firenze,9048041,Scandicci,2,3,II
Toscana,Firenze,9048042,Scarperia,2,3,II
Toscana,Firenze,9048043,Sesto Fiorentino,2,3,II
Toscana,Firenze,9048044,Signa,2,3,II
Toscana,Firenze,9048045,Tavarnelle Val di Pesa,2,3,II
Toscana,Firenze,9048046,Vaglia,2,3,II
Toscana,Firenze,9048049,Vicchio,2,3,II
Toscana,Firenze,9048050,Vinci,2,3,II
Toscana,Grosseto,9053001,Arcidosso,3,3,III
Toscana,Grosseto,9053002,Campagnatico,3,3,III
Toscana,Grosseto,9053003,Capalbio,4,3,III
Toscana,Grosseto,9053004,Castel del Piano,3,3,III
Toscana,Grosseto,9053005,Castell'Azzara,2,3,III
Toscana,Grosseto,9053006,Castiglione della Pescaia,4,3,III
Toscana,Grosseto,9053007,Cinigiano,3,3,III
Toscana,Grosseto,9053008,Civitella Paganico,2,3,III
Toscana,Grosseto,9053009,Follonica,4,3,III
Toscana,Grosseto,9053010,Gavorrano,4,3,III
Toscana,Grosseto,9053011,Grosseto,4,3,III
Toscana,Grosseto,9053012,Isola del Giglio,4,3,III
Toscana,Grosseto,9053013,Magliano in Toscana,4,3,III
Toscana,Grosseto,9053014,Manciano,3,3,III
Toscana,Grosseto,9053015,Massa Marittima,3,3,III
Toscana,Grosseto,9053016,Monte Argentario,4,3,III
Toscana,Grosseto,9053027,Monterotondo Marittimo,3,3,III
Toscana,Grosseto,9053017,Montieri,3,3,III
Toscana,Grosseto,9053018,Orbetello,4,3,III
Toscana,Grosseto,9053019,Pitigliano,3,3,III
Toscana,Grosseto,9053020,Roccalbegna,3,3,III
Toscana,Grosseto,9053021,Roccastrada,2,3,III
Toscana,Grosseto,9053022,Santa Fiora,2,3,III
Toscana,Grosseto,9053023,Scansano,3,3,III
Toscana,Grosseto,9053024,Scarlino,4,3,III
Toscana,Grosseto,9053025,Seggiano,3,3,III
Toscana,Grosseto,9053028,Semproniano,2,3,III
Toscana,Grosseto,9053026,Sorano,2,3,III
Toscana,Livorno,9049001,Bibbona,2,3,III
Toscana,Livorno,9049002,Campiglia Marittima,4,3,III
Toscana,Livorno,9049003,Campo nell'Elba,4,3,III
Toscana,Livorno,9049004,Capoliveri,4,3,III
Toscana,Livorno,9049005,Capraia Isola,4,3,III
Toscana,Livorno,9049006,Castagneto Carducci,2,3,III
Toscana,Livorno,9049007,Cecina,2,3,III
Toscana,Livorno,9049008,Collesalvetti,2,3,III
Toscana,Livorno,9049009,Livorno,2,3,III
Toscana,Livorno,9049010,Marciana,4,3,III
Toscana,Livorno,9049011,Marciana Marina,4,3,III
Toscana,Livorno,9049012,Piombino,4,3,III
Toscana,Livorno,9049013,Porto Azzurro,4,3,III
Toscana,Livorno,9049014,Portoferraio,4,3,III
Toscana,Livorno,9049015,Rio Marina,4,3,III
Toscana,Livorno,9049016,Rio nell'Elba,4,3,III
Toscana,Livorno,9049017,Rosignano Marittimo,2,3,III
Toscana,Livorno,9049018,San Vincenzo,4,3,III
Toscana,Livorno,9049019,Sassetta,4,3,III
Toscana,Livorno,9049020,Suvereto,4,3,III
Toscana,Lucca,9046001,Altopascio,3,3,II
Toscana,Lucca,9046002,Bagni di Lucca,3,3,II
Toscana,Lucca,9046003,Barga,2,3,II
Toscana,Lucca,9046004,Borgo a Mozzano,3,3,II
Toscana,Lucca,9046005,Camaiore,3,3,II
Toscana,Lucca,9046006,Camporgiano,2,3,II
Toscana,Lucca,9046007,Capannori,3,3,II
Toscana,Lucca,9046008,Careggine,2,3,II
Toscana,Lucca,9046009,Castelnuovo di Garfagnana,2,3,II
Toscana,Lucca,9046010,Castiglione di Garfagnana,2,3,II
Toscana,Lucca,9046011,Coreglia Antelminelli,3,3,II
Toscana,Lucca,9046012,Fabbriche di Vallico,2,3,II
Toscana,Lucca,9046013,Forte dei Marmi,3,3,II
Toscana,Lucca,9046014,Fosciandora,2,3,II
Toscana,Lucca,9046015,Gallicano,2,3,II
Toscana,Lucca,9046016,Giuncugnano,2,3,II
Toscana,Lucca,9046017,Lucca,3,3,II
Toscana,Lucca,9046018,Massarosa,3,3,II
Toscana,Lucca,9046019,Minucciano,2,3,II
Toscana,Lucca,9046020,Molazzana,2,3,II
Toscana,Lucca,9046021,Montecarlo,3,3,II
Toscana,Lucca,9046022,Pescaglia,3,3,II
Toscana,Lucca,9046023,Piazza al Serchio,2,3,II
Toscana,Lucca,9046024,Pietrasanta,3,3,II
Toscana,Lucca,9046025,Pieve Fosciana,2,3,II
Toscana,Lucca,9046026,Porcari,3,3,II
Toscana,Lucca,9046027,San Romano in Garfagnana,2,3,II
Toscana,Lucca,9046028,Seravezza,3,3,II
Toscana,Lucca,9046029,Sillano,2,3,II
Toscana,Lucca,9046030,Stazzema,3,3,II
Toscana,Lucca,9046031,Vagli Sotto,2,3,II
Toscana,Lucca,9046032,Vergemoli,2,3,II
Toscana,Lucca,9046033,Viareggio,3,3,II
Toscana,Lucca,9046034,Villa Basilica,3,3,II
Toscana,Lucca,9046035,Villa Collemandina,2,3,II
Toscana,Massa-Carrara,9045001,Aulla,2,3,II
Toscana,Massa-Carrara,9045002,Bagnone,2,3,II
Toscana,Massa-Carrara,9045003,Carrara,2,3,II
Toscana,Massa-Carrara,9045004,Casola in Lunigiana,2,3,II
Toscana,Massa-Carrara,9045005,Comano,2,3,II
Toscana,Massa-Carrara,9045006,Filattiera,2,3,II
Toscana,Massa-Carrara,9045007,Fivizzano,2,3,II
Toscana,Massa-Carrara,9045008,Fosdinovo,2,3,II
Toscana,Massa-Carrara,9045009,Licciana Nardi,2,3,II
Toscana,Massa-Carrara,9045010,Massa,2,3,II
Toscana,Massa-Carrara,9045011,Montignoso,2,3,II
Toscana,Massa-Carrara,9045012,Mulazzo,2,3,II
Toscana,Massa-Carrara,9045013,Podenzana,2,3,II
Toscana,Massa-Carrara,9045014,Pontremoli,2,3,II
Toscana,Massa-Carrara,9045015,Tresana,2,3,II
Toscana,Massa-Carrara,9045016,Villafranca in Lunigiana,2,3,II
Toscana,Massa-Carrara,9045017,Zeri,2,3,II
Toscana,Pisa,9050001,Bientina,2,3,III
Toscana,Pisa,9050002,Buti,2,3,III
Toscana,Pisa,9050003,Calci,2,3,III
Toscana,Pisa,9050004,Calcinaia,2,3,III
Toscana,Pisa,9050005,Capannoli,2,3,III
Toscana,Pisa,9050006,Casale Marittimo,2,3,III
Toscana,Pisa,9050007,Casciana Terme,2,3,III
Toscana,Pisa,9050008,Cascina,2,3,III
Toscana,Pisa,9050009,Castelfranco di Sotto,2,3,III
Toscana,Pisa,9050010,Castellina Marittima,2,3,III
Toscana,Pisa,9050011,Castelnuovo di Val di Cecina,3,3,III
Toscana,Pisa,9050012,Chianni,2,3,III
Toscana,Pisa,9050013,Crespina,2,3,III
Toscana,Pisa,9050014,Fauglia,2,3,III
Toscana,Pisa,9050015,Guardistallo,2,3,III
Toscana,Pisa,9050016,Lajatico,2,3,III
Toscana,Pisa,9050017,Lari,2,3,III
Toscana,Pisa,9050018,Lorenzana,2,3,III
Toscana,Pisa,9050019,Montecatini Val di Cecina,3,3,III
Toscana,Pisa,9050020,Montescudaio,2,3,III
Toscana,Pisa,9050021,Monteverdi Marittimo,3,3,III
Toscana,Pisa,9050022,Montopoli in Val d'Arno,2,3,III
Toscana,Pisa,9050023,Orciano Pisano,2,3,III
Toscana,Pisa,9050024,Palaia,2,3,III
Toscana,Pisa,9050025,Peccioli,2,3,III
Toscana,Pisa,9050026,Pisa,2,3,III
Toscana,Pisa,9050027,Pomarance,3,3,III
Toscana,Pisa,9050028,Ponsacco,2,3,III
Toscana,Pisa,9050029,Pontedera,2,3,III
Toscana,Pisa,9050030,Riparbella,2,3,III
Toscana,Pisa,9050031,San Giuliano Terme,3,3,III
Toscana,Pisa,9050032,San Miniato,2,3,III
Toscana,Pisa,9050033,Santa Croce sull'Arno,2,3,III
Toscana,Pisa,9050034,Santa Luce,2,3,III
Toscana,Pisa,9050035,Santa Maria a Monte,2,3,III
Toscana,Pisa,9050036,Terricciola,2,3,III
Toscana,Pisa,9050037,Vecchiano,3,3,III
Toscana,Pisa,9050038,Vicopisano,2,3,III
Toscana,Pisa,9050039,Volterra,3,3,III
Toscana,Pistoia,9047001,Abetone,3,3,II
Toscana,Pistoia,9047002,Agliana,2,3,II
Toscana,Pistoia,9047003,Buggiano,3,3,II
Toscana,Pistoia,9047022,Chiesina Uzzanese,3,3,II
Toscana,Pistoia,9047004,Cutigliano,3,3,II
Toscana,Pistoia,9047005,Lamporecchio,2,3,II
Toscana,Pistoia,9047006,Larciano,2,3,II
Toscana,Pistoia,9047007,Marliana,3,3,II
Toscana,Pistoia,9047008,Massa e Cozzile,3,3,II
Toscana,Pistoia,9047009,Monsummano Terme,3,3,II
Toscana,Pistoia,9047010,Montale,2,3,II
Toscana,Pistoia,9047011,Montecatini-Terme,3,3,II
Toscana,Pistoia,9047012,Pescia,3,3,II
Toscana,Pistoia,9047013,Pieve a Nievole,3,3,II
Toscana,Pistoia,9047014,Pistoia,2,3,II
Toscana,Pistoia,9047015,Piteglio,3,3,II
Toscana,Pistoia,9047016,Ponte Buggianese,3,3,II
Toscana,Pistoia,9047017,Quarrata,2,3,II
Toscana,Pistoia,9047018,Sambuca Pistoiese,2,3,II
Toscana,Pistoia,9047019,San Marcello Pistoiese,3,3,II
Toscana,Pistoia,9047020,Serravalle Pistoiese,2,3,II
Toscana,Pistoia,9047021,Uzzano,3,3,II
Toscana,Prato,9100001,Cantagallo,2,3,II
Toscana,Prato,9100002,Carmignano,2,3,II
Toscana,Prato,9100003,Montemurlo,2,3,II
Toscana,Prato,9100004,Poggio a Caiano,2,3,II
Toscana,Prato,9100005,Prato,2,3,II
Toscana,Prato,9100006,Vaiano,2,3,II
Toscana,Prato,9100007,Vernio,2,3,II
Toscana,Siena,9052001,Abbadia San Salvatore,2,3,III
Toscana,Siena,9052002,Asciano,3,3,III
Toscana,Siena,9052003,Buonconvento,3,3,III
Toscana,Siena,9052004,Casole d'Elsa,3,3,III
Toscana,Siena,9052005,Castellina in Chianti,2,3,III
Toscana,Siena,9052006,Castelnuovo Berardenga,2,3,III
Toscana,Siena,9052007,Castiglione d'Orcia,2,3,III
Toscana,Siena,9052008,Cetona,2,3,III
Toscana,Siena,9052009,Chianciano Terme,3,3,III
Toscana,Siena,9052010,Chiusdino,2,3,III
Toscana,Siena,9052011,Chiusi,2,3,III
Toscana,Siena,9052012,Colle di Val d'Elsa,2,3,III
Toscana,Siena,9052013,Gaiole in Chianti,2,3,III
Toscana,Siena,9052014,Montalcino,3,3,III
Toscana,Siena,9052015,Montepulciano,3,3,III
Toscana,Siena,9052016,Monteriggioni,2,3,III
Toscana,Siena,9052017,Monteroni d'Arbia,2,3,III
Toscana,Siena,9052018,Monticiano,2,3,III
Toscana,Siena,9052019,Murlo,2,3,III
Toscana,Siena,9052020,Piancastagnaio,2,3,III
Toscana,Siena,9052021,Pienza,3,3,III
Toscana,Siena,9052022,Poggibonsi,2,3,III
Toscana,Siena,9052023,Radda in Chianti,2,3,III
Toscana,Siena,9052024,Radicofani,2,3,III
Toscana,Siena,9052025,Radicondoli,3,3,III
Toscana,Siena,9052026,Rapolano Terme,3,3,III
Toscana,Siena,9052027,San Casciano dei Bagni,2,3,III
Toscana,Siena,9052028,San Gimignano,2,3,III
Toscana,Siena,9052029,San Giovanni d'Asso,3,3,III
Toscana,Siena,9052030,San Quirico d'Orcia,3,3,III
Toscana,Siena,9052031,Sarteano,2,3,III
Toscana,Siena,9052032,Siena,2,3,III
Toscana,Siena,9052033,Sinalunga,3,3,III
Toscana,Siena,9052034,Sovicille,2,3,III
Toscana,Siena,9052035,Torrita di Siena,3,3,III
Toscana,Siena,9052036,Trequanda,3,3,III
Trentino-Alto Adige,Bolzano,4021001,Aldino,4,1,I (alpina)
Trentino-Alto Adige,Bolzano,4021002,Andriano,4,1,I (alpina)
Trentino-Alto Adige,Bolzano,4021003,Anterivo,4,1,I (alpina)
Trentino-Alto Adige,Bolzano,4021004,Appiano sulla strada del vino,4,1,I (alpina)
Trentino-Alto Adige,Bolzano,4021005,Avelengo,4,1,I (alpina)
Trentino-Alto Adige,Bolzano,4021006,Badia,4,1,I (alpina)
Trentino-Alto Adige,Bolzano,4021007,Barbiano,4,1,I (alpina)
Trentino-Alto Adige,Bolzano,4021008,Bolzano,4,1,I (alpina)
Trentino-Alto Adige,Bolzano,4021009,Braies,4,1,I (alpina)
Trentino-Alto Adige,Bolzano,4021010,Brennero,4,1,I (alpina)
Trentino-Alto Adige,Bolzano,4021011,Bressanone,4,1,I (alpina)
Trentino-Alto Adige,Bolzano,4021012,Bronzolo,4,1,I (alpina)
Trentino-Alto Adige,Bolzano,4021013,Brunico,4,1,I (alpina)
Trentino-Alto Adige,Bolzano,4021014,Caines,4,1,I (alpina)
Trentino-Alto Adige,Bolzano,4021015,Caldaro sulla strada del vino,4,1,I (alpina)
Trentino-Alto Adige,Bolzano,4021016,Campo di Trens,4,1,I (alpina)
Trentino-Alto Adige,Bolzano,4021017,Campo Tures,4,1,I (alpina)
Trentino-Alto Adige,Bolzano,4021018,Castelbello-Ciardes,4,1,I (alpina)
Trentino-Alto Adige,Bolzano,4021019,Castelrotto,4,1,I (alpina)
Trentino-Alto Adige,Bolzano,4021020,Cermes,4,1,I (alpina)
Trentino-Alto Adige,Bolzano,4021021,Chienes,4,1,I (alpina)
Trentino-Alto Adige,Bolzano,4021022,Chiusa,4,1,I (alpina)
Trentino-Alto Adige,Bolzano,4021023,Cornedo all'Isarco,4,1,I (alpina)
Trentino-Alto Adige,Bolzano,4021024,Cortaccia sulla strada del vino,4,1,I (alpina)
Trentino-Alto Adige,Bolzano,4021025,Cortina sulla strada del vino,4,1,I (alpina)
Trentino-Alto Adige,Bolzano,4021026,Corvara in Badia,4,1,I (alpina)
Trentino-Alto Adige,Bolzano,4021027,Curon Venosta,4,1,I (alpina)
Trentino-Alto Adige,Bolzano,4021028,Dobbiaco,4,1,I (alpina)
Trentino-Alto Adige,Bolzano,4021029,Egna,4,1,I (alpina)
Trentino-Alto Adige,Bolzano,4021030,Falzes,4,1,I (alpina)
Trentino-Alto Adige,Bolzano,4021031,Fiè allo Sciliar,4,1,I (alpina)
Trentino-Alto Adige,Bolzano,4021032,Fortezza,4,1,I (alpina)
Trentino-Alto Adige,Bolzano,4021033,Funes,4,1,I (alpina)
Trentino-Alto Adige,Bolzano,4021034,Gais,4,1,I (alpina)
Trentino-Alto Adige,Bolzano,4021035,Gargazzone,4,1,I (alpina)
Trentino-Alto Adige,Bolzano,4021036,Glorenza,4,1,I (alpina)
Trentino-Alto Adige,Bolzano,4021117,La Valle,4,1,I (alpina)
Trentino-Alto Adige,Bolzano,4021037,Laces,4,1,I (alpina)
Trentino-Alto Adige,Bolzano,4021038,Lagundo,4,1,I (alpina)
Trentino-Alto Adige,Bolzano,4021039,Laion,4,1,I (alpina)
Trentino-Alto Adige,Bolzano,4021040,Laives,4,1,I (alpina)
Trentino-Alto Adige,Bolzano,4021041,Lana,4,1,I (alpina)
Trentino-Alto Adige,Bolzano,4021042,Lasa,4,1,I (alpina)
Trentino-Alto Adige,Bolzano,4021043,Lauregno,4,1,I (alpina)
Trentino-Alto Adige,Bolzano,4021044,Luson,4,1,I (alpina)
Trentino-Alto Adige,Bolzano,4021045,Magrè sulla strada del vino,4,1,I (alpina)
Trentino-Alto Adige,Bolzano,4021046,Malles Venosta,4,1,I (alpina)
Trentino-Alto Adige,Bolzano,4021047,Marebbe,4,1,I (alpina)
Trentino-Alto Adige,Bolzano,4021048,Marlengo,4,1,I (alpina)
Trentino-Alto Adige,Bolzano,4021049,Martello,4,1,I (alpina)
Trentino-Alto Adige,Bolzano,4021050,Meltina,4,1,I (alpina)
Trentino-Alto Adige,Bolzano,4021051,Merano,4,1,I (alpina)
Trentino-Alto Adige,Bolzano,4021052,Monguelfo,4,1,I (alpina)
Trentino-Alto Adige,Bolzano,4021053,Montagna,4,1,I (alpina)
Trentino-Alto Adige,Bolzano,4021054,Moso in Passiria,4,1,I (alpina)
Trentino-Alto Adige,Bolzano,4021055,Nalles,4,1,I (alpina)
Trentino-Alto Adige,Bolzano,4021056,Naturno,4,1,I (alpina)
Trentino-Alto Adige,Bolzano,4021057,Naz-Sciaves,4,1,I (alpina)
Trentino-Alto Adige,Bolzano,4021058,Nova Levante,4,1,I (alpina)
Trentino-Alto Adige,Bolzano,4021059,Nova Ponente,4,1,I (alpina)
Trentino-Alto Adige,Bolzano,4021060,Ora,4,1,I (alpina)
Trentino-Alto Adige,Bolzano,4021061,Ortisei,4,1,I (alpina)
Trentino-Alto Adige,Bolzano,4021062,Parcines,4,1,I (alpina)
Trentino-Alto Adige,Bolzano,4021063,Perca,4,1,I (alpina)
Trentino-Alto Adige,Bolzano,4021064,Plaus,4,1,I (alpina)
Trentino-Alto Adige,Bolzano,4021065,Ponte Gardena,4,1,I (alpina)
Trentino-Alto Adige,Bolzano,4021066,Postal,4,1,I (alpina)
Trentino-Alto Adige,Bolzano,4021067,Prato allo Stelvio,4,1,I (alpina)
Trentino-Alto Adige,Bolzano,4021068,Predoi,4,1,I (alpina)
Trentino-Alto Adige,Bolzano,4021069,Proves,4,1,I (alpina)
Trentino-Alto Adige,Bolzano,4021070,Racines,4,1,I (alpina)
Trentino-Alto Adige,Bolzano,4021071,Rasun Anterselva,4,1,I (alpina)
Trentino-Alto Adige,Bolzano,4021072,Renon,4,1,I (alpina)
Trentino-Alto Adige,Bolzano,4021073,Rifiano,4,1,I (alpina)
Trentino-Alto Adige,Bolzano,4021074,Rio di Pusteria,4,1,I (alpina)
Trentino-Alto Adige,Bolzano,4021075,Rodengo,4,1,I (alpina)
Trentino-Alto Adige,Bolzano,4021076,Salorno,4,1,I (alpina)
Trentino-Alto Adige,Bolzano,4021077,San Candido,4,1,I (alpina)
Trentino-Alto Adige,Bolzano,4021079,San Genesio Atesino,4,1,I (alpina)
Trentino-Alto Adige,Bolzano,4021080,San Leonardo in Passiria,4,1,I (alpina)
Trentino-Alto Adige,Bolzano,4021081,San Lorenzo di Sebato,4,1,I (alpina)
Trentino-Alto Adige,Bolzano,4021082,San Martino in Badia,4,1,I (alpina)
Trentino-Alto Adige,Bolzano,4021083,San Martino in Passiria,4,1,I (alpina)
Trentino-Alto Adige,Bolzano,4021084,San Pancrazio,4,1,I (alpina)
Trentino-Alto Adige,Bolzano,4021085,Santa Cristina Val Gardena,4,1,I (alpina)
Trentino-Alto Adige,Bolzano,4021086,Sarentino,4,1,I (alpina)
Trentino-Alto Adige,Bolzano,4021087,Scena,4,1,I (alpina)
Trentino-Alto Adige,Bolzano,4021088,Selva dei Molini,4,1,I (alpina)
Trentino-Alto Adige,Bolzano,4021089,Selva di Val Gardena,4,1,I (alpina)
Trentino-Alto Adige,Bolzano,4021091,Senales,4,1,I (alpina)
Trentino-Alto Adige,Bolzano,4021118,Senale-San Felice,4,1,I (alpina)
Trentino-Alto Adige,Bolzano,4021092,Sesto,4,1,I (alpina)
Trentino-Alto Adige,Bolzano,4021093,Silandro,4,1,I (alpina)
Trentino-Alto Adige,Bolzano,4021094,Sluderno,4,1,I (alpina)
Trentino-Alto Adige,Bolzano,4021095,Stelvio,4,1,I (alpina)
Trentino-Alto Adige,Bolzano,4021096,Terento,4,1,I (alpina)
Trentino-Alto Adige,Bolzano,4021097,Terlano,4,1,I (alpina)
Trentino-Alto Adige,Bolzano,4021098,Termeno sulla strada del vino,4,1,I (alpina)
Trentino-Alto Adige,Bolzano,4021099,Tesimo,4,1,I (alpina)
Trentino-Alto Adige,Bolzano,4021100,Tires,4,1,I (alpina)
Trentino-Alto Adige,Bolzano,4021101,Tirolo,4,1,I (alpina)
Trentino-Alto Adige,Bolzano,4021102,Trodena,4,1,I (alpina)
Trentino-Alto Adige,Bolzano,4021103,Tubre,4,1,I (alpina)
Trentino-Alto Adige,Bolzano,4021104,Ultimo,4,1,I (alpina)
Trentino-Alto Adige,Bolzano,4021105,Vadena,4,1,I (alpina)
Trentino-Alto Adige,Bolzano,4021107,Val di Vizze,4,1,I (alpina)
Trentino-Alto Adige,Bolzano,4021106,Valdaora,4,1,I (alpina)
Trentino-Alto Adige,Bolzano,4021108,Valle Aurina,4,1,I (alpina)
Trentino-Alto Adige,Bolzano,4021109,Valle di Casies,4,1,I (alpina)
Trentino-Alto Adige,Bolzano,4021110,Vandoies,4,1,I (alpina)
Trentino-Alto Adige,Bolzano,4021111,Varna,4,1,I (alpina)
Trentino-Alto Adige,Bolzano,4021116,Velturno,4,1,I (alpina)
Trentino-Alto Adige,Bolzano,4021112,Verano,4,1,I (alpina)
Trentino-Alto Adige,Bolzano,4021113,Villabassa,4,1,I (alpina)
Trentino-Alto Adige,Bolzano,4021114,Villandro,4,1,I (alpina)
Trentino-Alto Adige,Bolzano,4021115,Vipiteno,4,1,I (alpina)
Trentino-Alto Adige,Trento,4022001,Ala,3,1,I (alpina)
Trentino-Alto Adige,Trento,4022002,Albiano,4,1,I (alpina)
Trentino-Alto Adige,Trento,4022003,Aldeno,4,1,I (alpina)
Trentino-Alto Adige,Trento,4022004,Amblar,4,1,I (alpina)
Trentino-Alto Adige,Trento,4022005,Andalo,4,1,I (alpina)
Trentino-Alto Adige,Trento,4022006,Arco,3,1,I (alpina)
Trentino-Alto Adige,Trento,4022007,Avio,3,1,I (alpina)
Trentino-Alto Adige,Trento,4022009,Baselga di Pinè,4,1,I (alpina)
Trentino-Alto Adige,Trento,4022011,Bedollo,4,1,I (alpina)
Trentino-Alto Adige,Trento,4022012,Bersone,3,1,I (alpina)
Trentino-Alto Adige,Trento,4022013,Besenello,3,1,I (alpina)
Trentino-Alto Adige,Trento,4022014,Bezzecca,3,1,I (alpina)
Trentino-Alto Adige,Trento,4022015,Bieno,4,1,I (alpina)
Trentino-Alto Adige,Trento,4022016,Bleggio Inferiore,3,1,I (alpina)
Trentino-Alto Adige,Trento,4022017,Bleggio Superiore,3,1,I (alpina)
Trentino-Alto Adige,Trento,4022018,Bocenago,4,1,I (alpina)
Trentino-Alto Adige,Trento,4022019,Bolbeno,3,1,I (alpina)
Trentino-Alto Adige,Trento,4022020,Bondo,3,1,I (alpina)
Trentino-Alto Adige,Trento,4022021,Bondone,3,1,I (alpina)
Trentino-Alto Adige,Trento,4022022,Borgo Valsugana,4,1,I (alpina)
Trentino-Alto Adige,Trento,4022023,Bosentino,3,1,I (alpina)
Trentino-Alto Adige,Trento,4022024,Breguzzo,3,1,I (alpina)
Trentino-Alto Adige,Trento,4022025,Brentonico,3,1,I (alpina)
Trentino-Alto Adige,Trento,4022026,Bresimo,4,1,I (alpina)
Trentino-Alto Adige,Trento,4022027,Brez,4,1,I (alpina)
Trentino-Alto Adige,Trento,4022028,Brione,3,1,I (alpina)
Trentino-Alto Adige,Trento,4022029,Caderzone,4,1,I (alpina)
Trentino-Alto Adige,Trento,4022030,Cagnò,4,1,I (alpina)
Trentino-Alto Adige,Trento,4022031,Calavino,4,1,I (alpina)
Trentino-Alto Adige,Trento,4022032,Calceranica al Lago,4,1,I (alpina)
Trentino-Alto Adige,Trento,4022033,Caldes,4,1,I (alpina)
Trentino-Alto Adige,Trento,4022034,Caldonazzo,4,1,I (alpina)
Trentino-Alto Adige,Trento,4022035,Calliano,3,1,I (alpina)
Trentino-Alto Adige,Trento,4022036,Campitello di Fassa,4,1,I (alpina)
Trentino-Alto Adige,Trento,4022037,Campodenno,4,1,I (alpina)
Trentino-Alto Adige,Trento,4022038,Canal San Bovo,4,1,I (alpina)
Trentino-Alto Adige,Trento,4022039,Canazei,4,1,I (alpina)
Trentino-Alto Adige,Trento,4022040,Capriana,4,1,I (alpina)
Trentino-Alto Adige,Trento,4022041,Carano,4,1,I (alpina)
Trentino-Alto Adige,Trento,4022042,Carisolo,4,1,I (alpina)
Trentino-Alto Adige,Trento,4022043,Carzano,4,1,I (alpina)
Trentino-Alto Adige,Trento,4022045,Castel Condino,3,1,I (alpina)
Trentino-Alto Adige,Trento,4022046,Castelfondo,4,1,I (alpina)
Trentino-Alto Adige,Trento,4022048,Castello Tesino,4,1,I (alpina)
Trentino-Alto Adige,Trento,4022047,Castello-Molina di Fiemme,4,1,I (alpina)
Trentino-Alto Adige,Trento,4022049,Castelnuovo,4,1,I (alpina)
Trentino-Alto Adige,Trento,4022050,Cavalese,4,1,I (alpina)
Trentino-Alto Adige,Trento,4022051,Cavareno,4,1,I (alpina)
Trentino-Alto Adige,Trento,4022052,Cavedago,4,1,I (alpina)
Trentino-Alto Adige,Trento,4022053,Cavedine,3,1,I (alpina)
Trentino-Alto Adige,Trento,4022054,Cavizzana,4,1,I (alpina)
Trentino-Alto Adige,Trento,4022055,Cembra,4,1,I (alpina)
Trentino-Alto Adige,Trento,4022056,Centa San Nicolò,3,1,I (alpina)
Trentino-Alto Adige,Trento,4022057,Cimego,3,1,I (alpina)
Trentino-Alto Adige,Trento,4022058,Cimone,4,1,I (alpina)
Trentino-Alto Adige,Trento,4022059,Cinte Tesino,4,1,I (alpina)
Trentino-Alto Adige,Trento,4022060,Cis,4,1,I (alpina)
Trentino-Alto Adige,Trento,4022061,Civezzano,4,1,I (alpina)
Trentino-Alto Adige,Trento,4022062,Cles,4,1,I (alpina)
Trentino-Alto Adige,Trento,4022063,Cloz,4,1,I (alpina)
Trentino-Alto Adige,Trento,4022064,Commezzadura,4,1,I (alpina)
Trentino-Alto Adige,Trento,4022065,Concei,3,1,I (alpina)
Trentino-Alto Adige,Trento,4022066,Condino,3,1,I (alpina)
Trentino-Alto Adige,Trento,4022067,Coredo,4,1,I (alpina)
Trentino-Alto Adige,Trento,4022068,Croviana,4,1,I (alpina)
Trentino-Alto Adige,Trento,4022069,Cunevo,4,1,I (alpina)
Trentino-Alto Adige,Trento,4022070,Daiano,4,1,I (alpina)
Trentino-Alto Adige,Trento,4022071,Dambel,4,1,I (alpina)
Trentino-Alto Adige,Trento,4022072,Daone,3,1,I (alpina)
Trentino-Alto Adige,Trento,4022073,Darè,4,1,I (alpina)
Trentino-Alto Adige,Trento,4022074,Denno,4,1,I (alpina)
Trentino-Alto Adige,Trento,4022075,Dimaro,4,1,I (alpina)
Trentino-Alto Adige,Trento,4022076,Don,4,1,I (alpina)
Trentino-Alto Adige,Trento,4022077,Dorsino,4,1,I (alpina)
Trentino-Alto Adige,Trento,4022078,Drena,3,1,I (alpina)
Trentino-Alto Adige,Trento,4022079,Dro,3,1,I (alpina)
Trentino-Alto Adige,Trento,4022080,Faedo,4,1,I (alpina)
Trentino-Alto Adige,Trento,4022081,Fai della Paganella,4,1,I (alpina)
Trentino-Alto Adige,Trento,4022082,Faver,4,1,I (alpina)
Trentino-Alto Adige,Trento,4022083,Fiavè,3,1,I (alpina)
Trentino-Alto Adige,Trento,4022084,Fiera di Primiero,4,1,I (alpina)
Trentino-Alto Adige,Trento,4022085,Fierozzo,4,1,I (alpina)
Trentino-Alto Adige,Trento,4022086,Flavon,4,1,I (alpina)
Trentino-Alto Adige,Trento,4022087,Folgaria,3,1,I (alpina)
Trentino-Alto Adige,Trento,4022088,Fondo,4,1,I (alpina)
Trentino-Alto Adige,Trento,4022089,Fornace,4,1,I (alpina)
Trentino-Alto Adige,Trento,4022090,Frassilongo,4,1,I (alpina)
Trentino-Alto Adige,Trento,4022091,Garniga,4,1,I (alpina)
Trentino-Alto Adige,Trento,4022092,Giovo,4,1,I (alpina)
Trentino-Alto Adige,Trento,4022093,Giustino,4,1,I (alpina)
Trentino-Alto Adige,Trento,4022094,Grauno,4,1,I (alpina)
Trentino-Alto Adige,Trento,4022095,Grigno,4,1,I (alpina)
Trentino-Alto Adige,Trento,4022096,Grumes,4,1,I (alpina)
Trentino-Alto Adige,Trento,4022097,Imer,4,1,I (alpina)
Trentino-Alto Adige,Trento,4022098,Isera,3,1,I (alpina)
Trentino-Alto Adige,Trento,4022099,Ivano-Fracena,4,1,I (alpina)
Trentino-Alto Adige,Trento,4022100,Lardaro,3,1,I (alpina)
Trentino-Alto Adige,Trento,4022101,Lasino,4,1,I (alpina)
Trentino-Alto Adige,Trento,4022102,Lavarone,3,1,I (alpina)
Trentino-Alto Adige,Trento,4022103,Lavis,4,1,I (alpina)
Trentino-Alto Adige,Trento,4022104,Levico Terme,4,1,I (alpina)
Trentino-Alto Adige,Trento,4022105,Lisignago,4,1,I (alpina)
Trentino-Alto Adige,Trento,4022106,Livo,4,1,I (alpina)
Trentino-Alto Adige,Trento,4022107,Lomaso,3,1,I (alpina)
Trentino-Alto Adige,Trento,4022108,Lona-Lases,4,1,I (alpina)
Trentino-Alto Adige,Trento,4022109,Luserna,3,1,I (alpina)
Trentino-Alto Adige,Trento,4022110,Malè,4,1,I (alpina)
Trentino-Alto Adige,Trento,4022111,Malosco,4,1,I (alpina)
Trentino-Alto Adige,Trento,4022112,Massimeno,4,1,I (alpina)
Trentino-Alto Adige,Trento,4022113,Mazzin,4,1,I (alpina)
Trentino-Alto Adige,Trento,4022114,Mezzana,4,1,I (alpina)
Trentino-Alto Adige,Trento,4022115,Mezzano,4,1,I (alpina)
Trentino-Alto Adige,Trento,4022116,Mezzocorona,4,1,I (alpina)
Trentino-Alto Adige,Trento,4022117,Mezzolombardo,4,1,I (alpina)
Trentino-Alto Adige,Trento,4022118,Moena,4,1,I (alpina)
Trentino-Alto Adige,Trento,4022119,Molina di Ledro,3,1,I (alpina)
Trentino-Alto Adige,Trento,4022120,Molveno,4,1,I (alpina)
Trentino-Alto Adige,Trento,4022121,Monclassico,4,1,I (alpina)
Trentino-Alto Adige,Trento,4022122,Montagne,3,1,I (alpina)
Trentino-Alto Adige,Trento,4022123,Mori,3,1,I (alpina)
Trentino-Alto Adige,Trento,4022124,Nago-Torbole,3,1,I (alpina)
Trentino-Alto Adige,Trento,4022125,Nanno,4,1,I (alpina)
Trentino-Alto Adige,Trento,4022126,Nave San Rocco,4,1,I (alpina)
Trentino-Alto Adige,Trento,4022127,Nogaredo,3,1,I (alpina)
Trentino-Alto Adige,Trento,4022128,Nomi,3,1,I (alpina)
Trentino-Alto Adige,Trento,4022129,Novaledo,4,1,I (alpina)
Trentino-Alto Adige,Trento,4022130,Ospedaletto,4,1,I (alpina)
Trentino-Alto Adige,Trento,4022131,Ossana,4,1,I (alpina)
Trentino-Alto Adige,Trento,4022132,Padergnone,4,1,I (alpina)
Trentino-Alto Adige,Trento,4022133,Palù del Fersina,4,1,I (alpina)
Trentino-Alto Adige,Trento,4022134,Panchià,4,1,I (alpina)
Trentino-Alto Adige,Trento,4022136,Peio,4,1,I (alpina)
Trentino-Alto Adige,Trento,4022137,Pellizzano,4,1,I (alpina)
Trentino-Alto Adige,Trento,4022138,Pelugo,4,1,I (alpina)
Trentino-Alto Adige,Trento,4022139,Pergine Valsugana,4,1,I (alpina)
Trentino-Alto Adige,Trento,4022140,Pieve di Bono,3,1,I (alpina)
Trentino-Alto Adige,Trento,4022141,Pieve di Ledro,3,1,I (alpina)
Trentino-Alto Adige,Trento,4022142,Pieve Tesino,4,1,I (alpina)
Trentino-Alto Adige,Trento,4022143,Pinzolo,4,1,I (alpina)
Trentino-Alto Adige,Trento,4022144,Pomarolo,3,1,I (alpina)
Trentino-Alto Adige,Trento,4022145,Pozza di Fassa,4,1,I (alpina)
Trentino-Alto Adige,Trento,4022146,Praso,3,1,I (alpina)
Trentino-Alto Adige,Trento,4022147,Predazzo,4,1,I (alpina)
Trentino-Alto Adige,Trento,4022148,Preore,3,1,I (alpina)
Trentino-Alto Adige,Trento,4022149,Prezzo,3,1,I (alpina)
Trentino-Alto Adige,Trento,4022150,Rabbi,4,1,I (alpina)
Trentino-Alto Adige,Trento,4022151,Ragoli,3,1,I (alpina)
Trentino-Alto Adige,Trento,4022152,Revò,4,1,I (alpina)
Trentino-Alto Adige,Trento,4022153,Riva del Garda,3,1,I (alpina)
Trentino-Alto Adige,Trento,4022154,Romallo,4,1,I (alpina)
Trentino-Alto Adige,Trento,4022155,Romeno,4,1,I (alpina)
Trentino-Alto Adige,Trento,4022156,Roncegno,4,1,I (alpina)
Trentino-Alto Adige,Trento,4022157,Ronchi Valsugana,4,1,I (alpina)
Trentino-Alto Adige,Trento,4022158,Roncone,3,1,I (alpina)
Trentino-Alto Adige,Trento,4022135,Ronzo-Chienis,3,1,I (alpina)
Trentino-Alto Adige,Trento,4022159,Ronzone,4,1,I (alpina)
Trentino-Alto Adige,Trento,4022160,Roverè della Luna,4,1,I (alpina)
Trentino-Alto Adige,Trento,4022161,Rovereto,3,1,I (alpina)
Trentino-Alto Adige,Trento,4022162,Ruffrè,4,1,I (alpina)
Trentino-Alto Adige,Trento,4022163,Rumo,4,1,I (alpina)
Trentino-Alto Adige,Trento,4022164,Sagron Mis,4,1,I (alpina)
Trentino-Alto Adige,Trento,4022165,Samone,4,1,I (alpina)
Trentino-Alto Adige,Trento,4022166,San Lorenzo in Banale,4,1,I (alpina)
Trentino-Alto Adige,Trento,4022167,San Michele all'Adige,4,1,I (alpina)
Trentino-Alto Adige,Trento,4022168,Sant'Orsola Terme,4,1,I (alpina)
Trentino-Alto Adige,Trento,4022169,Sanzeno,4,1,I (alpina)
Trentino-Alto Adige,Trento,4022170,Sarnonico,4,1,I (alpina)
Trentino-Alto Adige,Trento,4022171,Scurelle,4,1,I (alpina)
Trentino-Alto Adige,Trento,4022172,Segonzano,4,1,I (alpina)
Trentino-Alto Adige,Trento,4022173,Sfruz,4,1,I (alpina)
Trentino-Alto Adige,Trento,4022174,Siror,4,1,I (alpina)
Trentino-Alto Adige,Trento,4022175,Smarano,4,1,I (alpina)
Trentino-Alto Adige,Trento,4022176,Soraga,4,1,I (alpina)
Trentino-Alto Adige,Trento,4022177,Sover,4,1,I (alpina)
Trentino-Alto Adige,Trento,4022178,Spera,4,1,I (alpina)
Trentino-Alto Adige,Trento,4022179,Spiazzo,4,1,I (alpina)
Trentino-Alto Adige,Trento,4022180,Spormaggiore,4,1,I (alpina)
Trentino-Alto Adige,Trento,4022181,Sporminore,4,1,I (alpina)
Trentino-Alto Adige,Trento,4022182,Stenico,3,1,I (alpina)
Trentino-Alto Adige,Trento,4022183,Storo,3,1,I (alpina)
Trentino-Alto Adige,Trento,4022184,Strembo,4,1,I (alpina)
Trentino-Alto Adige,Trento,4022185,Strigno,4,1,I (alpina)
Trentino-Alto Adige,Trento,4022186,Taio,4,1,I (alpina)
Trentino-Alto Adige,Trento,4022187,Tassullo,4,1,I (alpina)
Trentino-Alto Adige,Trento,4022188,Telve,4,1,I (alpina)
Trentino-Alto Adige,Trento,4022189,Telve di Sopra,4,1,I (alpina)
Trentino-Alto Adige,Trento,4022190,Tenna,4,1,I (alpina)
Trentino-Alto Adige,Trento,4022191,Tenno,3,1,I (alpina)
Trentino-Alto Adige,Trento,4022192,Terlago,4,1,I (alpina)
Trentino-Alto Adige,Trento,4022193,Terragnolo,3,1,I (alpina)
Trentino-Alto Adige,Trento,4022194,Terres,4,1,I (alpina)
Trentino-Alto Adige,Trento,4022195,Terzolas,4,1,I (alpina)
Trentino-Alto Adige,Trento,4022196,Tesero,4,1,I (alpina)
Trentino-Alto Adige,Trento,4022197,Tiarno di Sopra,3,1,I (alpina)
Trentino-Alto Adige,Trento,4022198,Tiarno di Sotto,3,1,I (alpina)
Trentino-Alto Adige,Trento,4022199,Tione di Trento,3,1,I (alpina)
Trentino-Alto Adige,Trento,4022200,Ton,4,1,I (alpina)
Trentino-Alto Adige,Trento,4022201,Tonadico,4,1,I (alpina)
Trentino-Alto Adige,Trento,4022202,Torcegno,4,1,I (alpina)
Trentino-Alto Adige,Trento,4022203,Trambileno,3,1,I (alpina)
Trentino-Alto Adige,Trento,4022204,Transacqua,4,1,I (alpina)
Trentino-Alto Adige,Trento,4022205,Trento,4,1,I (alpina)
Trentino-Alto Adige,Trento,4022206,Tres,4,1,I (alpina)
Trentino-Alto Adige,Trento,4022207,Tuenno,4,1,I (alpina)
Trentino-Alto Adige,Trento,4022208,Valda,4,1,I (alpina)
Trentino-Alto Adige,Trento,4022209,Valfloriana,4,1,I (alpina)
Trentino-Alto Adige,Trento,4022210,Vallarsa,3,1,I (alpina)
Trentino-Alto Adige,Trento,4022211,Varena,4,1,I (alpina)
Trentino-Alto Adige,Trento,4022212,Vattaro,3,1,I (alpina)
Trentino-Alto Adige,Trento,4022213,Vermiglio,4,1,I (alpina)
Trentino-Alto Adige,Trento,4022214,Vervò,4,1,I (alpina)
Trentino-Alto Adige,Trento,4022215,Vezzano,4,1,I (alpina)
Trentino-Alto Adige,Trento,4022216,Vignola-Falesina,4,1,I (alpina)
Trentino-Alto Adige,Trento,4022217,Vigo di Fassa,4,1,I (alpina)
Trentino-Alto Adige,Trento,4022220,Vigo Rendena,4,1,I (alpina)
Trentino-Alto Adige,Trento,4022219,Vigolo Vattaro,3,1,I (alpina)
Trentino-Alto Adige,Trento,4022221,Villa Agnedo,4,1,I (alpina)
Trentino-Alto Adige,Trento,4022222,Villa Lagarina,3,1,I (alpina)
Trentino-Alto Adige,Trento,4022223,Villa Rendena,4,1,I (alpina)
Trentino-Alto Adige,Trento,4022224,Volano,3,1,I (alpina)
Trentino-Alto Adige,Trento,4022225,Zambana,4,1,I (alpina)
Trentino-Alto Adige,Trento,4022226,Ziano di Fiemme,4,1,I (alpina)
Trentino-Alto Adige,Trento,4022227,Zuclo,3,1,I (alpina)
Umbria,Perugia,10054001,Assisi,2,3,II
Umbria,Perugia,10054002,Bastia,2,3,II
Umbria,Perugia,10054003,Bettona,2,3,II
Umbria,Perugia,10054004,Bevagna,2,3,II
Umbria,Perugia,10054005,Campello sul Clitunno,1,3,II
Umbria,Perugia,10054006,Cannara,2,3,II
Umbria,Perugia,10054007,Cascia,1,3,II
Umbria,Perugia,10054008,Castel Ritaldi,2,3,II
Umbria,Perugia,10054009,Castiglione del Lago,2,3,II
Umbria,Perugia,10054010,Cerreto di Spoleto,1,3,II
Umbria,Perugia,10054011,Citerna,2,3,II
Umbria,Perugia,10054012,Città della Pieve,3,3,II
Umbria,Perugia,10054013,Città di Castello,2,3,II
Umbria,Perugia,10054014,Collazzone,2,3,II
Umbria,Perugia,10054015,Corciano,2,3,II
Umbria,Perugia,10054016,Costacciaro,2,3,II
Umbria,Perugia,10054017,Deruta,2,3,II
Umbria,Perugia,10054018,Foligno,1,3,II
Umbria,Perugia,10054019,Fossato di Vico,2,3,II
Umbria,Perugia,10054020,Fratta Todina,2,3,II
Umbria,Perugia,10054021,Giano dell'Umbria,2,3,II
Umbria,Perugia,10054022,Gualdo Cattaneo,2,3,II
Umbria,Perugia,10054023,Gualdo Tadino,2,3,II
Umbria,Perugia,10054024,Gubbio,2,3,II
Umbria,Perugia,10054025,Lisciano Niccone,2,3,II
Umbria,Perugia,10054026,Magione,2,3,II
Umbria,Perugia,10054027,Marsciano,2,3,II
Umbria,Perugia,10054028,Massa Martana,2,3,II
Umbria,Perugia,10054029,Monte Castello di Vibio,2,3,II
Umbria,Perugia,10054032,Monte Santa Maria Tiberina,2,3,II
Umbria,Perugia,10054030,Montefalco,2,3,II
Umbria,Perugia,10054031,Monteleone di Spoleto,1,3,II
Umbria,Perugia,10054033,Montone,2,3,II
Umbria,Perugia,10054034,Nocera Umbra,2,3,II
Umbria,Perugia,10054035,Norcia,1,3,II
Umbria,Perugia,10054036,Paciano,2,3,II
Umbria,Perugia,10054037,Panicale,2,3,II
Umbria,Perugia,10054038,Passignano sul Trasimeno,2,3,II
Umbria,Perugia,10054039,Perugia,2,3,II
Umbria,Perugia,10054040,Piegaro,2,3,II
Umbria,Perugia,10054041,Pietralunga,2,3,II
Umbria,Perugia,10054042,Poggiodomo,1,3,II
Umbria,Perugia,10054043,Preci,1,3,II
Umbria,Perugia,10054044,San Giustino,2,3,II
Umbria,Perugia,10054045,Sant'Anatolia di Narco,1,3,II
Umbria,Perugia,10054046,Scheggia e Pascelupo,2,3,II
Umbria,Perugia,10054047,Scheggino,1,3,II
Umbria,Perugia,10054048,Sellano,1,3,II
Umbria,Perugia,10054049,Sigillo,2,3,II
Umbria,Perugia,10054050,Spello,2,3,II
Umbria,Perugia,10054051,Spoleto,1,3,II
Umbria,Perugia,10054052,Todi,3,3,II
Umbria,Perugia,10054053,Torgiano,2,3,II
Umbria,Perugia,10054054,Trevi,1,3,II
Umbria,Perugia,10054055,Tuoro sul Trasimeno,2,3,II
Umbria,Perugia,10054056,Umbertide,2,3,II
Umbria,Perugia,10054057,Valfabbrica,2,3,II
Umbria,Perugia,10054058,Vallo di Nera,1,3,II
Umbria,Perugia,10054059,Valtopina,2,3,II
Umbria,Terni,10055001,Acquasparta,2,3,III
Umbria,Terni,10055002,Allerona,3,3,III
Umbria,Terni,10055003,Alviano,3,3,III
Umbria,Terni,10055004,Amelia,3,3,III
Umbria,Terni,10055005,Arrone,1,3,III
Umbria,Terni,10055006,Attigliano,3,3,III
Umbria,Terni,10055033,Avigliano Umbro,3,3,III
Umbria,Terni,10055007,Baschi,3,3,III
Umbria,Terni,10055008,Calvi dell'Umbria,2,3,III
Umbria,Terni,10055009,Castel Giorgio,2,3,III
Umbria,Terni,10055010,Castel Viscardo,2,3,III
Umbria,Terni,10055011,Fabro,3,3,III
Umbria,Terni,10055012,Ferentillo,1,3,III
Umbria,Terni,10055013,Ficulle,3,3,III
Umbria,Terni,10055014,Giove,3,3,III
Umbria,Terni,10055015,Guardea,3,3,III
Umbria,Terni,10055016,Lugnano in Teverina,3,3,III
Umbria,Terni,10055017,Montecastrilli,3,3,III
Umbria,Terni,10055018,Montecchio,3,3,III
Umbria,Terni,10055019,Montefranco,1,3,III
Umbria,Terni,10055020,Montegabbione,3,3,III
Umbria,Terni,10055021,Monteleone d'Orvieto,3,3,III
Umbria,Terni,10055022,Narni,3,3,III
Umbria,Terni,10055023,Orvieto,3,3,III
Umbria,Terni,10055024,Otricoli,3,3,III
Umbria,Terni,10055025,Parrano,3,3,III
Umbria,Terni,10055026,Penna in Teverina,3,3,III
Umbria,Terni,10055027,Polino,1,3,III
Umbria,Terni,10055028,Porano,3,3,III
Umbria,Terni,10055029,San Gemini,2,3,III
Umbria,Terni,10055030,San Venanzo,2,3,III
Umbria,Terni,10055031,Stroncone,2,3,III
Umbria,Terni,10055032,Terni,2,3,III
Valle d'Aosta,Aosta,2007001,Allein,4,1,I (alpina)
Valle d'Aosta,Aosta,2007002,Antey-Saint-Andrè,4,1,I (alpina)
Valle d'Aosta,Aosta,2007003,Aosta,4,1,I (alpina)
Valle d'Aosta,Aosta,2007004,Arnad,4,1,I (alpina)
Valle d'Aosta,Aosta,2007005,Arvier,4,1,I (alpina)
Valle d'Aosta,Aosta,2007006,Avise,4,1,I (alpina)
Valle d'Aosta,Aosta,2007007,Ayas,4,1,I (alpina)
Valle d'Aosta,Aosta,2007008,Aymavilles,4,1,I (alpina)
Valle d'Aosta,Aosta,2007009,Bard,4,1,I (alpina)
Valle d'Aosta,Aosta,2007010,Bionaz,4,1,I (alpina)
Valle d'Aosta,Aosta,2007011,Brissogne,4,1,I (alpina)
Valle d'Aosta,Aosta,2007012,Brusson,4,1,I (alpina)
Valle d'Aosta,Aosta,2007013,Challand-Saint-Anselme,4,1,I (alpina)
Valle d'Aosta,Aosta,2007014,Challand-Saint-Victor,4,1,I (alpina)
Valle d'Aosta,Aosta,2007015,Chambave,4,1,I (alpina)
Valle d'Aosta,Aosta,2007016,Chamois,4,1,I (alpina)
Valle d'Aosta,Aosta,2007017,Champdepraz,4,1,I (alpina)
Valle d'Aosta,Aosta,2007018,Champorcher,4,1,I (alpina)
Valle d'Aosta,Aosta,2007019,Charvensod,4,1,I (alpina)
Valle d'Aosta,Aosta,2007020,Chatillon,4,1,I (alpina)
Valle d'Aosta,Aosta,2007021,Cogne,4,1,I (alpina)
Valle d'Aosta,Aosta,2007022,Courmayeur,3,1,I (alpina)
Valle d'Aosta,Aosta,2007023,Donnas,4,1,I (alpina)
Valle d'Aosta,Aosta,2007024,Doues,4,1,I (alpina)
Valle d'Aosta,Aosta,2007025,Emarese,4,1,I (alpina)
Valle d'Aosta,Aosta,2007026,Etroubles,4,1,I (alpina)
Valle d'Aosta,Aosta,2007027,Fenis,4,1,I (alpina)
Valle d'Aosta,Aosta,2007028,Fontainemore,4,1,I (alpina)
Valle d'Aosta,Aosta,2007029,Gaby,4,1,I (alpina)
Valle d'Aosta,Aosta,2007030,Gignod,4,1,I (alpina)
Valle d'Aosta,Aosta,2007031,Gressan,4,1,I (alpina)
Valle d'Aosta,Aosta,2007032,Gressoney-La-Trinitè,4,1,I (alpina)
Valle d'Aosta,Aosta,2007033,Gressoney-Saint-Jean,4,1,I (alpina)
Valle d'Aosta,Aosta,2007034,Hone,4,1,I (alpina)
Valle d'Aosta,Aosta,2007035,Introd,4,1,I (alpina)
Valle d'Aosta,Aosta,2007036,Issime,4,1,I (alpina)
Valle d'Aosta,Aosta,2007037,Issogne,4,1,I (alpina)
Valle d'Aosta,Aosta,2007038,Jovencan,4,1,I (alpina)
Valle d'Aosta,Aosta,2007039,La Magdeleine,4,1,I (alpina)
Valle d'Aosta,Aosta,2007040,La Salle,4,1,I (alpina)
Valle d'Aosta,Aosta,2007041,La Thuile,4,1,I (alpina)
Valle d'Aosta,Aosta,2007042,Lillianes,4,1,I (alpina)
Valle d'Aosta,Aosta,2007043,Montjovet,4,1,I (alpina)
Valle d'Aosta,Aosta,2007044,Morgex,4,1,I (alpina)
Valle d'Aosta,Aosta,2007045,Nus,4,1,I (alpina)
Valle d'Aosta,Aosta,2007046,Ollomont,4,1,I (alpina)
Valle d'Aosta,Aosta,2007047,Oyace,4,1,I (alpina)
Valle d'Aosta,Aosta,2007048,Perloz,4,1,I (alpina)
Valle d'Aosta,Aosta,2007049,Pollein,4,1,I (alpina)
Valle d'Aosta,Aosta,2007050,Pontboset,4,1,I (alpina)
Valle d'Aosta,Aosta,2007051,Pontey,4,1,I (alpina)
Valle d'Aosta,Aosta,2007052,Pont-Saint-Martin,4,1,I (alpina)
Valle d'Aosta,Aosta,2007053,Prè-Saint-Didier,3,1,I (alpina)
Valle d'Aosta,Aosta,2007054,Quart,4,1,I (alpina)
Valle d'Aosta,Aosta,2007055,Rhemes-Notre-Dame,4,1,I (alpina)
Valle d'Aosta,Aosta,2007056,Rhemes-Saint-Georges,4,1,I (alpina)
Valle d'Aosta,Aosta,2007057,Roisan,4,1,I (alpina)
Valle d'Aosta,Aosta,2007058,Saint-Christophe,4,1,I (alpina)
Valle d'Aosta,Aosta,2007059,Saint-Denis,4,1,I (alpina)
Valle d'Aosta,Aosta,2007060,Saint-Marcel,4,1,I (alpina)
Valle d'Aosta,Aosta,2007061,Saint-Nicolas,4,1,I (alpina)
Valle d'Aosta,Aosta,2007062,Saint-Oyen,4,1,I (alpina)
Valle d'Aosta,Aosta,2007063,Saint-Pierre,4,1,I (alpina)
Valle d'Aosta,Aosta,2007064,Saint-Rhemy-en-Bosses,4,1,I (alpina)
Valle d'Aosta,Aosta,2007065,Saint-Vincent,4,1,I (alpina)
Valle d'Aosta,Aosta,2007066,Sarre,4,1,I (alpina)
Valle d'Aosta,Aosta,2007067,Torgnon,4,1,I (alpina)
Valle d'Aosta,Aosta,2007068,Valgrisenche,4,1,I (alpina)
Valle d'Aosta,Aosta,2007069,Valpelline,4,1,I (alpina)
Valle d'Aosta,Aosta,2007070,Valsavarenche,4,1,I (alpina)
Valle d'Aosta,Aosta,2007071,Valtournenche,3,1,I (alpina)
Valle d'Aosta,Aosta,2007072,Verrayes,4,1,I (alpina)
Valle d'Aosta,Aosta,2007073,Verres,4,1,I (alpina)
Valle d'Aosta,Aosta,2007074,Villeneuve,4,1,I (alpina)
Veneto,Belluno,5025001,Agordo,3,1,I (alpina)
Veneto,Belluno,5025002,Alano di Piave,2,1,I (alpina)
Veneto,Belluno,5025003,Alleghe,3,1,I (alpina)
Veneto,Belluno,5025004,Arsiè,3,1,I (alpina)
Veneto,Belluno,5025005,Auronzo di Cadore,3,1,I (alpina)
Veneto,Belluno,5025006,Belluno,2,1,I (alpina)
Veneto,Belluno,5025007,Borca di Cadore,3,1,I (alpina)
Veneto,Belluno,5025008,Calalzo di Cadore,3,1,I (alpina)
Veneto,Belluno,5025023,Canale d'Agordo,3,1,I (alpina)
Veneto,Belluno,5025009,Castello Lavazzo,2,1,I (alpina)
Veneto,Belluno,5025010,Cencenighe Agordino,3,1,I (alpina)
Veneto,Belluno,5025011,Cesiomaggiore,2,1,I (alpina)
Veneto,Belluno,5025012,Chies d'Alpago,2,1,I (alpina)
Veneto,Belluno,5025013,Cibiana di Cadore,2,1,I (alpina)
Veneto,Belluno,5025014,Colle Santa Lucia,3,1,I (alpina)
Veneto,Belluno,5025015,Comelico Superiore,3,1,I (alpina)
Veneto,Belluno,5025016,Cortina d'Ampezzo,3,1,I (alpina)
Veneto,Belluno,5025017,Danta di Cadore,3,1,I (alpina)
Veneto,Belluno,5025018,Domegge di Cadore,3,1,I (alpina)
Veneto,Belluno,5025019,Falcade,3,1,I (alpina)
Veneto,Belluno,5025020,Farra d'Alpago,2,1,I (alpina)
Veneto,Belluno,5025021,Feltre,2,1,I (alpina)
Veneto,Belluno,5025022,Fonzaso,2,1,I (alpina)
Veneto,Belluno,5025024,Forno di Zoldo,3,1,I (alpina)
Veneto,Belluno,5025025,Gosaldo,3,1,I (alpina)
Veneto,Belluno,5025027,La Valle Agordina,3,1,I (alpina)
Veneto,Belluno,5025026,Lamon,3,1,I (alpina)
Veneto,Belluno,5025028,Lentiai,2,1,I (alpina)
Veneto,Belluno,5025029,Limana,2,1,I (alpina)
Veneto,Belluno,5025030,Livinallongo del Col di Lana,4,1,I (alpina)
Veneto,Belluno,5025031,Longarone,2,1,I (alpina)
Veneto,Belluno,5025032,Lorenzago di Cadore,3,1,I (alpina)
Veneto,Belluno,5025033,Lozzo di Cadore,3,1,I (alpina)
Veneto,Belluno,5025034,Mel,2,1,I (alpina)
Veneto,Belluno,5025035,Ospitale di Cadore,2,1,I (alpina)
Veneto,Belluno,5025036,Pedavena,2,1,I (alpina)
Veneto,Belluno,5025037,Perarolo di Cadore,3,1,I (alpina)
Veneto,Belluno,5025038,Pieve d'Alpago,2,1,I (alpina)
Veneto,Belluno,5025039,Pieve di Cadore,3,1,I (alpina)
Veneto,Belluno,5025040,Ponte nelle Alpi,2,1,I (alpina)
Veneto,Belluno,5025041,Puos d'Alpago,2,1,I (alpina)
Veneto,Belluno,5025042,Quero,2,1,I (alpina)
Veneto,Belluno,5025043,Rivamonte Agordino,3,1,I (alpina)
Veneto,Belluno,5025044,Rocca Pietore,3,1,I (alpina)
Veneto,Belluno,5025045,San Gregorio nelle Alpi,2,1,I (alpina)
Veneto,Belluno,5025046,San Nicolò di Comelico,3,1,I (alpina)
Veneto,Belluno,5025047,San Pietro di Cadore,3,1,I (alpina)
Veneto,Belluno,5025049,San Tomaso Agordino,3,1,I (alpina)
Veneto,Belluno,5025051,San Vito di Cadore,3,1,I (alpina)
Veneto,Belluno,5025048,Santa Giustina,2,1,I (alpina)
Veneto,Belluno,5025050,Santo Stefano di Cadore,3,1,I (alpina)
Veneto,Belluno,5025052,Sappada,2,1,I (alpina)
Veneto,Belluno,5025053,Sedico,2,1,I (alpina)
Veneto,Belluno,5025054,Selva di Cadore,3,1,I (alpina)
Veneto,Belluno,5025055,Seren del Grappa,2,1,I (alpina)
Veneto,Belluno,5025056,Sospirolo,2,1,I (alpina)
Veneto,Belluno,5025057,Soverzene,2,1,I (alpina)
Veneto,Belluno,5025058,Sovramonte,3,1,I (alpina)
Veneto,Belluno,5025059,Taibon Agordino,3,1,I (alpina)
Veneto,Belluno,5025060,Tambre,2,1,I (alpina)
Veneto,Belluno,5025061,Trichiana,2,1,I (alpina)
Veneto,Belluno,5025062,Vallada Agordina,3,1,I (alpina)
Veneto,Belluno,5025063,Valle di Cadore,3,1,I (alpina)
Veneto,Belluno,5025064,Vas,2,1,I (alpina)
Veneto,Belluno,5025065,Vigo di Cadore,3,1,I (alpina)
Veneto,Belluno,5025066,Vodo Cadore,3,1,I (alpina)
Veneto,Belluno,5025067,Voltago Agordino,3,1,I (alpina)
Veneto,Belluno,5025068,Zoldo Alto,3,1,I (alpina)
Veneto,Belluno,5025069,Zoppè di Cadore,3,1,I (alpina)
Veneto,Padova,5028001,Abano Terme,4,1,II
Veneto,Padova,5028002,Agna,4,1,II
Veneto,Padova,5028003,Albignasego,4,1,II
Veneto,Padova,5028004,Anguillara Veneta,4,1,II
Veneto,Padova,5028005,Arquà Petrarca,4,1,II
Veneto,Padova,5028006,Arre,4,1,II
Veneto,Padova,5028007,Arzergrande,4,1,II
Veneto,Padova,5028008,Bagnoli di Sopra,4,1,II
Veneto,Padova,5028009,Baone,4,1,II
Veneto,Padova,5028010,Barbona,4,1,II
Veneto,Padova,5028011,Battaglia Terme,4,1,II
Veneto,Padova,5028012,Boara Pisani,4,1,II
Veneto,Padova,5028013,Borgoricco,3,1,II
Veneto,Padova,5028014,Bovolenta,4,1,II
Veneto,Padova,5028015,Brugine,4,1,II
Veneto,Padova,5028016,Cadoneghe,4,1,II
Veneto,Padova,5028020,Campo San Martino,3,1,II
Veneto,Padova,5028017,Campodarsego,3,1,II
Veneto,Padova,5028018,Campodoro,3,1,II
Veneto,Padova,5028019,Camposampiero,3,1,II
Veneto,Padova,5028021,Candiana,4,1,II
Veneto,Padova,5028022,Carceri,4,1,II
Veneto,Padova,5028023,Carmignano di Brenta,3,1,II
Veneto,Padova,5028026,Cartura,4,1,II
Veneto,Padova,5028027,Casale di Scodosia,4,1,II
Veneto,Padova,5028028,Casalserugo,4,1,II
Veneto,Padova,5028029,Castelbaldo,4,1,II
Veneto,Padova,5028030,Cervarese Santa Croce,4,1,II
Veneto,Padova,5028031,Cinto Euganeo,4,1,II
Veneto,Padova,5028032,Cittadella,3,1,II
Veneto,Padova,5028033,Codevigo,4,1,II
Veneto,Padova,5028034,Conselve,4,1,II
Veneto,Padova,5028035,Correzzola,4,1,II
Veneto,Padova,5028036,Curtarolo,3,1,II
Veneto,Padova,5028106,Due Carrare (1),4,1,II
Veneto,Padova,5028037,Este,4,1,II
Veneto,Padova,5028038,Fontaniva,3,1,II
Veneto,Padova,5028039,Galliera Veneta,3,1,II
Veneto,Padova,5028040,Galzignano Terme,4,1,II
Veneto,Padova,5028041,Gazzo,3,1,II
Veneto,Padova,5028042,Grantorto,3,1,II
Veneto,Padova,5028043,Granze,4,1,II
Veneto,Padova,5028044,Legnaro,4,1,II
Veneto,Padova,5028045,Limena,3,1,II
Veneto,Padova,5028046,Loreggia,3,1,II
Veneto,Padova,5028047,Lozzo Atestino,4,1,II
Veneto,Padova,5028048,Maserà di Padova,4,1,II
Veneto,Padova,5028049,Masi,4,1,II
Veneto,Padova,5028050,Massanzago,3,1,II
Veneto,Padova,5028051,Megliadino San Fidenzio,4,1,II
Veneto,Padova,5028052,Megliadino San Vitale,4,1,II
Veneto,Padova,5028053,Merlara,4,1,II
Veneto,Padova,5028054,Mestrino,3,1,II
Veneto,Padova,5028055,Monselice,4,1,II
Veneto,Padova,5028056,Montagnana,4,1,II
Veneto,Padova,5028057,Montegrotto Terme,4,1,II
Veneto,Padova,5028058,Noventa Padovana,4,1,II
Veneto,Padova,5028059,Ospedaletto Euganeo,4,1,II
Veneto,Padova,5028060,Padova,4,1,II
Veneto,Padova,5028061,Pernumia,4,1,II
Veneto,Padova,5028062,Piacenza d'Adige,4,1,II
Veneto,Padova,5028063,Piazzola sul Brenta,3,1,II
Veneto,Padova,5028064,Piombino Dese,3,1,II
Veneto,Padova,5028065,Piove di Sacco,4,1,II
Veneto,Padova,5028066,Polverara,4,1,II
Veneto,Padova,5028067,Ponso,4,1,II
Veneto,Padova,5028069,Ponte San Nicolò,4,1,II
Veneto,Padova,5028068,Pontelongo,4,1,II
Veneto,Padova,5028070,Pozzonovo,4,1,II
Veneto,Padova,5028071,Rovolon,4,1,II
Veneto,Padova,5028072,Rubano,4,1,II
Veneto,Padova,5028073,Saccolongo,4,1,II
Veneto,Padova,5028074,Saletto,4,1,II
Veneto,Padova,5028075,San Giorgio delle Pertiche,3,1,II
Veneto,Padova,5028076,San Giorgio in Bosco,3,1,II
Veneto,Padova,5028077,San Martino di Lupari,3,1,II
Veneto,Padova,5028078,San Pietro in Gu,3,1,II
Veneto,Padova,5028079,San Pietro Viminario,4,1,II
Veneto,Padova,5028080,Santa Giustina in Colle,3,1,II
Veneto,Padova,5028081,Santa Margherita d'Adige,4,1,II
Veneto,Padova,5028082,Sant'Angelo di Piove di Sacco,4,1,II
Veneto,Padova,5028083,Sant'Elena,4,1,II
Veneto,Padova,5028084,Sant'Urbano,4,1,II
Veneto,Padova,5028085,Saonara,4,1,II
Veneto,Padova,5028086,Selvazzano Dentro,4,1,II
Veneto,Padova,5028087,Solesino,4,1,II
Veneto,Padova,5028088,Stanghella,4,1,II
Veneto,Padova,5028089,Teolo,4,1,II
Veneto,Padova,5028090,Terrassa Padovana,4,1,II
Veneto,Padova,5028091,Tombolo,3,1,II
Veneto,Padova,5028092,Torreglia,4,1,II
Veneto,Padova,5028093,Trebaseleghe,3,1,II
Veneto,Padova,5028094,Tribano,4,1,II
Veneto,Padova,5028095,Urbana,4,1,II
Veneto,Padova,5028096,Veggiano,3,1,II
Veneto,Padova,5028097,Vescovana,4,1,II
Veneto,Padova,5028098,Vighizzolo d'Este,4,1,II
Veneto,Padova,5028099,Vigodarzere,3,1,II
Veneto,Padova,5028100,Vigonza,4,1,II
Veneto,Padova,5028101,Villa del Conte,3,1,II
Veneto,Padova,5028102,Villa Estense,4,1,II
Veneto,Padova,5028103,Villafranca Padovana,3,1,II
Veneto,Padova,5028104,Villanova di Camposampiero,3,1,II
Veneto,Padova,5028105,Vo,4,1,II
Veneto,Rovigo,5029001,Adria,4,1,II
Veneto,Rovigo,5029002,Ariano nel Polesine,4,1,II
Veneto,Rovigo,5029003,Arquà Polesine,4,1,II
Veneto,Rovigo,5029004,Badia Polesine,4,1,II
Veneto,Rovigo,5029005,Bagnolo di Po,3,1,II
Veneto,Rovigo,5029006,Bergantino,4,1,II
Veneto,Rovigo,5029007,Bosaro,4,1,II
Veneto,Rovigo,5029008,Calto,3,1,II
Veneto,Rovigo,5029009,Canaro,3,1,II
Veneto,Rovigo,5029010,Canda,4,1,II
Veneto,Rovigo,5029011,Castelguglielmo,4,1,II
Veneto,Rovigo,5029012,Castelmassa,3,1,II
Veneto,Rovigo,5029013,Castelnovo Bariano,3,1,II
Veneto,Rovigo,5029014,Ceneselli,3,1,II
Veneto,Rovigo,5029015,Ceregnano,4,1,II
Veneto,Rovigo,5029017,Corbola,4,1,II
Veneto,Rovigo,5029018,Costa di Rovigo,4,1,II
Veneto,Rovigo,5029019,Crespino,4,1,II
Veneto,Rovigo,5029021,Ficarolo,3,1,II
Veneto,Rovigo,5029022,Fiesso Umbertiano,3,1,II
Veneto,Rovigo,5029023,Frassinelle Polesine,4,1,II
Veneto,Rovigo,5029024,Fratta Polesine,4,1,II
Veneto,Rovigo,5029025,Gaiba,3,1,II
Veneto,Rovigo,5029026,Gavello,4,1,II
Veneto,Rovigo,5029027,Giacciano con Baruchella,4,1,II
Veneto,Rovigo,5029028,Guarda Veneta,4,1,II
Veneto,Rovigo,5029029,Lendinara,4,1,II
Veneto,Rovigo,5029030,Loreo,4,1,II
Veneto,Rovigo,5029031,Lusia,4,1,II
Veneto,Rovigo,5029032,Melara,4,1,II
Veneto,Rovigo,5029033,Occhiobello,3,1,II
Veneto,Rovigo,5029034,Papozze,4,1,II
Veneto,Rovigo,5029035,Pettorazza Grimani,4,1,II
Veneto,Rovigo,5029036,Pincara,3,1,II
Veneto,Rovigo,5029037,Polesella,4,1,II
Veneto,Rovigo,5029038,Pontecchio Polesine,4,1,II
Veneto,Rovigo,5029039,Porto Tolle,4,1,II
Veneto,Rovigo,5029052,Porto Viro (1),4,1,II
Veneto,Rovigo,5029040,Rosolina,4,1,II
Veneto,Rovigo,5029041,Rovigo,4,1,II
Veneto,Rovigo,5029042,Salara,3,1,II
Veneto,Rovigo,5029043,San Bellino,4,1,II
Veneto,Rovigo,5029044,San Martino di Venezze,4,1,II
Veneto,Rovigo,5029045,Stienta,3,1,II
Veneto,Rovigo,5029046,Taglio di Po,4,1,II
Veneto,Rovigo,5029047,Trecenta,3,1,II
Veneto,Rovigo,5029048,Villadose,4,1,II
Veneto,Rovigo,5029049,Villamarzana,4,1,II
Veneto,Rovigo,5029050,Villanova del Ghebbo,4,1,II
Veneto,Rovigo,5029051,Villanova Marchesana,4,1,II
Veneto,Treviso,5026001,Altivole,2,1,I (mediterranea)
Veneto,Treviso,5026002,Arcade,3,1,I (mediterranea)
Veneto,Treviso,5026003,Asolo,2,1,I (mediterranea)
Veneto,Treviso,5026004,Borso del Grappa,2,1,I (mediterranea)
Veneto,Treviso,5026005,Breda di Piave,3,1,I (mediterranea)
Veneto,Treviso,5026006,Caerano di San Marco,2,1,I (mediterranea)
Veneto,Treviso,5026007,Cappella Maggiore,2,1,I (mediterranea)
Veneto,Treviso,5026008,Carbonera,3,1,I (mediterranea)
Veneto,Treviso,5026009,Casale sul Sile,3,1,I (mediterranea)
Veneto,Treviso,5026010,Casier,3,1,I (mediterranea)
Veneto,Treviso,5026011,Castelcucco,2,1,I (mediterranea)
Veneto,Treviso,5026012,Castelfranco Veneto,3,1,I (mediterranea)
Veneto,Treviso,5026013,Castello di Godego,3,1,I (mediterranea)
Veneto,Treviso,5026014,Cavaso del Tomba,2,1,I (mediterranea)
Veneto,Treviso,5026015,Cessalto,3,1,I (mediterranea)
Veneto,Treviso,5026016,Chiarano,3,1,I (mediterranea)
Veneto,Treviso,5026017,Cimadolmo,3,1,I (mediterranea)
Veneto,Treviso,5026018,Cison di Valmarino,2,1,I (mediterranea)
Veneto,Treviso,5026019,Codognè,2,1,I (mediterranea)
Veneto,Treviso,5026020,Colle Umberto,2,1,I (mediterranea)
Veneto,Treviso,5026021,Conegliano,2,1,I (mediterranea)
Veneto,Treviso,5026022,Cordignano,2,1,I (mediterranea)
Veneto,Treviso,5026023,Cornuda,2,1,I (mediterranea)
Veneto,Treviso,5026024,Crespano del Grappa,2,1,I (mediterranea)
Veneto,Treviso,5026025,Crocetta del Montello,2,1,I (mediterranea)
Veneto,Treviso,5026026,Farra di Soligo,2,1,I (mediterranea)
Veneto,Treviso,5026027,Follina,2,1,I (mediterranea)
Veneto,Treviso,5026028,Fontanelle,3,1,I (mediterranea)
Veneto,Treviso,5026029,Fonte,2,1,I (mediterranea)
Veneto,Treviso,5026030,Fregona,2,1,I (mediterranea)
Veneto,Treviso,5026031,Gaiarine,2,1,I (mediterranea)
Veneto,Treviso,5026032,Giavera del Montello,3,1,I (mediterranea)
Veneto,Treviso,5026033,Godega di Sant'Urbano,2,1,I (mediterranea)
Veneto,Treviso,5026034,Gorgo al Monticano,3,1,I (mediterranea)
Veneto,Treviso,5026035,Istrana,3,1,I (mediterranea)
Veneto,Treviso,5026036,Loria,2,1,I (mediterranea)
Veneto,Treviso,5026037,Mansuè,3,1,I (mediterranea)
Veneto,Treviso,5026038,Mareno di Piave,3,1,I (mediterranea)
Veneto,Treviso,5026039,Maser,2,1,I (mediterranea)
Veneto,Treviso,5026040,Maserada sul Piave,3,1,I (mediterranea)
Veneto,Treviso,5026041,Meduna di Livenza,3,1,I (mediterranea)
Veneto,Treviso,5026042,Miane,2,1,I (mediterranea)
Veneto,Treviso,5026043,Mogliano Veneto,3,1,I (mediterranea)
Veneto,Treviso,5026044,Monastier di Treviso,3,1,I (mediterranea)
Veneto,Treviso,5026045,Monfumo,2,1,I (mediterranea)
Veneto,Treviso,5026046,Montebelluna,2,1,I (mediterranea)
Veneto,Treviso,5026047,Morgano,3,1,I (mediterranea)
Veneto,Treviso,5026048,Moriago della Battaglia,2,1,I (mediterranea)
Veneto,Treviso,5026049,Motta di Livenza,3,1,I (mediterranea)
Veneto,Treviso,5026050,Nervesa della Battaglia,2,1,I (mediterranea)
Veneto,Treviso,5026051,Oderzo,3,1,I (mediterranea)
Veneto,Treviso,5026052,Ormelle,3,1,I (mediterranea)
Veneto,Treviso,5026053,Orsago,2,1,I (mediterranea)
Veneto,Treviso,5026054,Paderno del Grappa,2,1,I (mediterranea)
Veneto,Treviso,5026055,Paese,3,1,I (mediterranea)
Veneto,Treviso,5026056,Pederobba,2,1,I (mediterranea)
Veneto,Treviso,5026057,Pieve di Soligo,2,1,I (mediterranea)
Veneto,Treviso,5026058,Ponte di Piave,3,1,I (mediterranea)
Veneto,Treviso,5026059,Ponzano Veneto,3,1,I (mediterranea)
Veneto,Treviso,5026060,Portobuffolè,3,1,I (mediterranea)
Veneto,Treviso,5026061,Possagno,2,1,I (mediterranea)
Veneto,Treviso,5026062,Povegliano,3,1,I (mediterranea)
Veneto,Treviso,5026063,Preganziol,3,1,I (mediterranea)
Veneto,Treviso,5026064,Quinto di Treviso,3,1,I (mediterranea)
Veneto,Treviso,5026065,Refrontolo,2,1,I (mediterranea)
Veneto,Treviso,5026066,Resana,3,1,I (mediterranea)
Veneto,Treviso,5026067,Revine Lago,2,1,I (mediterranea)
Veneto,Treviso,5026068,Riese Pio X,2,1,I (mediterranea)
Veneto,Treviso,5026069,Roncade,3,1,I (mediterranea)
Veneto,Treviso,5026070,Salgareda,3,1,I (mediterranea)
Veneto,Treviso,5026071,San Biagio di Callalta,3,1,I (mediterranea)
Veneto,Treviso,5026072,San Fior,2,1,I (mediterranea)
Veneto,Treviso,5026073,San Pietro di Feletto,2,1,I (mediterranea)
Veneto,Treviso,5026074,San Polo di Piave,3,1,I (mediterranea)
Veneto,Treviso,5026076,San Vendemiano,2,1,I (mediterranea)
Veneto,Treviso,5026077,San Zenone degli Ezzelini,2,1,I (mediterranea)
Veneto,Treviso,5026075,Santa Lucia di Piave,2,1,I (mediterranea)
Veneto,Treviso,5026078,Sarmede,2,1,I (mediterranea)
Veneto,Treviso,5026079,Segusino,2,1,I (mediterranea)
Veneto,Treviso,5026080,Sernaglia della Battaglia,2,1,I (mediterranea)
Veneto,Treviso,5026081,Silea,3,1,I (mediterranea)
Veneto,Treviso,5026082,Spresiano,3,1,I (mediterranea)
Veneto,Treviso,5026083,Susegana,2,1,I (mediterranea)
Veneto,Treviso,5026084,Tarzo,2,1,I (mediterranea)
Veneto,Treviso,5026085,Trevignano,3,1,I (mediterranea)
Veneto,Treviso,5026086,Treviso,3,1,I (mediterranea)
Veneto,Treviso,5026087,Valdobbiadene,2,1,I (mediterranea)
Veneto,Treviso,5026088,Vazzola,3,1,I (mediterranea)
Veneto,Treviso,5026089,Vedelago,3,1,I (mediterranea)
Veneto,Treviso,5026090,Vidor,2,1,I (mediterranea)
Veneto,Treviso,5026091,Villorba,3,1,I (mediterranea)
Veneto,Treviso,5026092,Vittorio Veneto,2,1,I (mediterranea)
Veneto,Treviso,5026093,Volpago del Montello,3,1,I (mediterranea)
Veneto,Treviso,5026094,Zenson di Piave,3,1,I (mediterranea)
Veneto,Treviso,5026095,Zero Branco,3,1,I (mediterranea)
Veneto,Venezia,5027001,Annone Veneto,3,1,II
Veneto,Venezia,5027002,Campagna Lupia,4,1,II
Veneto,Venezia,5027003,Campolongo Maggiore,4,1,II
Veneto,Venezia,5027004,Camponogara,4,1,II
Veneto,Venezia,5027005,Caorle,4,1,II
Veneto,Venezia,5027044,Cavallino-Treporti (1),4,1,II
Veneto,Venezia,5027006,Cavarzere,4,1,II
Veneto,Venezia,5027007,Ceggia,3,1,II
Veneto,Venezia,5027008,Chioggia,4,1,II
Veneto,Venezia,5027009,Cinto Caomaggiore,3,1,II
Veneto,Venezia,5027010,Cona,4,1,II
Veneto,Venezia,5027011,Concordia Sagittaria,3,1,II
Veneto,Venezia,5027012,Dolo,4,1,II
Veneto,Venezia,5027013,Eraclea,4,1,II
Veneto,Venezia,5027014,Fiesso d'Artico,4,1,II
Veneto,Venezia,5027015,Fossalta di Piave,3,1,II
Veneto,Venezia,5027016,Fossalta di Portogruaro,3,1,II
Veneto,Venezia,5027017,Fossò,4,1,II
Veneto,Venezia,5027018,Gruaro,3,1,II
Veneto,Venezia,5027019,Iesolo,4,1,II
Veneto,Venezia,5027020,Marcon,3,1,II
Veneto,Venezia,5027021,Martellago,3,1,II
Veneto,Venezia,5027022,Meolo,3,1,II
Veneto,Venezia,5027023,Mira,4,1,II
Veneto,Venezia,5027024,Mirano,4,1,II
Veneto,Venezia,5027025,Musile di Piave,3,1,II
Veneto,Venezia,5027026,Noale,3,1,II
Veneto,Venezia,5027027,Noventa di Piave,3,1,II
Veneto,Venezia,5027028,Pianiga,4,1,II
Veneto,Venezia,5027029,Portogruaro,3,1,II
Veneto,Venezia,5027030,Pramaggiore,3,1,II
Veneto,Venezia,5027031,Quarto d'Altino,3,1,II
Veneto,Venezia,5027032,Salzano,3,1,II
Veneto,Venezia,5027033,San Donà di Piave,3,1,II
Veneto,Venezia,5027034,San Michele al Tagliamento,3,1,II
Veneto,Venezia,5027035,Santa Maria di Sala,3,1,II
Veneto,Venezia,5027036,Santo Stino di Livenza,3,1,II
Veneto,Venezia,5027037,Scorzè,3,1,II
Veneto,Venezia,5027038,Spinea,4,1,II
Veneto,Venezia,5027039,Stra,4,1,II
Veneto,Venezia,5027040,Teglio Veneto,3,1,II
Veneto,Venezia,5027041,Torre di Mosto,3,1,II
Veneto,Venezia,5027042,Venezia,4,1,II
Veneto,Venezia,5027043,Vigonovo,4,1,II
Veneto,Verona,5023001,Affi,3,1,II
Veneto,Verona,5023002,Albaredo d'Adige,3,1,II
Veneto,Verona,5023003,Angiari,4,1,II
Veneto,Verona,5023004,Arcole,3,1,II
Veneto,Verona,5023005,Badia Calavena,2,1,II
Veneto,Verona,5023006,Bardolino,3,1,II
Veneto,Verona,5023007,Belfiore,3,1,II
Veneto,Verona,5023008,Bevilacqua,4,1,II
Veneto,Verona,5023009,Bonavigo,4,1,II
Veneto,Verona,5023010,Boschi Sant'Anna,4,1,II
Veneto,Verona,5023011,Bosco Chiesanuova,3,1,II
Veneto,Verona,5023012,Bovolone,4,1,II
Veneto,Verona,5023013,Brentino Belluno,3,1,II
Veneto,Verona,5023014,Brenzone,2,1,II
Veneto,Verona,5023015,Bussolengo,3,1,II
Veneto,Verona,5023016,Buttapietra,3,1,II
Veneto,Verona,5023017,Caldiero,3,1,II
Veneto,Verona,5023018,Caprino Veronese,3,1,II
Veneto,Verona,5023019,Casaleone,4,1,II
Veneto,Verona,5023020,Castagnaro,4,1,II
Veneto,Verona,5023021,Castel d'Azzano,3,1,II
Veneto,Verona,5023022,Castelnuovo del Garda,3,1,II
Veneto,Verona,5023023,Cavaion Veronese,3,1,II
Veneto,Verona,5023024,Cazzano di Tramigna,3,1,II
Veneto,Verona,5023025,Cerea,4,1,II
Veneto,Verona,5023026,Cerro Veronese,3,1,II
Veneto,Verona,5023027,Cologna Veneta,3,1,II
Veneto,Verona,5023028,Colognola ai Colli,3,1,II
Veneto,Verona,5023029,Concamarise,4,1,II
Veneto,Verona,5023030,Costermano,3,1,II
Veneto,Verona,5023031,Dolcè,3,1,II
Veneto,Verona,5023032,Erbè,4,1,II
Veneto,Verona,5023033,Erbezzo,3,1,II
Veneto,Verona,5023034,Ferrara di Monte Baldo,3,1,II
Veneto,Verona,5023035,Fumane,3,1,II
Veneto,Verona,5023036,Garda,3,1,II
Veneto,Verona,5023037,Gazzo Veronese,4,1,II
Veneto,Verona,5023038,Grezzana,3,1,II
Veneto,Verona,5023039,Illasi,3,1,II
Veneto,Verona,5023040,Isola della Scala,4,1,II
Veneto,Verona,5023041,Isola Rizza,3,1,II
Veneto,Verona,5023042,Lavagno,3,1,II
Veneto,Verona,5023043,Lazise,3,1,II
Veneto,Verona,5023044,Legnago,4,1,II
Veneto,Verona,5023045,Malcesine,3,1,II
Veneto,Verona,5023046,Marano di Valpolicella,3,1,II
Veneto,Verona,5023047,Mezzane di Sotto,3,1,II
Veneto,Verona,5023048,Minerbe,4,1,II
Veneto,Verona,5023049,Montecchia di Crosara,3,1,II
Veneto,Verona,5023050,Monteforte d'Alpone,3,1,II
Veneto,Verona,5023051,Mozzecane,4,1,II
Veneto,Verona,5023052,Negrar,3,1,II
Veneto,Verona,5023053,Nogara,4,1,II
Veneto,Verona,5023054,Nogarole Rocca,4,1,II
Veneto,Verona,5023055,Oppeano,3,1,II
Veneto,Verona,5023056,Palù,3,1,II
Veneto,Verona,5023057,Pastrengo,3,1,II
Veneto,Verona,5023058,Pescantina,3,1,II
Veneto,Verona,5023059,Peschiera del Garda,3,1,II
Veneto,Verona,5023060,Povegliano Veronese,3,1,II
Veneto,Verona,5023061,Pressana,4,1,II
Veneto,Verona,5023062,Rivoli Veronese,3,1,II
Veneto,Verona,5023063,Roncà,3,1,II
Veneto,Verona,5023064,Ronco all'Adige,3,1,II
Veneto,Verona,5023065,Roverchiara,4,1,II
Veneto,Verona,5023067,Roverè Veronese,3,1,II
Veneto,Verona,5023066,Roveredo di Guà,4,1,II
Veneto,Verona,5023068,Salizzole,4,1,II
Veneto,Verona,5023069,San Bonifacio,3,1,II
Veneto,Verona,5023070,San Giovanni Ilarione,3,1,II
Veneto,Verona,5023071,San Giovanni Lupatoto,3,1,II
Veneto,Verona,5023073,San Martino Buon Albergo,3,1,II
Veneto,Verona,5023074,San Mauro di Saline,2,1,II
Veneto,Verona,5023075,San Pietro di Morubio,4,1,II
Veneto,Verona,5023076,San Pietro in Cariano,3,1,II
Veneto,Verona,5023079,San Zeno di Montagna,2,1,II
Veneto,Verona,5023072,Sanguinetto,4,1,II
Veneto,Verona,5023077,Sant'Ambrogio di Valpolicella,3,1,II
Veneto,Verona,5023078,Sant'Anna d'Alfaedo,3,1,II
Veneto,Verona,5023080,Selva di Progno,3,1,II
Veneto,Verona,5023081,Soave,3,1,II
Veneto,Verona,5023082,Sommacampagna,3,1,II
Veneto,Verona,5023083,Sona,3,1,II
Veneto,Verona,5023084,Sorgà,4,1,II
Veneto,Verona,5023085,Terrazzo,4,1,II
Veneto,Verona,5023086,Torri del Benaco,2,1,II
Veneto,Verona,5023087,Tregnago,2,1,II
Veneto,Verona,5023088,Trevenzuolo,4,1,II
Veneto,Verona,5023089,Valeggio sul Mincio,3,1,II
Veneto,Verona,5023090,Velo Veronese,3,1,II
Veneto,Verona,5023091,Verona,3,1,II
Veneto,Verona,5023092,Veronella,3,1,II
Veneto,Verona,5023093,Vestenanova,2,1,II
Veneto,Verona,5023094,Vigasio,4,1,II
Veneto,Verona,5023095,Villa Bartolomea,4,1,II
Veneto,Verona,5023096,Villafranca di Verona,3,1,II
Veneto,Verona,5023097,Zevio,3,1,II
Veneto,Verona,5023098,Zimella,3,1,II
Veneto,Vicenza,5024001,Agugliaro,4,1,I (alpina)
Veneto,Vicenza,5024002,Albettone,4,1,I (alpina)
Veneto,Vicenza,5024003,Alonte,3,1,I (alpina)
Veneto,Vicenza,5024004,Altavilla Vicentina,3,1,I (alpina)
Veneto,Vicenza,5024005,Altissimo,3,1,I (alpina)
Veneto,Vicenza,5024006,Arcugnano,3,1,I (alpina)
Veneto,Vicenza,5024007,Arsiero,3,1,I (alpina)
Veneto,Vicenza,5024008,Arzignano,3,1,I (alpina)
Veneto,Vicenza,5024009,Asiago,3,1,I (alpina)
Veneto,Vicenza,5024010,Asigliano Veneto,4,1,I (alpina)
Veneto,Vicenza,5024011,Barbarano Vicentino,3,1,I (alpina)
Veneto,Vicenza,5024012,Bassano del Grappa,3,1,I (alpina)
Veneto,Vicenza,5024013,Bolzano Vicentino,3,1,I (alpina)
Veneto,Vicenza,5024014,Breganze,3,1,I (alpina)
Veneto,Vicenza,5024015,Brendola,3,1,I (alpina)
Veneto,Vicenza,5024016,Bressanvido,3,1,I (alpina)
Veneto,Vicenza,5024017,Brogliano,3,1,I (alpina)
Veneto,Vicenza,5024018,Caldogno,3,1,I (alpina)
Veneto,Vicenza,5024019,Caltrano,3,1,I (alpina)
Veneto,Vicenza,5024020,Calvene,3,1,I (alpina)
Veneto,Vicenza,5024021,Camisano Vicentino,3,1,I (alpina)
Veneto,Vicenza,5024022,Campiglia dei Berici,4,1,I (alpina)
Veneto,Vicenza,5024023,Campolongo sul Brenta,3,1,I (alpina)
Veneto,Vicenza,5024024,Carrè,3,1,I (alpina)
Veneto,Vicenza,5024025,Cartigliano,3,1,I (alpina)
Veneto,Vicenza,5024026,Cassola,3,1,I (alpina)
Veneto,Vicenza,5024027,Castegnero,3,1,I (alpina)
Veneto,Vicenza,5024028,Castelgomberto,3,1,I (alpina)
Veneto,Vicenza,5024029,Chiampo,3,1,I (alpina)
Veneto,Vicenza,5024030,Chiuppano,3,1,I (alpina)
Veneto,Vicenza,5024031,Cismon del Grappa,3,1,I (alpina)
Veneto,Vicenza,5024032,Cogollo del Cengio,3,1,I (alpina)
Veneto,Vicenza,5024033,Conco,3,1,I (alpina)
Veneto,Vicenza,5024034,Cornedo Vicentino,3,1,I (alpina)
Veneto,Vicenza,5024035,Costabissara,3,1,I (alpina)
Veneto,Vicenza,5024036,Creazzo,3,1,I (alpina)
Veneto,Vicenza,5024037,Crespadoro,2,1,I (alpina)
Veneto,Vicenza,5024038,Dueville,3,1,I (alpina)
Veneto,Vicenza,5024039,Enego,3,1,I (alpina)
Veneto,Vicenza,5024040,Fara Vicentino,3,1,I (alpina)
Veneto,Vicenza,5024041,Foza,3,1,I (alpina)
Veneto,Vicenza,5024042,Gallio,3,1,I (alpina)
Veneto,Vicenza,5024043,Gambellara,3,1,I (alpina)
Veneto,Vicenza,5024044,Gambugliano,3,1,I (alpina)
Veneto,Vicenza,5024045,Grancona,3,1,I (alpina)
Veneto,Vicenza,5024046,Grisignano di Zocco,3,1,I (alpina)
Veneto,Vicenza,5024047,Grumolo delle Abbadesse,3,1,I (alpina)
Veneto,Vicenza,5024048,Isola Vicentina,3,1,I (alpina)
Veneto,Vicenza,5024049,Laghi,3,1,I (alpina)
Veneto,Vicenza,5024050,Lastebasse,3,1,I (alpina)
Veneto,Vicenza,5024051,Longare,3,1,I (alpina)
Veneto,Vicenza,5024052,Lonigo,3,1,I (alpina)
Veneto,Vicenza,5024053,Lugo di Vicenza,3,1,I (alpina)
Veneto,Vicenza,5024054,Lusiana,3,1,I (alpina)
Veneto,Vicenza,5024055,Malo,3,1,I (alpina)
Veneto,Vicenza,5024056,Marano Vicentino,3,1,I (alpina)
Veneto,Vicenza,5024057,Marostica,3,1,I (alpina)
Veneto,Vicenza,5024058,Mason Vicentino,3,1,I (alpina)
Veneto,Vicenza,5024059,Molvena,3,1,I (alpina)
Veneto,Vicenza,5024063,Monte di Malo,3,1,I (alpina)
Veneto,Vicenza,5024060,Montebello Vicentino,3,1,I (alpina)
Veneto,Vicenza,5024061,Montecchio Maggiore,3,1,I (alpina)
Veneto,Vicenza,5024062,Montecchio Precalcino,3,1,I (alpina)
Veneto,Vicenza,5024064,Montegalda,3,1,I (alpina)
Veneto,Vicenza,5024065,Montegaldella,3,1,I (alpina)
Veneto,Vicenza,5024066,Monteviale,3,1,I (alpina)
Veneto,Vicenza,5024067,Monticello Conte Otto,3,1,I (alpina)
Veneto,Vicenza,5024068,Montorso Vicentino,3,1,I (alpina)
Veneto,Vicenza,5024069,Mossano,3,1,I (alpina)
Veneto,Vicenza,5024070,Mussolente,2,1,I (alpina)
Veneto,Vicenza,5024071,Nanto,3,1,I (alpina)
Veneto,Vicenza,5024072,Nogarole Vicentino,3,1,I (alpina)
Veneto,Vicenza,5024073,Nove,3,1,I (alpina)
Veneto,Vicenza,5024074,Noventa Vicentina,4,1,I (alpina)
Veneto,Vicenza,5024075,Orgiano,3,1,I (alpina)
Veneto,Vicenza,5024076,Pedemonte,3,1,I (alpina)
Veneto,Vicenza,5024077,Pianezze,3,1,I (alpina)
Veneto,Vicenza,5024078,Piovene Rocchette,3,1,I (alpina)
Veneto,Vicenza,5024079,Poiana Maggiore,4,1,I (alpina)
Veneto,Vicenza,5024080,Posina,3,1,I (alpina)
Veneto,Vicenza,5024081,Pove del Grappa,2,1,I (alpina)
Veneto,Vicenza,5024082,Pozzoleone,3,1,I (alpina)
Veneto,Vicenza,5024083,Quinto Vicentino,3,1,I (alpina)
Veneto,Vicenza,5024084,Recoaro Terme,3,1,I (alpina)
Veneto,Vicenza,5024085,Roana,3,1,I (alpina)
Veneto,Vicenza,5024086,Romano d'Ezzelino,2,1,I (alpina)
Veneto,Vicenza,5024087,Rosà,3,1,I (alpina)
Veneto,Vicenza,5024088,Rossano Veneto,3,1,I (alpina)
Veneto,Vicenza,5024089,Rotzo,3,1,I (alpina)
Veneto,Vicenza,5024090,Salcedo,3,1,I (alpina)
Veneto,Vicenza,5024092,San Germano dei Berici,3,1,I (alpina)
Veneto,Vicenza,5024093,San Nazario,3,1,I (alpina)
Veneto,Vicenza,5024094,San Pietro Mussolino,3,1,I (alpina)
Veneto,Vicenza,5024096,San Vito di Leguzzano,3,1,I (alpina)
Veneto,Vicenza,5024091,Sandrigo,3,1,I (alpina)
Veneto,Vicenza,5024095,Santorso,3,1,I (alpina)
Veneto,Vicenza,5024097,Sarcedo,3,1,I (alpina)
Veneto,Vicenza,5024098,Sarego,3,1,I (alpina)
Veneto,Vicenza,5024099,Schiavon,3,1,I (alpina)
Veneto,Vicenza,5024100,Schio,3,1,I (alpina)
Veneto,Vicenza,5024101,Solagna,3,1,I (alpina)
Veneto,Vicenza,5024102,Sossano,3,1,I (alpina)
Veneto,Vicenza,5024103,Sovizzo,3,1,I (alpina)
Veneto,Vicenza,5024104,Tezze sul Brenta,3,1,I (alpina)
Veneto,Vicenza,5024105,Thiene,3,1,I (alpina)
Veneto,Vicenza,5024106,Tonezza del Cimone,3,1,I (alpina)
Veneto,Vicenza,5024107,Torrebelvicino,3,1,I (alpina)
Veneto,Vicenza,5024108,Torri di Quartesolo,3,1,I (alpina)
Veneto,Vicenza,5024110,Trissino,3,1,I (alpina)
Veneto,Vicenza,5024111,Valdagno,3,1,I (alpina)
Veneto,Vicenza,5024112,Valdastico,3,1,I (alpina)
Veneto,Vicenza,5024113,Valli del Pasubio,3,1,I (alpina)
Veneto,Vicenza,5024114,Valstagna,3,1,I (alpina)
Veneto,Vicenza,5024115,Velo d'Astico,3,1,I (alpina)
Veneto,Vicenza,5024116,Vicenza,3,1,I (alpina)
Veneto,Vicenza,5024117,Villaga,3,1,I (alpina)
Veneto,Vicenza,5024118,Villaverla,3,1,I (alpina)
Veneto,Vicenza,5024119,Zanè,3,1,I (alpina)
Veneto,Vicenza,5024120,Zermeghedo,3,1,I (alpina)
Veneto,Vicenza,5024121,Zovencedo,3,1,I (alpina)
Veneto,Vicenza,5024122,Zugliano,3,1,I (alpina)
